{"type":"FeatureCollection","features":[{"type":"Feature","properties":{"zip":"10001","income":40932},"geometry":{"type":"MultiPolygon","coordinates":[[[[-74.00997999981709,40.75260099990564],[-74.00848599998997,40.75202600014315],[-74.0084220004159,40.75215000010536],[-74.01003400024376,40.75281199985425],[-74.00992000044096,40.752998999890806],[-74.00978599964833,40.75294900002348],[-74.00987000021223,40.75282900018864],[-74.00874899975571,40.75234000032324],[-74.00865599986929,40.75246399969982],[-74.00835799994346,40.752353999737565],[-74.00787599989461,40.75364799986033],[-74.00778899985598,40.75387200002017],[-74.00720499969991,40.7546819996887],[-74.0063040002497,40.75593599995329],[-74.00614500024103,40.75618900011776],[-74.0058480001401,40.7559359999533],[-74.00559299987198,40.75589300026803],[-74.00528800027347,40.75630799972501],[-74.0048050003997,40.75697099985882],[-74.003841000302,40.75829700002308],[-74.00338299964429,40.75893000010522],[-74.00316000006154,40.75923800024084],[-74.00284299986913,40.759686000241196],[-74.000066999927,40.758403000016244],[-74.00013800007211,40.75830699987559],[-74.00058400013593,40.757693000289876],[-74.00105500031414,40.7570669998875],[-74.00149999965477,40.75645200013144],[-74.00081799958936,40.75616199978843],[-73.99866099996342,40.75525200014301],[-73.99843199963456,40.755562999842816],[-73.99796399982941,40.75536399999685],[-73.99732799979479,40.75509699990035],[-73.99684699957085,40.75528699986241],[-73.99677200012609,40.75525499969193],[-73.99665499995022,40.755205999783826],[-73.99655100019316,40.75516399993107],[-73.99641200027598,40.75510900016472],[-73.99638799998654,40.75510000013679],[-73.99623300017583,40.75503699990699],[-73.99535399956864,40.75468800019886],[-73.99581600042433,40.7540569998353],[-73.99561999970742,40.75397300001249],[-73.99546800026978,40.753908999752184],[-73.9952530001846,40.7542189999716],[-73.99338600008859,40.753428999919315],[-73.99360000034885,40.75311700010903],[-73.99297900038282,40.75285399983182],[-73.9925280002961,40.75347399981688],[-73.98969399972935,40.75227999988329],[-73.9901339999454,40.75165899997558],[-73.98777899995275,40.75066099989542],[-73.98729400042917,40.75045100030166],[-73.98679399993868,40.75024100004466],[-73.98441999967942,40.74924600027885],[-73.98407599972285,40.749101999917336],[-73.98456000031985,40.74843900025532],[-73.98504599966833,40.74777300022173],[-73.98549599993014,40.74715199973601],[-73.98594899966665,40.74653599970714],[-73.98639300008065,40.74592099986065],[-73.98684599981719,40.745301000228906],[-73.98729799972882,40.74468200004367],[-73.9877460003408,40.74406600027625],[-73.98819400005445,40.743451000048466],[-73.98901099983905,40.74379599966474],[-73.98897800022708,40.743965000208576],[-73.98896099961033,40.74404899974323],[-73.98939800035166,40.74410600007195],[-73.98932499965841,40.74432800013432],[-73.99048100027504,40.74480999988928],[-73.99070100038307,40.74450200029062],[-73.99141900043347,40.744802000288956],[-73.99187100034507,40.74418600027182],[-73.99206299996571,40.74391900020776],[-73.99493400034238,40.74507299999527],[-73.99502999970353,40.744941000183374],[-73.9951610001231,40.74476300001181],[-73.99635799984932,40.74526200024438],[-73.99735899975693,40.745680000021984],[-73.99768299962203,40.745816000148466],[-73.99800900003527,40.74595199999675],[-73.99755200010077,40.746581000186346],[-73.998460000122,40.74695799999552],[-73.9991379999894,40.747241000087094],[-74.00039900018803,40.747766999768025],[-74.00070299996163,40.7473460002717],[-74.00117699961456,40.74754899993162],[-74.00109100029916,40.74767000018504],[-74.00298699980915,40.74846499991289],[-74.00307200019797,40.74834700028599],[-74.00313499994718,40.74837399970584],[-74.00327200021452,40.748178999717744],[-74.0035099998659,40.74828000019126],[-74.00368399994318,40.74835500014048],[-74.00425100038083,40.74859299996353],[-74.00652900038061,40.74955299997545],[-74.00828000012565,40.75027200020857],[-74.00836700016428,40.750308000205216],[-74.00846400024868,40.75034099973124],[-74.00842900008857,40.75059400009058],[-74.00837999968478,40.75083600018445],[-74.0083129997376,40.75108000012979],[-74.00822999989694,40.7513219998159],[-74.00813100016273,40.75156100026683],[-74.0080159996367,40.751793999768374],[-74.00856899983064,40.751841999795026],[-74.00854999956407,40.75188300003131],[-74.00894700012242,40.75201300033131],[-74.01014800004658,40.75252399997375],[-74.01010100019091,40.75262099996178],[-74.00997999981709,40.75260099990564]],[[-73.99859400001627,40.750241000044674],[-73.99812000036334,40.75090299974539],[-73.9987570002229,40.75115699969241],[-73.99930500039397,40.751376000311794],[-74.00097499994818,40.75205500013306],[-74.00143000023284,40.751445000049905],[-73.99859400001627,40.750241000044674]],[[-73.9948439999307,40.750292999982165],[-73.99293599982681,40.74949100032387],[-73.9920060000643,40.749101000201954],[-73.99156300037353,40.74970600011968],[-73.99110999973868,40.75031900027588],[-73.99062299966694,40.75099199983997],[-73.9934639999064,40.752189999802354],[-73.99394799960507,40.75152199987037],[-73.99678999966945,40.75272300015431],[-73.99724999997697,40.75208299975935],[-73.99768000014728,40.751438999927586],[-73.9948439999307,40.750292999982165]]]]}},{"type":"Feature","properties":{"zip":"10002","income":24022},"geometry":{"type":"MultiPolygon","coordinates":[[[[-73.99709199979324,40.714617999751084],[-73.99680599956297,40.7150370002876],[-73.99653199992659,40.71547299989881],[-73.99605900009858,40.71623199968122],[-73.9954289999117,40.717279000204826],[-73.99480799994568,40.71845699994208],[-73.99442200015632,40.719391999866325],[-73.9943779997754,40.71951899987266],[-73.99426499979747,40.71978199988188],[-73.99403499964372,40.72032299968323],[-73.9937950003425,40.72093699980032],[-73.99366899994581,40.72125599968237],[-73.99352300035596,40.72163199991949],[-73.993258999867,40.72235299992289],[-73.99308899998769,40.722818999869865],[-73.99261799980948,40.72409900012502],[-73.99260399956579,40.72413600008173],[-73.99125600022684,40.723723000207954],[-73.99102199987512,40.72364899981477],[-73.99027399968749,40.723426000082796],[-73.98939199960556,40.72317399996881],[-73.98864299959303,40.722933000096525],[-73.9878650001665,40.72269699991267],[-73.98713600024543,40.72246899981731],[-73.98628500012563,40.72224199974075],[-73.98586300035126,40.72209999971016],[-73.98557499957283,40.72249299986413],[-73.98401799999652,40.721835999883666],[-73.98406900005017,40.72176700006591],[-73.98373000011644,40.72160599998597],[-73.98382399982778,40.72147299977421],[-73.98300299984521,40.7212230000237],[-73.98216699979403,40.72096900014345],[-73.98130800017664,40.7207089998036],[-73.97973499980849,40.72023500023144],[-73.97875300016746,40.71993400026771],[-73.97803400029213,40.719640000049964],[-73.9779820004136,40.719701000134755],[-73.97748100009818,40.72034599967554],[-73.97744599993807,40.72033200033238],[-73.97730399964786,40.72027299976141],[-73.97655899983327,40.719966999884534],[-73.97651399962744,40.71995000000142],[-73.97645599990112,40.71992900017991],[-73.97586699972216,40.7197519999618],[-73.97532600012208,40.7195319999079],[-73.97499499968598,40.7197840001938],[-73.97509299959526,40.71898399999181],[-73.97511900043284,40.71875300028075],[-73.97499499968598,40.718745999761204],[-73.97492299971594,40.71876599978467],[-73.97487400021045,40.71877899996697],[-73.97508300044784,40.717722000059325],[-73.97559499973559,40.716369000299814],[-73.97610100007388,40.71540300007242],[-73.97631799980886,40.71496700000282],[-73.97634399974814,40.71491700014342],[-73.97639999982462,40.714930999944436],[-73.9764540002513,40.714948999976016],[-73.97655399981042,40.71497799978983],[-73.97661400008487,40.71499500026173],[-73.97665000006988,40.714944999742464],[-73.97668000020711,40.71490000033248],[-73.97668900042792,40.71488599984403],[-73.97661699955961,40.71486400023783],[-73.97651299980252,40.714832999913774],[-73.9765460003128,40.71477599969759],[-73.97648699986327,40.714761000313494],[-73.97642900013693,40.71474699979586],[-73.97654499958959,40.714521999729804],[-73.97724500009663,40.713153000301304],[-73.97767500026693,40.712353000080256],[-73.9777780001991,40.71220600007605],[-73.97785099999403,40.71210800011992],[-73.97801300037574,40.71191999992545],[-73.97819300030079,40.711741000329894],[-73.9783899999443,40.711574000201],[-73.97868700004521,40.71137500016107],[-73.97902199978097,40.711195999781346],[-73.97947000039295,40.711017999888995],[-73.97963100005141,40.71097099997188],[-73.98004500032822,40.71087000005227],[-73.98055400014124,40.710807000146204],[-73.98100299967979,40.710765000175726],[-73.98178000017974,40.710716999787834],[-73.98192199957165,40.71065899984054],[-73.98457299984031,40.710448000321996],[-73.98465499985608,40.7104649999078],[-73.98466499990182,40.7105140000916],[-73.98660499979279,40.710283999889135],[-73.98938400010796,40.70995399992823],[-73.98938699958268,40.70989099983645],[-73.98976300022464,40.70984199987517],[-73.9904229996504,40.70974199991183],[-73.99079099989645,40.70969099990669],[-73.99175900019209,40.70955399984653],[-73.99187200016999,40.709538000338036],[-73.99193900011714,40.70952799996233],[-73.99197400027724,40.70952200014478],[-73.99201500028514,40.7095150000164],[-73.99218500016443,40.70948799980638],[-73.99572500018772,40.70893899997069],[-73.9960049996719,40.70889500022576],[-73.9960320003344,40.70899799969129],[-73.99604400002994,40.709047999909956],[-73.99606300029652,40.70911899992434],[-73.99622200030518,40.70918099975032],[-73.99635399965133,40.70978500015282],[-73.99644400006304,40.71019900032384],[-73.99678200017183,40.71136399977885],[-73.99694700002829,40.71207199987748],[-73.99711699990759,40.712799000131156],[-73.99730000020571,40.713467999712705],[-73.9975040004202,40.71406899999561],[-73.99709199979324,40.714617999751084]]]]}},{"type":"Feature","properties":{"zip":"10003","income":60891},"geometry":{"type":"MultiPolygon","coordinates":[[[[-73.99910799985217,40.73162700012531],[-73.99861199955961,40.73221500023633],[-73.99697399979246,40.7314089998034],[-73.99663900005672,40.73185600013457],[-73.99635100017663,40.732254999670786],[-73.9959140003336,40.732847000197104],[-73.99548900018618,40.73343700031956],[-73.99504999979503,40.734034000248656],[-73.99458500036295,40.734672000222766],[-73.9941180003827,40.73531299997278],[-73.99361700006727,40.73600499997855],[-73.99311999994983,40.73669100018211],[-73.9926539997945,40.73732999975338],[-73.9922250003474,40.73791699994867],[-73.99179799965185,40.73850399972885],[-73.99137500005254,40.739088000176984],[-73.99094499988222,40.73967300011962],[-73.99043100004631,40.7394560001571],[-73.99029600032712,40.73964300031755],[-73.99022000015913,40.73961100010533],[-73.99014300016624,40.73971799979742],[-73.98998300033266,40.73965000000031],[-73.99001500011971,40.73960600013459],[-73.98999900022619,40.739598999766535],[-73.99003000018834,40.739554000008276],[-73.99001199974666,40.73954700031542],[-73.99004600008186,40.73949900026236],[-73.99002599999037,40.73949100002328],[-73.99013599959522,40.739331999666206],[-73.98976499987447,40.73917699974846],[-73.98772600024931,40.738316999769715],[-73.98683499994654,40.73794099986957],[-73.9861200002692,40.73763999966701],[-73.9853870001502,40.73733200021853],[-73.98509500007214,40.73775799991327],[-73.9849810002693,40.73792700014367],[-73.98408199957063,40.737545999955564],[-73.98437299982378,40.73714499968748],[-73.98441999967942,40.737082000143666],[-73.98403899991293,40.73691899988021],[-73.98391099986641,40.73709299967939],[-73.98311099980023,40.73675599989805],[-73.98294400029398,40.73698400005404],[-73.9825450000858,40.736816000050716],[-73.98271199959208,40.73658799999963],[-73.98246100042022,40.73648199994262],[-73.98267300013232,40.736189999811195],[-73.98265999971353,40.73618500026402],[-73.98257199985,40.736148000199705],[-73.98226700025147,40.736020000020915],[-73.97986399967992,40.73497500009588],[-73.98027499958366,40.73440999976812],[-73.98071099960174,40.73381299980937],[-73.98112700042667,40.73324200010226],[-73.98156199972155,40.732642999948226],[-73.98202200002908,40.732012000064096],[-73.98256400035238,40.73136100000503],[-73.98307700036338,40.73065900010393],[-73.98354299962037,40.73002099977018],[-73.9840089997757,40.7293810001033],[-73.98444800016684,40.72878099988827],[-73.98487499996412,40.72819400009506],[-73.98530699978424,40.72759900026235],[-73.98575299984807,40.72698799979469],[-73.9861760003457,40.72640900029506],[-73.98662300023443,40.725795999663056],[-73.98705300040476,40.72520300032435],[-73.98750199994332,40.72458400033558],[-73.98796800009863,40.7239419999327],[-73.98845099997239,40.723276999811915],[-73.98864299959303,40.722933000096525],[-73.98939199960556,40.72317399996881],[-73.99027399968749,40.723426000082796],[-73.99102199987512,40.72364899981477],[-73.99125600022684,40.723723000207954],[-73.99260399956579,40.72413600008173],[-73.99232599973143,40.724909000232564],[-73.99220899955557,40.725230999681784],[-73.99213199956269,40.72544500021732],[-73.99206100031589,40.72564200027382],[-73.99179400035219,40.72639099995829],[-73.99163799981827,40.72683299970991],[-73.99219600003508,40.72709600009277],[-73.9922510002867,40.72703099978939],[-73.99285399981103,40.72735299986403],[-73.99290200038993,40.72729700019979],[-73.99343200011934,40.72753199969055],[-73.993146999714,40.727866999832884],[-73.9937240001974,40.72815200020127],[-73.994252000277,40.72841200005789],[-73.99405200026047,40.72864799971853],[-73.99374699976362,40.72900800012701],[-73.9945469998298,40.7294059997112],[-73.9948780002659,40.72902199968758],[-73.99506099966568,40.72880999980298],[-73.99581200022637,40.72918000016413],[-73.99657200010958,40.72955199984788],[-73.99735999958185,40.729941000233524],[-73.99807199978446,40.730287999799515],[-73.99848799971106,40.730493999770744],[-73.99884199971339,40.73066900002844],[-73.99960400014471,40.731043000211066],[-73.99936599959503,40.73132299999826],[-73.99910799985217,40.73162700012531]]]]}},{"type":"Feature","properties":{"zip":"10004","income":101868},"geometry":{"type":"MultiPolygon","coordinates":[[[[-74.02644600039739,40.68614300028555],[-74.0262079998477,40.68644199977824],[-74.02557400036122,40.687010999789095],[-74.02464600024852,40.68792099966532],[-74.02377199966419,40.68869200011897],[-74.02246799980787,40.689922000276646],[-74.02149399966443,40.69083999986617],[-74.02086299965268,40.69141599977582],[-74.02062300035148,40.69164300005632],[-74.02020599970164,40.69202699978142],[-74.01985400024746,40.69289100009638],[-74.01983800035391,40.69303600007151],[-74.01966400027665,40.69316399982014],[-74.01948699982634,40.69322200001907],[-74.0192109996418,40.69323200011871],[-74.01842599964425,40.69327699986745],[-74.01800100039513,40.69327299969424],[-74.01750299955444,40.6932680003288],[-74.01684200030377,40.69334000000953],[-74.01676100011292,40.69334300030671],[-74.01645999981403,40.69327699986746],[-74.0161469998196,40.69322000027142],[-74.01564600040248,40.69311800011969],[-74.01539000030944,40.69306300014003],[-74.01519899961542,40.693020000000466],[-74.01487999977319,40.69296099974801],[-74.01427100040107,40.69284299976741],[-74.01417799961632,40.69280000016696],[-74.0136620001306,40.692329999668054],[-74.01345899974102,40.692131000021455],[-74.0134160000833,40.692119999866236],[-74.01313900007386,40.69218299974004],[-74.01271899994929,40.69227299994298],[-74.01257300035944,40.69230399987116],[-74.01252200030581,40.6923390000145],[-74.0125080000621,40.692361000250884],[-74.01240799960469,40.692493000154286],[-74.01238000001558,40.69253199973516],[-74.01233200033501,40.692560999775395],[-74.01226200001481,40.69257500018961],[-74.01218199964886,40.69259200025079],[-74.01211800007478,40.69260599997736],[-74.01204199990678,40.69248399982861],[-74.01183799969228,40.692154000216334],[-74.01187200002747,40.692112999952194],[-74.0119029999896,40.692091000315116],[-74.01193499977666,40.692083999716964],[-74.0120079995716,40.692068000098466],[-74.01203000021121,40.69206399985265],[-74.01213599961812,40.69203999973517],[-74.01220099991544,40.692044999873865],[-74.0123599999241,40.69210799981861],[-74.01244600013786,40.69213000013126],[-74.01246200003135,40.69221299982116],[-74.01253999984915,40.692197000233676],[-74.01282899955416,40.692138999823605],[-74.01324200000603,40.692056000041525],[-74.01332800021976,40.69202699978142],[-74.01332599967161,40.691986000120274],[-74.01325700007465,40.691917000018925],[-74.01319500015038,40.691954000151256],[-74.0129299998365,40.69167299969946],[-74.01286600026238,40.69154700029012],[-74.01283399957704,40.69151699990909],[-74.01273400001791,40.69146199997015],[-74.01262500023796,40.69140899978788],[-74.01257599983417,40.691273000168266],[-74.01254599969694,40.691192999701414],[-74.01248999962044,40.69113399987456],[-74.01220599993832,40.69112400014118],[-74.01222500020488,40.69077500026374],[-74.01222400037997,40.690441000017984],[-74.012252999794,40.69026199990896],[-74.01225100014416,40.69006099969287],[-74.01227700008342,40.68981999984433],[-74.01228899977899,40.689586999913814],[-74.01230600039574,40.68928100001586],[-74.01270300005578,40.68878999979211],[-74.0128870001788,40.68855699966595],[-74.01307600032467,40.688312000037456],[-74.01316900021111,40.68815499992151],[-74.01347200015981,40.68801200012747],[-74.01424299991365,40.68759699968321],[-74.0148809995981,40.68725400018686],[-74.01524899984415,40.68726399981986],[-74.0157590003804,40.68729300010933],[-74.01600000040482,40.68730900019316],[-74.01620500044423,40.687219000097286],[-74.01650400019496,40.68707499969106],[-74.01702899990151,40.68685599995275],[-74.01710400024459,40.686826000184475],[-74.01849500013955,40.68621700012998],[-74.018956000272,40.68597000010769],[-74.02027099999897,40.68538400021226],[-74.02053899978758,40.68525899980372],[-74.02061699960538,40.68522300003499],[-74.02067600005492,40.685196000195674],[-74.0210750002631,40.685016000306035],[-74.02153999969518,40.68480699993406],[-74.0220119996983,40.68459400025607],[-74.02212999969909,40.68454100006093],[-74.02244299969352,40.684381999903806],[-74.0225540000216,40.68433200024302],[-74.02273499977157,40.68425300030737],[-74.02283299968086,40.68420999993224],[-74.02298500001682,40.68415000004371],[-74.0232729998969,40.684055999723654],[-74.0234059999663,40.68401199989071],[-74.02353599966264,40.68397000005397],[-74.02372900000648,40.68394299970702],[-74.02391599960424,40.683925000150865],[-74.02410599957503,40.68392000008407],[-74.02437199971381,40.68392800019078],[-74.02475400020354,40.68399499968424],[-74.0251170004267,40.68407599994781],[-74.0253349999866,40.684116999707314],[-74.0255469996987,40.68418399969198],[-74.02584299997471,40.684346999668314],[-74.02611199958822,40.68458100021211],[-74.02628099964262,40.68474799990269],[-74.02648599968205,40.685034000248784],[-74.0265889996142,40.685286000298774],[-74.02662799997226,40.68550399975714],[-74.02660700005588,40.68588100023103],[-74.02644600039739,40.68614300028555]]],[[[-74.01765200041568,40.704057000043804],[-74.01754899958522,40.704280999671624],[-74.0167669999607,40.70458299996554],[-74.01663700026435,40.70463300009407],[-74.01662800004353,40.704799000224256],[-74.01660600030222,40.704962999864534],[-74.01658100018786,40.70496799971438],[-74.01655799972333,40.7049760000181],[-74.01653599998201,40.704987000093624],[-74.01651699971544,40.7050000002425],[-74.01650099982193,40.70501600016028],[-74.01648800030144,40.705032999770765],[-74.01648400010349,40.705050000057916],[-74.01647499988265,40.70507000010979],[-74.01626599964528,40.705638999716264],[-74.01611300038272,40.706041000204685],[-74.01606499980382,40.706233999727765],[-74.01602600034407,40.7063919998207],[-74.0151619998055,40.70618899987834],[-74.0156539999001,40.704937000230885],[-74.01565600044823,40.704883000173545],[-74.01538199991353,40.70484900019061],[-74.01527200030867,40.70482999977198],[-74.01516299963042,40.70480499978639],[-74.01508099961465,40.705173000043445],[-74.01505499967539,40.70524499979668],[-74.0146200003805,40.706139999917006],[-74.01439699989943,40.70609999976891],[-74.01432499992943,40.706233999727765],[-74.01413699960844,40.7061730002424],[-74.01325399970159,40.70587099966745],[-74.0125080000621,40.706766999898385],[-74.01240000010708,40.70678500009412],[-74.01187299985239,40.7065520002483],[-74.01118999996207,40.70627799986888],[-74.01042000003315,40.70599800027001],[-74.0102760000931,40.70594599975763],[-74.01046799971371,40.70565100005056],[-74.01071100028629,40.705740000079075],[-74.01070200006546,40.705412999826194],[-74.01061199965376,40.70509900014026],[-74.00998400001505,40.705148000186554],[-74.00902900013821,40.70531000026374],[-74.00892899968076,40.704973999942254],[-74.00890199991659,40.704860999986245],[-74.00946199978324,40.70454500033311],[-74.00910299975804,40.70419300012659],[-74.00898599958218,40.70407899981568],[-74.00854100024156,40.70369700020677],[-74.00797999965168,40.70318899990357],[-74.00794899968955,40.70313999977801],[-74.00792600012332,40.70310799971826],[-74.0079029996588,40.70307900018287],[-74.00786500002395,40.70301999998545],[-74.00785099978026,40.70299999999896],[-74.00781399997032,40.70289200010454],[-74.0077269999317,40.70280199994527],[-74.00801800018483,40.70261800033081],[-74.0091699997052,40.701858999953245],[-74.00877700024311,40.7011820001187],[-74.00777499961227,40.701615999697744],[-74.00744999992226,40.70133100012663],[-74.00839800012642,40.700911000077255],[-74.00824900016352,40.70070799977378],[-74.00861400003649,40.700464000321375],[-74.00953499957816,40.701778000193585],[-74.01071399976101,40.70149399970322],[-74.01117400006856,40.70115499993535],[-74.01095700033358,40.700193999852154],[-74.01234499985549,40.700158999749036],[-74.01358299958957,40.700371000305985],[-74.01367300000125,40.70087499991091],[-74.01376800043582,40.700905000164354],[-74.01395099983559,40.70093799967846],[-74.0141330003088,40.700525000268264],[-74.0150069999948,40.70091799974793],[-74.01513800041437,40.700840999925106],[-74.01567800018954,40.70125600028772],[-74.01579399964217,40.70134700024478],[-74.01590999999313,40.701460999783585],[-74.01629300030777,40.70180899978534],[-74.01676899961052,40.702292999888336],[-74.01721200019962,40.70276800026207],[-74.0174620004449,40.70308200004145],[-74.01760700020985,40.70334000031395],[-74.01767099978393,40.703630000092346],[-74.01768699967747,40.703855999903695],[-74.01765200041568,40.704057000043804]]],[[[-74.01800800006784,40.70593499984051],[-74.0179779999306,40.70606000027777],[-74.01793000025002,40.70617500028221],[-74.01786900015065,40.70634900011267],[-74.01778899978471,40.706519000110696],[-74.01769000005051,40.70668300028238],[-74.0175750004228,40.70684000032167],[-74.01712000013812,40.70746200017919],[-74.01673400034873,40.707299000226485],[-74.01645599961607,40.707188000138935],[-74.01673199980061,40.706483999926256],[-74.01699499956632,40.70580000027602],[-74.01733900042125,40.70489499996307],[-74.01741999971378,40.70493099999964],[-74.01757000039993,40.7050230000805],[-74.01770400029422,40.705130999924414],[-74.01781800009705,40.70525300006714],[-74.01786199957964,40.705317999845356],[-74.0179069997855,40.70538599999597],[-74.0179710002579,40.70552400014828],[-74.01800800006784,40.705664999756834],[-74.01801899993848,40.70580300001203],[-74.01800800006784,40.70593499984051]]],[[[-74.04719199989435,40.69092600020672],[-74.04718699987147,40.69093699987794],[-74.04714900023664,40.69098500021777],[-74.04709900000793,40.69101799987788],[-74.04704100028162,40.691040999775865],[-74.04696500011363,40.691051000202854],[-74.04653599976822,40.69107599990147],[-74.04648700026276,40.69107799971351],[-74.04630899998752,40.69108999994657],[-74.04617699974305,40.69109199975817],[-74.04616400022256,40.69109799987376],[-74.04614300030616,40.69112300023583],[-74.04611300016894,40.69112500004643],[-74.04598234506204,40.69110904237294],[-74.04598163845822,40.6911088195441],[-74.0459700000538,40.69110300008314],[-74.04542699990559,40.6908950003185],[-74.04503400044351,40.69073100009873],[-74.04456999993802,40.690559000165536],[-74.04388500039789,40.690185000029985],[-74.04386299975826,40.69016600019654],[-74.0436021180121,40.68982327398523],[-74.0435072723157,40.68969559360125],[-74.04350554728582,40.68969640580521],[-74.04346717639903,40.68964599653597],[-74.04346883463384,40.689645224394155],[-74.04351768440435,40.68919926710221],[-74.04364209745391,40.68877479350168],[-74.0439758970191,40.68859064104901],[-74.04438652939302,40.68852441179806],[-74.04478530330161,40.68860389331436],[-74.04625197237897,40.689323525822964],[-74.04648499971461,40.68958899977053],[-74.04669699755554,40.689834341276665],[-74.04680416160052,40.689961490346576],[-74.04680604220829,40.68996053594582],[-74.0468968858718,40.69006566661693],[-74.04689336738724,40.69006733190777],[-74.04718170657546,40.690409439196635],[-74.04718299967352,40.69041099982018],[-74.04715000006156,40.69042699983652],[-74.04704100028162,40.69048299986359],[-74.04703100023589,40.69056000007935],[-74.04702700003791,40.69058900029672],[-74.0470479999543,40.690626999716976],[-74.0471459998636,40.69071500015536],[-74.04719000024454,40.69078599995991],[-74.04719600009231,40.690794999833784],[-74.04720699996298,40.690843000275905],[-74.04720699996298,40.69089299981985],[-74.04719199989435,40.69092600020672]]]]}},{"type":"Feature","properties":{"zip":"10005","income":79517},"geometry":{"type":"MultiPolygon","coordinates":[[[[-74.01194700037054,40.707452000172665],[-74.01170299997307,40.70775599969925],[-74.01124799968841,40.70830400010705],[-74.01020099975004,40.707693999908486],[-74.00982900020438,40.70811699971798],[-74.0108460000055,40.708797000163266],[-74.01054200023188,40.70915400008583],[-74.01014700022166,40.70897600018249],[-74.0099930002359,40.709191000178166],[-74.00981900015861,40.70911699997291],[-74.0097399996176,40.70919700002555],[-74.00939800020913,40.709019000237156],[-74.00912600022257,40.70929399986681],[-74.00889299969575,40.70904400000276],[-74.00800399994114,40.70797700018636],[-74.008269000255,40.70772199982115],[-74.00778200018328,40.70742000014181],[-74.00798899987251,40.70718400012005],[-74.00760499973296,40.70692199972231],[-74.00773899962726,40.70676299985418],[-74.00713000025512,40.70637499987612],[-74.00678100027567,40.70672399975148],[-74.0060210003925,40.70614199995778],[-74.00552199972687,40.70579099970515],[-74.0047490003232,40.70523199969571],[-74.0051939996638,40.704944999857354],[-74.00541700014489,40.70480299970541],[-74.00629300037903,40.70423399976659],[-74.00704700041445,40.70375000014795],[-74.00776600028975,40.70331600017239],[-74.00797999965168,40.70318899990357],[-74.00854100024156,40.70369700020677],[-74.00898599958218,40.70407899981568],[-74.00910299975804,40.70419300012659],[-74.00946199978324,40.70454500033311],[-74.00890199991659,40.704860999986245],[-74.00892899968076,40.704973999942254],[-74.00902900013821,40.70531000026374],[-74.00998400001505,40.705148000186554],[-74.01061199965376,40.70509900014026],[-74.01070200006546,40.705412999826194],[-74.01071100028629,40.705740000079075],[-74.01046799971371,40.70565100005056],[-74.0102760000931,40.70594599975763],[-74.01042000003315,40.70599800027001],[-74.01118999996207,40.70627799986888],[-74.01187299985239,40.7065520002483],[-74.01240000010708,40.70678500009412],[-74.0125080000621,40.706766999898385],[-74.01194700037054,40.707452000172665]]]]}},{"type":"Feature","properties":{"zip":"10006","income":81334},"geometry":{"type":"MultiPolygon","coordinates":[[[[-74.01583399982515,40.70698400023183],[-74.01576500022817,40.7071479999394],[-74.01574900033465,40.70718600012951],[-74.01569300025815,40.70730399990094],[-74.01561100024239,40.70748600018863],[-74.0155910001509,40.70753099984265],[-74.01552800040172,40.707671999968824],[-74.0155130003331,40.707707000209844],[-74.01520199998848,40.708456000141986],[-74.01485600038207,40.70939399982198],[-74.0146970003734,40.70977899967745],[-74.0145349999917,40.71037499976819],[-74.01435800043969,40.711005999840886],[-74.01414699965419,40.71221299992148],[-74.01369999976544,40.71366799987325],[-74.01255300026794,40.713147000129446],[-74.0116629997901,40.712797999870276],[-74.01012200010732,40.71208500000513],[-74.010465000239,40.71153500019212],[-74.01080099979966,40.71101700028226],[-74.01123199979489,40.71036700011306],[-74.00998800021301,40.709805999769486],[-74.01054200023188,40.70915400008583],[-74.0108460000055,40.708797000163266],[-74.01101199968684,40.70859400006142],[-74.01124799968841,40.70830400010705],[-74.01170299997307,40.70775599969925],[-74.01194700037054,40.707452000172665],[-74.0125080000621,40.706766999898385],[-74.01325399970159,40.70587099966745],[-74.01413699960844,40.7061730002424],[-74.01432499992943,40.706233999727765],[-74.01439699989943,40.70609999976891],[-74.0146200003805,40.706139999917006],[-74.01505499967539,40.70524499979668],[-74.01508099961465,40.705173000043445],[-74.01516299963042,40.70480499978639],[-74.01527200030867,40.70482999977198],[-74.01538199991353,40.70484900019061],[-74.01565600044823,40.704883000173545],[-74.0156539999001,40.704937000230885],[-74.0151619998055,40.70618899987834],[-74.01602600034407,40.7063919998207],[-74.01595600002388,40.706679999905],[-74.01583399982515,40.70698400023183]]]]}},{"type":"Feature","properties":{"zip":"10007","income":112947},"geometry":{"type":"MultiPolygon","coordinates":[[[[-74.01323199996028,40.715061000290476],[-74.01319500015038,40.71520299967658],[-74.01310200026397,40.715618999961244],[-74.01302500027106,40.71595199972188],[-74.01292099961566,40.71639800017591],[-74.01273099964487,40.717114000060384],[-74.01255999994063,40.7170339999876],[-74.01162699980509,40.716601999839604],[-74.01137699955986,40.716488999869455],[-74.01096800020423,40.71630300020597],[-74.00923900020047,40.71552000004246],[-74.00899599962791,40.71580699992455],[-74.00774100017539,40.71517899972491],[-74.00754399963358,40.71543299990973],[-74.00709699974485,40.71599799999548],[-74.00667400014555,40.71653199983854],[-74.00624899999809,40.717076000088824],[-74.00453300041313,40.71628000017853],[-74.00497600010392,40.71575999998349],[-74.00541999961962,40.71523600027696],[-74.00402000040215,40.71455900024378],[-74.00340399956067,40.71415100002718],[-74.00309399993928,40.71395800029858],[-74.00259799964674,40.71431299999192],[-74.00242699994251,40.71462699980983],[-74.00211499977299,40.71515899998548],[-74.001313000057,40.714787000197035],[-74.00074599961933,40.71451000031315],[-74.00096800027549,40.71390599987384],[-74.00156900015003,40.713684999998755],[-74.00125699998051,40.713495999921136],[-74.00093200029048,40.71326299972471],[-74.0008910002826,40.71301500029727],[-74.00210499972722,40.71273600000743],[-74.00270899997481,40.71259700023702],[-74.00310900000791,40.712275999859116],[-74.0037700001569,40.71188100011923],[-74.00390300022627,40.71183600000018],[-74.00397099999834,40.711822000229304],[-74.00401000035639,40.711852999912516],[-74.00410599971757,40.71192800007489],[-74.00422899974122,40.71202500002345],[-74.00485800010314,40.71245300020798],[-74.0048909997151,40.71243300033067],[-74.00498699997458,40.71237499983522],[-74.00512699971667,40.712307000011954],[-74.0052759996796,40.712249000087695],[-74.00541999961962,40.71221299992148],[-74.00558899967402,40.71216999988659],[-74.00574000018507,40.71208899972961],[-74.00590800041456,40.712045000023316],[-74.0060520003546,40.71201199988408],[-74.00608999998944,40.712003000152784],[-74.00701800010212,40.71178399996091],[-74.00695199997989,40.711686999661296],[-74.00737100027953,40.7115890003031],[-74.0074669996407,40.71156600000899],[-74.00796799995611,40.711447000018396],[-74.00834799989772,40.711358999728276],[-74.0086009996177,40.71139200019116],[-74.00906299957506,40.71088700021128],[-74.00947400037711,40.71041300015978],[-74.00954299997409,40.710326999780136],[-74.00998800021301,40.709805999769486],[-74.01123199979489,40.71036700011306],[-74.01080099979966,40.71101700028226],[-74.010465000239,40.71153500019212],[-74.01012200010732,40.71208500000513],[-74.0116629997901,40.712797999870276],[-74.01255300026794,40.713147000129446],[-74.01369999976544,40.71366799987325],[-74.0133819997481,40.71440800007792],[-74.01323199996028,40.715061000290476]],[[-74.0081000002006,40.71199500001235],[-74.00766599983233,40.712533000338226],[-74.0092540002691,40.71325599998964],[-74.00966799964758,40.71272499985],[-74.0081000002006,40.71199500001235]]]]}},{"type":"Feature","properties":{"zip":"10009","income":40176},"geometry":{"type":"MultiPolygon","coordinates":[[[[-73.98796800009863,40.7239419999327],[-73.98750199994332,40.72458400033558],[-73.98705300040476,40.72520300032435],[-73.98662300023443,40.725795999663056],[-73.9861760003457,40.72640900029506],[-73.98575299984807,40.72698799979469],[-73.98530699978424,40.72759900026235],[-73.98487499996412,40.72819400009506],[-73.98444800016684,40.72878099988827],[-73.9840089997757,40.7293810001033],[-73.98354299962037,40.73002099977018],[-73.98307700036338,40.73065900010393],[-73.98256400035238,40.73136100000503],[-73.98202200002908,40.732012000064096],[-73.98156199972155,40.732642999948226],[-73.98112700042667,40.73324200010226],[-73.98071099960174,40.73381299980937],[-73.98027499958366,40.73440999976812],[-73.97986399967992,40.73497500009588],[-73.97925399958456,40.73468500002102],[-73.97898400014611,40.734557999684085],[-73.97772200012261,40.734040999840985],[-73.9769830001558,40.733730000227844],[-73.97616499964798,40.733385000135954],[-73.97541999983342,40.73300499975989],[-73.9748280001797,40.732764000091244],[-73.97464900007957,40.73269100018319],[-73.97449199972071,40.73262200004726],[-73.9744120002531,40.732591999788305],[-73.97436000037455,40.73257199983502],[-73.9742430001987,40.73253599976784],[-73.97407699961903,40.73247000004789],[-73.97379600030995,40.732325000154795],[-73.97364999982177,40.73230999996001],[-73.97345099963013,40.73136699989666],[-73.97201700007747,40.73023199988214],[-73.97128200030862,40.72925099981236],[-73.9712870003315,40.72829999974149],[-73.97128200030862,40.727526000133906],[-73.97130700042298,40.7273389999524],[-73.97139600011145,40.72666199978608],[-73.97148899999787,40.72613700005735],[-73.97275100002139,40.721058000123335],[-73.97286900002217,40.720725000031926],[-73.97349099981311,40.718972000017686],[-73.97363499975314,40.71861199978905],[-73.97474199996597,40.718841000330045],[-73.97487400021045,40.71877899996697],[-73.97492299971594,40.71876599978467],[-73.97499499968598,40.718745999761204],[-73.97511900043284,40.71875300028075],[-73.97509299959526,40.71898399999181],[-73.97499499968598,40.7197840001938],[-73.97532600012208,40.7195319999079],[-73.97586699972216,40.7197519999618],[-73.97645599990112,40.71992900017991],[-73.97651399962744,40.71995000000142],[-73.97655899983327,40.719966999884534],[-73.97730399964786,40.72027299976141],[-73.97744599993807,40.72033200033238],[-73.97748100009818,40.72034599967554],[-73.9779820004136,40.719701000134755],[-73.97803400029213,40.719640000049964],[-73.97875300016746,40.71993400026771],[-73.97973499980849,40.72023500023144],[-73.98130800017664,40.7207089998036],[-73.98216699979403,40.72096900014345],[-73.98300299984521,40.7212230000237],[-73.98382399982778,40.72147299977421],[-73.98373000011644,40.72160599998597],[-73.98406900005017,40.72176700006591],[-73.98401799999652,40.721835999883666],[-73.98557499957283,40.72249299986413],[-73.98586300035126,40.72209999971016],[-73.98628500012563,40.72224199974075],[-73.98713600024543,40.72246899981731],[-73.9878650001665,40.72269699991267],[-73.98864299959303,40.722933000096525],[-73.98845099997239,40.723276999811915],[-73.98796800009863,40.7239419999327]]]]}},{"type":"Feature","properties":{"zip":"10010","income":62467},"geometry":{"type":"MultiPolygon","coordinates":[[[[-73.99329200037727,40.742233000094345],[-73.99280500030555,40.74290100009638],[-73.99231800023384,40.74356799971643],[-73.99206299996571,40.74391900020776],[-73.99187100034507,40.74418600027182],[-73.99141900043347,40.744802000288956],[-73.99070100038307,40.74450200029062],[-73.99048100027504,40.74480999988928],[-73.98932499965841,40.74432800013432],[-73.98939800035166,40.74410600007195],[-73.98896099961033,40.74404899974323],[-73.98897800022708,40.743965000208576],[-73.98901099983905,40.74379599966474],[-73.98819400005445,40.743451000048466],[-73.9877460003408,40.74406600027625],[-73.98614700003337,40.74338900015262],[-73.98452900035771,40.74270800001778],[-73.98497700007137,40.74208900020121],[-73.98336199987041,40.74140799968769],[-73.98325899993824,40.741547999697985],[-73.98323999967168,40.741574999836224],[-73.98287200032395,40.74142200004232],[-73.98280399965358,40.74151400006291],[-73.98273000003374,40.74148299990002],[-73.98269499987364,40.74153099988261],[-73.98208599960319,40.74127399974218],[-73.98226499970333,40.74102900005294],[-73.98226800007637,40.7409469997832],[-73.98225399983268,40.740941000074855],[-73.98176199973807,40.740733000096995],[-73.98146100033753,40.740604999892035],[-73.98136300042825,40.74073700014197],[-73.98115400019086,40.74065000030058],[-73.98120100004654,40.74058500030569],[-73.98105299990851,40.74052199993591],[-73.98087800000634,40.74076399992878],[-73.98011800012314,40.74044500031041],[-73.97983799974064,40.74032799991331],[-73.9800520000009,40.74001000009786],[-73.97951800007351,40.739783999814264],[-73.97878999997737,40.73948000020349],[-73.97819300030079,40.73923199976062],[-73.97714800001224,40.738795999913144],[-73.97524900012921,40.738015000025186],[-73.97439299998652,40.737685999926335],[-73.97404200035724,40.73817400012691],[-73.97372400033991,40.738616999758705],[-73.97359999959305,40.738805000105934],[-73.97351099990459,40.73896399968076],[-73.97347800029263,40.739023000017035],[-73.97338000038333,40.73923199976062],[-73.97329900019248,40.73944600019195],[-73.97324200029107,40.73963799966858],[-73.97319200006235,40.73985700010726],[-73.97315699990226,40.74010899966398],[-73.9731460000316,40.74034500003613],[-73.9731460000316,40.74040200013602],[-73.97314199983366,40.74044100024787],[-73.9730759997114,40.74059599994279],[-73.97285399995356,40.74171200001591],[-73.9728010002501,40.74197599994384],[-73.97272699973196,40.74223899968614],[-73.9726320001957,40.74249900030604],[-73.97254500015706,40.74269200031055],[-73.97238299977538,40.74300499983956],[-73.97222999961448,40.74324899993376],[-73.97210900013897,40.74320499972629],[-73.97206200028333,40.743188000334435],[-73.9720270001232,40.74317599996037],[-73.97198899959005,40.74316299977954],[-73.97163600031097,40.743021000152105],[-73.97156599999076,40.74299300011311],[-73.97183200012957,40.74281599998266],[-73.971884999833,40.74272500021292],[-73.97178699992371,40.74265099985213],[-73.9719340002368,40.74239000001019],[-73.9719690003969,40.742315999957334],[-73.9720470002147,40.74192500013224],[-73.97214400029908,40.74145999972595],[-73.97229599973673,40.74072400016506],[-73.97223200016263,40.740732000255875],[-73.97218500030696,40.74071100018566],[-73.9721679996902,40.740680000329164],[-73.97223800001042,40.74033500020463],[-73.97230599978246,40.740025999769585],[-73.97234599996544,40.74001300033439],[-73.97243399982898,40.74002999985711],[-73.97249400010345,40.73976399998107],[-73.97254099995911,40.7396690000107],[-73.97266399998276,40.73923099989694],[-73.97263399984553,40.738136999807544],[-73.97261100027931,40.73726099966388],[-73.97256400042366,40.736646999720556],[-73.97253099991337,40.7362129997655],[-73.97252300041576,40.73611299993598],[-73.97249400010345,40.73580999980032],[-73.97263300002062,40.73579000013371],[-73.97282999966411,40.73577500003942],[-73.9729419998171,40.7357990000525],[-73.9739190003336,40.7362129997655],[-73.97441700027596,40.73642399998123],[-73.97445800028386,40.736308999814355],[-73.97447099980431,40.73625099970212],[-73.97450099994154,40.73604499985716],[-73.97451099998729,40.73592400023569],[-73.97451299963711,40.73582699971642],[-73.97451099998729,40.73572999973641],[-73.97450400031461,40.73563300029564],[-73.97443900001727,40.73563500013111],[-73.97421800008433,40.735641000317976],[-73.97397399968686,40.735536999951954],[-73.97331300043618,40.735250000055416],[-73.97333000015462,40.735212000227676],[-73.97330199966721,40.73518500022946],[-73.97327400007812,40.73510200031744],[-73.97328800032184,40.73505299985337],[-73.97331799956075,40.735016999767176],[-73.97339100025398,40.73497899980642],[-73.97347300026976,40.734970999704416],[-73.97351599992747,40.73497799987879],[-73.97354600006469,40.734938999967525],[-73.9744330001695,40.735314999817874],[-73.97418299992424,40.73427500008198],[-73.97402999976336,40.73369400010654],[-73.97395299977046,40.733382000281196],[-73.97389400021922,40.73334400006728],[-73.973828000097,40.733300000114866],[-73.97379499958673,40.73327799978741],[-73.9737510001041,40.73326099990068],[-73.97369199965456,40.73324100014849],[-73.97364599962381,40.73316099971829],[-73.97365300019482,40.73312499996979],[-73.97369699967741,40.73308800024578],[-73.97376899964745,40.733078000004106],[-73.97387999997552,40.73309300002576],[-73.97380499963246,40.73280299991603],[-73.97364999982177,40.73230999996001],[-73.97379600030995,40.732325000154795],[-73.97407699961903,40.73247000004789],[-73.9742430001987,40.73253599976784],[-73.97436000037455,40.73257199983502],[-73.9744120002531,40.732591999788305],[-73.97449199972071,40.73262200004726],[-73.97464900007957,40.73269100018319],[-73.9748280001797,40.732764000091244],[-73.97541999983342,40.73300499975989],[-73.97616499964798,40.733385000135954],[-73.9769830001558,40.733730000227844],[-73.97772200012261,40.734040999840985],[-73.97898400014611,40.734557999684085],[-73.97925399958456,40.73468500002102],[-73.97986399967992,40.73497500009588],[-73.98226700025147,40.736020000020915],[-73.98257199985,40.736148000199705],[-73.98265999971353,40.73618500026402],[-73.98267300013232,40.736189999811195],[-73.98246100042022,40.73648199994262],[-73.98271199959208,40.73658799999963],[-73.9825450000858,40.736816000050716],[-73.98294400029398,40.73698400005404],[-73.98311099980023,40.73675599989805],[-73.98391099986641,40.73709299967939],[-73.98403899991293,40.73691899988021],[-73.98441999967942,40.737082000143666],[-73.98437299982378,40.73714499968748],[-73.98408199957063,40.737545999955564],[-73.9849810002693,40.73792700014367],[-73.98509500007214,40.73775799991327],[-73.9853870001502,40.73733200021853],[-73.9861200002692,40.73763999966701],[-73.98683499994654,40.73794099986957],[-73.98772600024931,40.738316999769715],[-73.98976499987447,40.73917699974846],[-73.99013599959522,40.739331999666206],[-73.99002599999037,40.73949100002328],[-73.99004600008186,40.73949900026236],[-73.99001199974666,40.73954700031542],[-73.99003000018834,40.739554000008276],[-73.98999900022619,40.739598999766535],[-73.99001500011971,40.73960600013459],[-73.98998300033266,40.73965000000031],[-73.99014300016624,40.73971799979742],[-73.99022000015913,40.73961100010533],[-73.99029600032712,40.73964300031755],[-73.99043100004631,40.7394560001571],[-73.99094499988222,40.73967300011962],[-73.99079799956914,40.739875000204535],[-73.99208200023229,40.740596999785964],[-73.99402799997101,40.741219000057185],[-73.99373900026603,40.74161700010512],[-73.99329200037727,40.742233000094345]]]]}},{"type":"Feature","properties":{"zip":"10011","income":61986},"geometry":{"type":"MultiPolygon","coordinates":[[[[-74.0094290001713,40.74362300018146],[-74.00933100026198,40.743998000159955],[-74.0089939999781,40.74395099970865],[-74.00879899998442,40.74481399968905],[-74.00966199979976,40.74494299973904],[-74.00965500012708,40.74529300000708],[-74.01186299980664,40.74552599969318],[-74.01167500038397,40.745946000059355],[-74.00945199973751,40.74569400015796],[-74.00929699992679,40.746336000309185],[-74.01169399975224,40.746661999883344],[-74.01153700029171,40.74699200025057],[-74.00930000029985,40.74673700029621],[-74.0092350000025,40.74737300009791],[-74.01153999976644,40.7476189999757],[-74.01140300039742,40.74799199973647],[-74.00912700004749,40.74773700021386],[-74.0089939999781,40.748417000170676],[-74.01130200011508,40.74865499977184],[-74.01121599990135,40.749020999789586],[-74.00999599971061,40.74892999966278],[-74.00964099988339,40.74994899974526],[-74.00925199972096,40.74997100000357],[-74.0094249999733,40.75040200025565],[-74.01074100042351,40.75100600021866],[-74.01063299957016,40.751308000184245],[-74.00910100010822,40.75070400024239],[-74.00864599982354,40.75167599992423],[-74.00856899983064,40.751841999795026],[-74.0080159996367,40.751793999768374],[-74.00813100016273,40.75156100026683],[-74.00822999989694,40.7513219998159],[-74.0083129997376,40.75108000012979],[-74.00837999968478,40.75083600018445],[-74.00842900008857,40.75059400009058],[-74.00846400024868,40.75034099973124],[-74.00836700016428,40.750308000205216],[-74.00828000012565,40.75027200020857],[-74.00652900038061,40.74955299997545],[-74.00425100038083,40.74859299996353],[-74.00368399994318,40.74835500014048],[-74.0035099998659,40.74828000019126],[-74.00327200021452,40.748178999717744],[-74.00313499994718,40.74837399970584],[-74.00307200019797,40.74834700028599],[-74.00298699980915,40.74846499991289],[-74.00109100029916,40.74767000018504],[-74.00117699961456,40.74754899993162],[-74.00070299996163,40.7473460002717],[-74.00039900018803,40.747766999768025],[-73.9991379999894,40.747241000087094],[-73.998460000122,40.74695799999552],[-73.99755200010077,40.746581000186346],[-73.99800900003527,40.74595199999675],[-73.99768299962203,40.745816000148466],[-73.99735899975693,40.745680000021984],[-73.99635799984932,40.74526200024438],[-73.9951610001231,40.74476300001181],[-73.99502999970353,40.744941000183374],[-73.99493400034238,40.74507299999527],[-73.99206299996571,40.74391900020776],[-73.99231800023384,40.74356799971643],[-73.99280500030555,40.74290100009638],[-73.99329200037727,40.742233000094345],[-73.99373900026603,40.74161700010512],[-73.99402799997101,40.741219000057185],[-73.99208200023229,40.740596999785964],[-73.99079799956914,40.739875000204535],[-73.99094499988222,40.73967300011962],[-73.99137500005254,40.739088000176984],[-73.99179799965185,40.73850399972885],[-73.9922250003474,40.73791699994867],[-73.9926539997945,40.73732999975338],[-73.99311999994983,40.73669100018211],[-73.99361700006727,40.73600499997855],[-73.9941180003827,40.73531299997278],[-73.99458500036295,40.734672000222766],[-73.99504999979503,40.734034000248656],[-73.99548900018618,40.73343700031956],[-73.9959140003336,40.732847000197104],[-73.99635100017663,40.732254999670786],[-73.99663900005672,40.73185600013457],[-73.99697399979246,40.7314089998034],[-73.99861199955961,40.73221500023633],[-73.99910799985217,40.73162700012531],[-73.99936599959503,40.73132299999826],[-73.99960400014471,40.731043000211066],[-73.99976300015338,40.73112099981313],[-73.99992299998694,40.731199999988895],[-73.99976399997828,40.73140299991559],[-73.99964799962733,40.731345000291455],[-73.99958900007611,40.73143699995341],[-74.00000099980474,40.73164099981561],[-74.0003640000279,40.7318280001609],[-74.00060599987725,40.73153500004537],[-74.00095400003178,40.731705999700324],[-74.00073499974867,40.732006000230626],[-74.000511000341,40.732314999798355],[-74.00006600010208,40.73292900024105],[-73.99955499974092,40.73361099969585],[-73.99965299965021,40.734070000186044],[-73.99997300021566,40.734687999817005],[-74.00035599963199,40.735306999756276],[-74.00072200022821,40.73592600006248],[-74.0010949995988,40.73656400027117],[-74.00146299984483,40.737167999992266],[-74.00176800034166,40.73767499980803],[-74.00203299975722,40.738129999965544],[-74.0024050002012,40.73876099968126],[-74.00278900034075,40.73939599966297],[-74.00252300020198,40.73975300020641],[-74.00274400013494,40.73984499981288],[-74.0027299998912,40.74029100011135],[-74.00463600034529,40.741128000144386],[-74.00506300014256,40.74081800015017],[-74.00515799967879,40.740857999857376],[-74.00508200040913,40.74133600024833],[-74.00486099957789,40.741641999879874],[-74.00770500019038,40.74283399995974],[-74.00789299961306,40.742573999968805],[-74.00820399995766,40.74214799980756],[-74.00869900042531,40.742361999705544],[-74.00889299969575,40.74238399975144],[-74.00933100026198,40.74257199966121],[-74.00916600040554,40.74289400007512],[-74.00970600018071,40.74295800004777],[-74.0095789999591,40.74325900000774],[-74.01235900009918,40.74354099970661],[-74.01228499958103,40.743870000112786],[-74.0094290001713,40.74362300018146]]]]}},{"type":"Feature","properties":{"zip":"10012","income":58313},"geometry":{"type":"MultiPolygon","coordinates":[[[[-74.00427499977195,40.724910999709586],[-74.00403100027279,40.725513000237044],[-74.00385899984533,40.72593200027734],[-74.0034889999495,40.72576499966434],[-74.00285899976265,40.72652499992817],[-74.0029680004409,40.72657599997281],[-74.00284399969404,40.726739999758045],[-74.00297199974055,40.72680300024473],[-74.0031220004267,40.7268779999035],[-74.00278900034075,40.72727199979956],[-74.00251300015624,40.72760100033938],[-74.00315500003866,40.72766400001094],[-74.00280799970902,40.72836500016687],[-74.002771999724,40.728445000236704],[-74.00250999978319,40.728999999987785],[-74.00205500039684,40.72878700001247],[-74.00182000022019,40.729062999696474],[-74.00197000000803,40.72913700019653],[-74.00187100027382,40.72924899978495],[-74.00230100044413,40.72944500014277],[-74.00220299963654,40.729654000023714],[-74.00166200003646,40.72980100030242],[-74.00134700039219,40.72988700003243],[-74.00132499975255,40.72997799966532],[-74.00143500025573,40.730031999792566],[-74.00159099989133,40.73031199974969],[-74.00179699975565,40.730385000225574],[-74.00168399977778,40.730580999960274],[-74.0014129996161,40.731064999916086],[-74.00095400003178,40.731705999700324],[-74.00060599987725,40.73153500004537],[-74.0003640000279,40.7318280001609],[-74.00000099980474,40.73164099981561],[-73.99958900007611,40.73143699995341],[-73.99964799962733,40.731345000291455],[-73.99976399997828,40.73140299991559],[-73.99992299998694,40.731199999988895],[-73.99976300015338,40.73112099981313],[-73.99960400014471,40.731043000211066],[-73.99884199971339,40.73066900002844],[-73.99848799971106,40.730493999770744],[-73.99807199978446,40.730287999799515],[-73.99735999958185,40.729941000233524],[-73.99657200010958,40.72955199984788],[-73.99581200022637,40.72918000016413],[-73.99506099966568,40.72880999980298],[-73.9948780002659,40.72902199968758],[-73.9945469998298,40.7294059997112],[-73.99374699976362,40.72900800012701],[-73.99405200026047,40.72864799971853],[-73.994252000277,40.72841200005789],[-73.9937240001974,40.72815200020127],[-73.993146999714,40.727866999832884],[-73.99343200011934,40.72753199969055],[-73.99290200038993,40.72729700019979],[-73.99285399981103,40.72735299986403],[-73.9922510002867,40.72703099978939],[-73.99219600003508,40.72709600009277],[-73.99163799981827,40.72683299970991],[-73.99179400035219,40.72639099995829],[-73.99206100031589,40.72564200027382],[-73.99213199956269,40.72544500021732],[-73.99220899955557,40.725230999681784],[-73.99232599973143,40.724909000232564],[-73.99260399956579,40.72413600008173],[-73.99261799980948,40.72409900012502],[-73.99308899998769,40.722818999869865],[-73.993258999867,40.72235299992289],[-73.99352300035596,40.72163199991949],[-73.99366899994581,40.72125599968237],[-73.9937950003425,40.72093699980032],[-73.99403499964372,40.72032299968323],[-73.99426499979747,40.71978199988188],[-73.99478500037947,40.719899999799466],[-73.99480399974773,40.71985199986972],[-73.99520600032896,40.72000500024832],[-73.99522800007026,40.71994799969452],[-73.99525999985732,40.71986700014936],[-73.99542399988884,40.71993400026771],[-73.99528900016962,40.72028000012037],[-73.99547099974451,40.720318999772594],[-73.99544499980524,40.72038499996989],[-73.99550300042988,40.720396999689264],[-73.99547900014042,40.720457000296165],[-73.99588900021925,40.720538999948815],[-73.99614600013722,40.72059499985279],[-73.99612000019793,40.72066400020468],[-73.99651199983509,40.720747999885305],[-73.99670099998097,40.72044999995582],[-73.9968359997002,40.720504999789576],[-73.99682499982954,40.720532000297936],[-73.99673199994311,40.72077000027041],[-73.9970750000748,40.72084800033947],[-73.99699200023412,40.72105699998652],[-73.99707699972463,40.721074999723456],[-73.99705199961026,40.72114999970973],[-73.99748099995566,40.72125099969385],[-73.99757399984207,40.72102900023476],[-73.99765500003295,40.72083600002053],[-73.99819599963301,40.72106300012635],[-73.99903099985927,40.721420999772725],[-73.99985299966674,40.721791999810776],[-74.00065699993088,40.722183000181936],[-74.00140299957036,40.72255600028624],[-74.00133999982117,40.7226309999654],[-74.0011930004064,40.7228059997958],[-74.00157300034799,40.723005999816664],[-74.00180000012871,40.72311999972301],[-74.00202600008453,40.722858000076876],[-74.00217400022252,40.72292999977057],[-74.00298199978629,40.723308000288725],[-74.00363500043768,40.72368200031309],[-74.00438000025225,40.724055000186524],[-74.00457500024592,40.72417300001785],[-74.00427499977195,40.724910999709586]]]]}},{"type":"Feature","properties":{"zip":"10013","income":38304},"geometry":{"type":"MultiPolygon","coordinates":[[[[-74.01278400024664,40.72031200009856],[-74.01266899972057,40.72085600009697],[-74.01622200016268,40.72127500017987],[-74.01615299966738,40.721629999663136],[-74.01314699957146,40.721256999816184],[-74.01306200008098,40.72157899991326],[-74.01253999984915,40.72150300028028],[-74.01248100029794,40.72177400026775],[-74.01237599981764,40.72238699981899],[-74.01184199989024,40.72233399973313],[-74.0116989997751,40.722991999671365],[-74.01155900003302,40.72363599990279],[-74.01143900038244,40.72428399970283],[-74.01126500030516,40.72518699981088],[-74.01114999977911,40.725776999775356],[-74.01113200023576,40.725875000033696],[-74.01110899977122,40.72600299998705],[-74.01108899967974,40.726114000023834],[-74.01087000029494,40.72608500029578],[-74.00992200009078,40.725986999665885],[-74.009106999956,40.72591399981151],[-74.00909400043551,40.72598899979136],[-74.00990700002217,40.726073000240305],[-74.00962300034003,40.727556999993084],[-74.0088450000152,40.727469999934456],[-74.00888000017528,40.72725399969617],[-74.00840399997422,40.727201000082154],[-74.00842700043874,40.72706399997232],[-74.00825400018638,40.72704799990631],[-74.00826400023213,40.72698599969931],[-74.00818200021637,40.72697799999781],[-74.00817200017063,40.727040000212256],[-74.00789799963592,40.72701399966818],[-74.00783099968876,40.72737500010828],[-74.00732000022592,40.727328000165635],[-74.00737899977715,40.726951000062044],[-74.00743400002872,40.726600999953746],[-74.00565800016932,40.72643499971395],[-74.00372999997393,40.72624999998827],[-74.0031220004267,40.7268779999035],[-74.00297199974055,40.72680300024473],[-74.00284399969404,40.726739999758045],[-74.0029680004409,40.72657599997281],[-74.00285899976265,40.72652499992817],[-74.0034889999495,40.72576499966434],[-74.00385899984533,40.72593200027734],[-74.00403100027279,40.725513000237044],[-74.00427499977195,40.724910999709586],[-74.00457500024592,40.72417300001785],[-74.00438000025225,40.724055000186524],[-74.00363500043768,40.72368200031309],[-74.00298199978629,40.723308000288725],[-74.00217400022252,40.72292999977057],[-74.00202600008453,40.722858000076876],[-74.00180000012871,40.72311999972301],[-74.00157300034799,40.723005999816664],[-74.0011930004064,40.7228059997958],[-74.00133999982117,40.7226309999654],[-74.00140299957036,40.72255600028624],[-74.00065699993088,40.722183000181936],[-73.99985299966674,40.721791999810776],[-73.99903099985927,40.721420999772725],[-73.99819599963301,40.72106300012635],[-73.99765500003295,40.72083600002053],[-73.99757399984207,40.72102900023476],[-73.99748099995566,40.72125099969385],[-73.99705199961026,40.72114999970973],[-73.99707699972463,40.721074999723456],[-73.99699200023412,40.72105699998652],[-73.9970750000748,40.72084800033947],[-73.99673199994311,40.72077000027041],[-73.99682499982954,40.720532000297936],[-73.9968359997002,40.720504999789576],[-73.99670099998097,40.72044999995582],[-73.99651199983509,40.720747999885305],[-73.99612000019793,40.72066400020468],[-73.99614600013722,40.72059499985279],[-73.99588900021925,40.720538999948815],[-73.99547900014042,40.720457000296165],[-73.99550300042988,40.720396999689264],[-73.99544499980524,40.72038499996989],[-73.99547099974451,40.720318999772594],[-73.99528900016962,40.72028000012037],[-73.99542399988884,40.71993400026771],[-73.99525999985732,40.71986700014936],[-73.99522800007026,40.71994799969452],[-73.99520600032896,40.72000500024832],[-73.99480399974773,40.71985199986972],[-73.99478500037947,40.719899999799466],[-73.99426499979747,40.71978199988188],[-73.9943779997754,40.71951899987266],[-73.99442200015632,40.719391999866325],[-73.99480799994568,40.71845699994208],[-73.9954289999117,40.717279000204826],[-73.99605900009858,40.71623199968122],[-73.99653199992659,40.71547299989881],[-73.99680599956297,40.7150370002876],[-73.99709199979324,40.714617999751084],[-73.9975040004202,40.71406899999561],[-73.99753500038234,40.71402800028246],[-73.99757700021513,40.71398399981483],[-73.99762499989572,40.71394100024277],[-73.99767500012442,40.71389999976986],[-73.99772899965278,40.71386099976158],[-73.99779700032316,40.71381899967473],[-73.99786799956996,40.71378000029992],[-73.99794200008812,40.713746000093025],[-73.9980199999059,40.71371499992932],[-73.99846099994689,40.7135220002987],[-73.99858399997053,40.713467999712705],[-73.99955700028906,40.71392499974568],[-74.00045500026451,40.714365000098724],[-74.00074599961933,40.71451000031315],[-74.001313000057,40.714787000197035],[-74.00211499977299,40.71515899998548],[-74.00303000036519,40.715585000012595],[-74.00453300041313,40.71628000017853],[-74.00624899999809,40.717076000088824],[-74.00667400014555,40.71653199983854],[-74.00709699974485,40.71599799999548],[-74.00754399963358,40.71543299990973],[-74.00774100017539,40.71517899972491],[-74.00899599962791,40.71580699992455],[-74.00923900020047,40.71552000004246],[-74.01096800020423,40.71630300020597],[-74.01137699955986,40.716488999869455],[-74.01162699980509,40.716601999839604],[-74.01255999994063,40.7170339999876],[-74.01273099964487,40.717114000060384],[-74.01268799998716,40.71729799979493],[-74.01229200015203,40.71903899967515],[-74.01255499991778,40.71907000008323],[-74.01304600018746,40.71908600002465],[-74.012909999745,40.719716999924515],[-74.01344700004543,40.71978199988188],[-74.01339000014404,40.72004299990962],[-74.01638100017132,40.72044700019876],[-74.01630199963029,40.72075799993748],[-74.01278400024664,40.72031200009856]]]]}},{"type":"Feature","properties":{"zip":"10014","income":66601},"geometry":{"type":"MultiPolygon","coordinates":[[[[-74.01153700029171,40.74014499971718],[-74.01148100021523,40.740473999905824],[-74.01145600010086,40.74081800015016],[-74.00966400034793,40.740741000186695],[-74.0095780001342,40.74121100002494],[-74.00952799990549,40.741486000070125],[-74.00936600042209,40.74229900033821],[-74.00933100026198,40.74257199966121],[-74.00889299969575,40.74238399975144],[-74.00869900042531,40.742361999705544],[-74.00820399995766,40.74214799980756],[-74.00789299961306,40.742573999968805],[-74.00770500019038,40.74283399995974],[-74.00486099957789,40.741641999879874],[-74.00508200040913,40.74133600024833],[-74.00515799967879,40.740857999857376],[-74.00506300014256,40.74081800015017],[-74.00463600034529,40.741128000144386],[-74.0027299998912,40.74029100011135],[-74.00274400013494,40.73984499981288],[-74.00252300020198,40.73975300020641],[-74.00278900034075,40.73939599966297],[-74.0024050002012,40.73876099968126],[-74.00203299975722,40.738129999965544],[-74.00176800034166,40.73767499980803],[-74.00146299984483,40.737167999992266],[-74.0010949995988,40.73656400027117],[-74.00072200022821,40.73592600006248],[-74.00035599963199,40.735306999756276],[-73.99997300021566,40.734687999817005],[-73.99965299965021,40.734070000186044],[-73.99955499974092,40.73361099969585],[-74.00006600010208,40.73292900024105],[-74.000511000341,40.732314999798355],[-74.00073499974867,40.732006000230626],[-74.00095400003178,40.731705999700324],[-74.0014129996161,40.731064999916086],[-74.00168399977778,40.730580999960274],[-74.00179699975565,40.730385000225574],[-74.00159099989133,40.73031199974969],[-74.00143500025573,40.730031999792566],[-74.00132499975255,40.72997799966532],[-74.00134700039219,40.72988700003243],[-74.00166200003646,40.72980100030242],[-74.00220299963654,40.729654000023714],[-74.00230100044413,40.72944500014277],[-74.00187100027382,40.72924899978495],[-74.00197000000803,40.72913700019653],[-74.00182000022019,40.729062999696474],[-74.00205500039684,40.72878700001247],[-74.00250999978319,40.728999999987785],[-74.002771999724,40.728445000236704],[-74.00280799970902,40.72836500016687],[-74.00315500003866,40.72766400001094],[-74.00251300015624,40.72760100033938],[-74.00278900034075,40.72727199979956],[-74.0031220004267,40.7268779999035],[-74.00372999997393,40.72624999998827],[-74.00565800016932,40.72643499971395],[-74.00743400002872,40.726600999953746],[-74.00737899977715,40.726951000062044],[-74.00732000022592,40.727328000165635],[-74.00783099968876,40.72737500010828],[-74.00789799963592,40.72701399966818],[-74.00817200017063,40.727040000212256],[-74.00818200021637,40.72697799999781],[-74.00826400023213,40.72698599969931],[-74.00825400018638,40.72704799990631],[-74.00842700043874,40.72706399997232],[-74.00840399997422,40.727201000082154],[-74.00888000017528,40.72725399969617],[-74.0088450000152,40.727469999934456],[-74.00962300034003,40.727556999993084],[-74.00990700002217,40.726073000240305],[-74.00909400043551,40.72598899979136],[-74.009106999956,40.72591399981151],[-74.00992200009078,40.725986999665885],[-74.01087000029494,40.72608500029578],[-74.01108899967974,40.726114000023834],[-74.011078999634,40.72620299993182],[-74.01087100011985,40.7281799996796],[-74.01064299961591,40.72817200012156],[-74.01054399988169,40.72910000029715],[-74.0104879998052,40.729817999711734],[-74.01039699956861,40.73055800010116],[-74.0103399996672,40.73128899990221],[-74.01027199989515,40.732010000119644],[-74.0102550001767,40.732397999783686],[-74.01045000017038,40.73237699980541],[-74.01038099967509,40.73315799985346],[-74.01032299994876,40.73384699997712],[-74.0102900003368,40.73423399988104],[-74.01026199984942,40.73456900031777],[-74.0101980002753,40.73531100012753],[-74.01013999965068,40.73600499997855],[-74.01005900035813,40.73696900022903],[-74.01001499997719,40.73756800023306],[-74.01007600007657,40.73814500020947],[-74.01010799986362,40.738507999907846],[-74.01012100028241,40.73865499968348],[-74.01012299993224,40.73883600015559],[-74.0101060002138,40.7390180000021],[-74.01007000022878,40.739198000302984],[-74.0100159998021,40.73937499985162],[-74.0104739995615,40.73930999997209],[-74.01163299965287,40.73958899982289],[-74.01161599993443,40.73968499976445],[-74.01238000001558,40.7397519996699],[-74.01234499985549,40.74019299998475],[-74.01153700029171,40.74014499971718]]]]}},{"type":"Feature","properties":{"zip":"10016","income":66342},"geometry":{"type":"MultiPolygon","coordinates":[[[[-73.98684599981719,40.745301000228906],[-73.98639300008065,40.74592099986065],[-73.98594899966665,40.74653599970714],[-73.98549599993014,40.74715199973601],[-73.98504599966833,40.74777300022173],[-73.98456000031985,40.74843900025532],[-73.98407599972285,40.749101999917336],[-73.9836210003365,40.74972400027365],[-73.98317400044775,40.75034200010845],[-73.98272400018595,40.750958999956424],[-73.98227499974907,40.751576999881934],[-73.98182200001257,40.752197000206216],[-73.98022100005531,40.75152199987037],[-73.97860699967926,40.75084199968066],[-73.97698599963056,40.75015700016453],[-73.97538300002348,40.749482999925554],[-73.97451600001018,40.7491169997285],[-73.97406999994634,40.74973499976036],[-73.97269199957185,40.74915699988898],[-73.97282399981631,40.74897299976815],[-73.97245100044573,40.74880500010078],[-73.97217699991104,40.74853899992965],[-73.97204899986453,40.748486000257074],[-73.97226999979745,40.74817299998124],[-73.97225700027698,40.74816700024423],[-73.97185399987085,40.74799699975739],[-73.9713919999135,40.7478020000249],[-73.9707800001683,40.74754300013827],[-73.97036599989151,40.74809499995497],[-73.97045200010525,40.74821200030036],[-73.96998699977483,40.748868999829675],[-73.9698999997362,40.74882700005712],[-73.96984500038292,40.748800999860514],[-73.96974999994838,40.74882700005712],[-73.96966600028279,40.74878899981868],[-73.9696119998561,40.748766999849856],[-73.96846199998556,40.74829200032494],[-73.96831100037282,40.748205999886295],[-73.96829499958102,40.74819700028497],[-73.9681959998468,40.74810400025059],[-73.96814700034132,40.748079999913266],[-73.96812600042492,40.748069999883555],[-73.96797699956369,40.74800500033447],[-73.96769700007951,40.747866000038535],[-73.96788100020252,40.7476169998199],[-73.96792999970802,40.74755199982804],[-73.96798900015756,40.747483999873225],[-73.96819199964884,40.74725100024147],[-73.96873700034517,40.74650799978677],[-73.96916300031754,40.746048000282734],[-73.96981100004773,40.74535200017421],[-73.97026299995935,40.74485399971548],[-73.97071800024402,40.744235000134005],[-73.97071700041914,40.74421200023095],[-73.97114099984334,40.743684000062416],[-73.97121000033862,40.74354099970661],[-73.97156599999076,40.74299300011311],[-73.97163600031097,40.743021000152105],[-73.97198899959005,40.74316299977954],[-73.9720270001232,40.74317599996037],[-73.97206200028333,40.743188000334435],[-73.97210900013897,40.74320499972629],[-73.97222999961448,40.74324899993376],[-73.97238299977538,40.74300499983956],[-73.97254500015706,40.74269200031055],[-73.9726320001957,40.74249900030604],[-73.97272699973196,40.74223899968614],[-73.9728010002501,40.74197599994384],[-73.97285399995356,40.74171200001591],[-73.9730759997114,40.74059599994279],[-73.97314199983366,40.74044100024787],[-73.9731460000316,40.74040200013602],[-73.9731460000316,40.74034500003613],[-73.97315699990226,40.74010899966398],[-73.97319200006235,40.73985700010726],[-73.97324200029107,40.73963799966858],[-73.97329900019248,40.73944600019195],[-73.97338000038333,40.73923199976062],[-73.97347800029263,40.739023000017035],[-73.97351099990459,40.73896399968076],[-73.97359999959305,40.738805000105934],[-73.97372400033991,40.738616999758705],[-73.97404200035724,40.73817400012691],[-73.97439299998652,40.737685999926335],[-73.97524900012921,40.738015000025186],[-73.97714800001224,40.738795999913144],[-73.97819300030079,40.73923199976062],[-73.97878999997737,40.73948000020349],[-73.97951800007351,40.739783999814264],[-73.9800520000009,40.74001000009786],[-73.97983799974064,40.74032799991331],[-73.98011800012314,40.74044500031041],[-73.98087800000634,40.74076399992878],[-73.98105299990851,40.74052199993591],[-73.98120100004654,40.74058500030569],[-73.98115400019086,40.74065000030058],[-73.98136300042825,40.74073700014197],[-73.98146100033753,40.740604999892035],[-73.98176199973807,40.740733000096995],[-73.98225399983268,40.740941000074855],[-73.98226800007637,40.7409469997832],[-73.98226499970333,40.74102900005294],[-73.98208599960319,40.74127399974218],[-73.98269499987364,40.74153099988261],[-73.98273000003374,40.74148299990002],[-73.98280399965358,40.74151400006291],[-73.98287200032395,40.74142200004232],[-73.98323999967168,40.741574999836224],[-73.98325899993824,40.741547999697985],[-73.98336199987041,40.74140799968769],[-73.98497700007137,40.74208900020121],[-73.98452900035771,40.74270800001778],[-73.98614700003337,40.74338900015262],[-73.9877460003408,40.74406600027625],[-73.98729799972882,40.74468200004367],[-73.98684599981719,40.745301000228906]]]]}},{"type":"Feature","properties":{"zip":"10017","income":69273},"geometry":{"type":"MultiPolygon","coordinates":[[[[-73.98088800005208,40.75348100008555],[-73.98039500013257,40.75415499994809],[-73.97878300030467,40.75348100008555],[-73.97833200021797,40.754100000027556],[-73.97993700037318,40.754782999811454],[-73.97948299991342,40.75540500010275],[-73.9790240003291,40.75603200011563],[-73.97856499984647,40.75665499989105],[-73.97811600030789,40.757284000228225],[-73.97765500017546,40.75791199979423],[-73.97604499999738,40.75723200031457],[-73.97443900001727,40.75655599977737],[-73.97489699977666,40.75592800033048],[-73.97535200006135,40.755302999941875],[-73.9760590002411,40.75559999999467],[-73.97651600017558,40.75497400029793],[-73.97697399993497,40.754348999787105],[-73.97627799962588,40.75405499987316],[-73.97580700034602,40.75467799980198],[-73.97520899994622,40.75442500001166],[-73.97418999959693,40.753993999978114],[-73.97373500021057,40.75461899974331],[-73.97327599972797,40.755243000134385],[-73.97281999961837,40.75587000031416],[-73.97121700001131,40.75519299991323],[-73.97105700017774,40.755125999911755],[-73.97102000036782,40.75519600014531],[-73.97092599975817,40.75532699971362],[-73.9705550000374,40.75516999971719],[-73.97064999957365,40.75504000014611],[-73.97052099970222,40.75498500027717],[-73.97044799990731,40.75512000012162],[-73.97038199978503,40.75532400016789],[-73.97021899957842,40.755252000143],[-73.96978500010847,40.7549960002546],[-73.96916400014244,40.75473400023595],[-73.9690620000352,40.75487400009385],[-73.96880699976707,40.75476700028732],[-73.96864799975842,40.75469999985655],[-73.96888899978283,40.754370999950595],[-73.96874700039093,40.75431800016301],[-73.96841199975685,40.754177999814786],[-73.96827700003766,40.75436500009232],[-73.96653399979017,40.753634999685126],[-73.96636599956071,40.75358599994406],[-73.96622199962064,40.753531999881986],[-73.96541300023198,40.75319000005839],[-73.96558700030926,40.75295700000479],[-73.96553799990544,40.75293700004978],[-73.96536899985105,40.7528679998185],[-73.96519999979662,40.75279900019606],[-73.96527799961444,40.75268100009401],[-73.96522900010895,40.75266100005592],[-73.96514700009318,40.75262800032026],[-73.964824000053,40.75250300022427],[-73.9647959995656,40.75244099992073],[-73.96478300004512,40.75237799989335],[-73.96480200031169,40.75230400006575],[-73.9650919998416,40.751982999970544],[-73.96518499972802,40.751951999923826],[-73.96505500003167,40.75181299971218],[-73.96486199968783,40.75201100030766],[-73.96482099967996,40.75189900024945],[-73.96477200017446,40.75178799967759],[-73.96471500027307,40.75171700026295],[-73.96769700007951,40.747866000038535],[-73.96797699956369,40.74800500033447],[-73.96812600042492,40.748069999883555],[-73.96814700034132,40.748079999913266],[-73.9681959998468,40.74810400025059],[-73.96829499958102,40.74819700028497],[-73.96831100037282,40.748205999886295],[-73.96846199998556,40.74829200032494],[-73.9696119998561,40.748766999849856],[-73.96966600028279,40.74878899981868],[-73.96974999994838,40.74882700005712],[-73.96984500038292,40.748800999860514],[-73.9698999997362,40.74882700005712],[-73.96998699977483,40.748868999829675],[-73.97045200010525,40.74821200030036],[-73.97036599989151,40.74809499995497],[-73.9707800001683,40.74754300013827],[-73.9713919999135,40.7478020000249],[-73.97185399987085,40.74799699975739],[-73.97225700027698,40.74816700024423],[-73.97226999979745,40.74817299998124],[-73.97204899986453,40.748486000257074],[-73.97217699991104,40.74853899992965],[-73.97245100044573,40.74880500010078],[-73.97282399981631,40.74897299976815],[-73.97269199957185,40.74915699988898],[-73.97406999994634,40.74973499976036],[-73.97451600001018,40.7491169997285],[-73.97538300002348,40.749482999925554],[-73.97698599963056,40.75015700016453],[-73.97860699967926,40.75084199968066],[-73.98022100005531,40.75152199987037],[-73.98182200001257,40.752197000206216],[-73.98137199975073,40.752813999853785],[-73.98088800005208,40.75348100008555]],[[-73.97815899996561,40.75146000001307],[-73.97653500044215,40.750775000058184],[-73.97604800037044,40.75144099996841],[-73.97444900006302,40.75076600012408],[-73.97395899961825,40.75144099996841],[-73.97555799992566,40.752115999765515],[-73.97510199981609,40.75274100017205],[-73.97464800025465,40.75336699979872],[-73.9757019998657,40.753810999957274],[-73.97710700000437,40.75188300003131],[-73.97767699991677,40.75211900013651],[-73.9783699998528,40.75241600012224],[-73.97928700009484,40.75280100019598],[-73.97976800031877,40.75214099967686],[-73.97815899996561,40.75146000001307]]]]}},{"type":"Feature","properties":{"zip":"10018","income":48705},"geometry":{"type":"MultiPolygon","coordinates":[[[[-74.0047429995771,40.759032999710676],[-74.0043760000543,40.759486000249595],[-74.0040739999305,40.75937800014004],[-74.00399100008983,40.75945100001912],[-74.00390200040137,40.759529000332606],[-74.0043760000543,40.759744999885626],[-74.00420399962685,40.759938999742694],[-74.00377199980672,40.759744999885626],[-74.00382600023339,40.760132999714074],[-74.00360399957725,40.76045699991889],[-74.00341100013169,40.760739000172585],[-74.00319100002368,40.76106000017792],[-74.00279799966327,40.76094299998669],[-74.00274800033287,40.76102399987934],[-74.00229600042125,40.76154199976516],[-74.0045889995913,40.76249399973085],[-74.00445200022227,40.76268099974994],[-74.00215499995595,40.76170400003308],[-74.00171599956484,40.762208000004726],[-74.0012779998969,40.76207600018712],[-74.00115099967529,40.76202599966201],[-74.00103600004756,40.76196800020324],[-74.00118300036065,40.76186299997505],[-74.00131600043004,40.761745999836506],[-74.00143500025573,40.761619999666244],[-74.00153700036297,40.76148699983221],[-74.00162199985348,40.76134700029244],[-73.99979499994042,40.760576000051195],[-73.9987940000328,40.76015300022604],[-73.99903800043028,40.75981600025329],[-73.99924299957138,40.759526999854636],[-73.99812899968586,40.75903700001588],[-73.99754600025298,40.75881500006649],[-73.99751600011577,40.75879900015179],[-73.99724599977903,40.7590249997801],[-73.99691699989104,40.75936700020725],[-73.99594299974761,40.758980999804294],[-73.99640899990293,40.758338999937884],[-73.9962099997113,40.75825399982355],[-73.99529099981947,40.75786700017868],[-73.99495400043388,40.75772600023342],[-73.9948230000143,40.75767299971815],[-73.99474199982346,40.75779000022149],[-73.99459299986054,40.758038000188826],[-73.9943779997754,40.75837700016197],[-73.99306999972111,40.75782699981438],[-73.99027600023561,40.756567000175316],[-73.98744699969174,40.75537299998906],[-73.98663900012797,40.75503499997427],[-73.98459600030486,40.754177000175815],[-73.98411799955564,40.7548419997246],[-73.98088800005208,40.75348100008555],[-73.98137199975073,40.752813999853785],[-73.98182200001257,40.752197000206216],[-73.98227499974907,40.751576999881934],[-73.98272400018595,40.750958999956424],[-73.98317400044775,40.75034200010845],[-73.9836210003365,40.74972400027365],[-73.98407599972285,40.749101999917336],[-73.98441999967942,40.74924600027885],[-73.98679399993868,40.75024100004466],[-73.98729400042917,40.75045100030166],[-73.98777899995275,40.75066099989542],[-73.9901339999454,40.75165899997558],[-73.98969399972935,40.75227999988329],[-73.9925280002961,40.75347399981688],[-73.99297900038282,40.75285399983182],[-73.99360000034885,40.75311700010903],[-73.99338600008859,40.753428999919315],[-73.9952530001846,40.7542189999716],[-73.99546800026978,40.753908999752184],[-73.99561999970742,40.75397300001249],[-73.99581600042433,40.7540569998353],[-73.99535399956864,40.75468800019886],[-73.99623300017583,40.75503699990699],[-73.99638799998654,40.75510000013679],[-73.99641200027598,40.75510900016472],[-73.99655100019316,40.75516399993107],[-73.99665499995022,40.755205999783826],[-73.99677200012609,40.75525499969193],[-73.99684699957085,40.75528699986241],[-73.99732799979479,40.75509699990035],[-73.99796399982941,40.75536399999685],[-73.99843199963456,40.755562999842816],[-73.99866099996342,40.75525200014301],[-74.00081799958936,40.75616199978843],[-74.00149999965477,40.75645200013144],[-74.00105500031414,40.7570669998875],[-74.00058400013593,40.757693000289876],[-74.00013800007211,40.75830699987559],[-74.000066999927,40.758403000016244],[-74.00284299986913,40.759686000241196],[-74.00316000006154,40.75923800024084],[-74.00338299964429,40.75893000010522],[-74.003841000302,40.75829700002308],[-74.0048050003997,40.75697099985882],[-74.00528800027347,40.75630799972501],[-74.00559299987198,40.75589300026803],[-74.0058480001401,40.7559359999533],[-74.00614500024103,40.75618900011776],[-74.00495699983735,40.75787200013747],[-74.00530400016699,40.75812599999872],[-74.00513099991461,40.75836400023096],[-74.00720300005005,40.759269999855],[-74.00668500001619,40.75991700006094],[-74.0047429995771,40.759032999710676]]]]}},{"type":"Feature","properties":{"zip":"10019","income":55869},"geometry":{"type":"MultiPolygon","coordinates":[[[[-73.9966669996458,40.766740000062306],[-73.99622200030518,40.767352000200745],[-73.99574500027921,40.76799000033229],[-73.99484899995358,40.769256999756124],[-73.99505499981791,40.76934400026928],[-73.99644499988794,40.76979499975863],[-73.9959479997705,40.77037199973323],[-73.99614199993923,40.77045499984911],[-73.99593000022715,40.77067200002293],[-73.99561999970742,40.77053599971477],[-73.99536399961438,40.77090700002946],[-73.9974769997577,40.77185899986988],[-73.99735100025931,40.772050000272394],[-73.99726800041866,40.77212800008656],[-73.99718600040288,40.772280999979365],[-73.99700399992969,40.772529000302164],[-73.99611799964978,40.77219800010345],[-73.99494400038816,40.7717170002976],[-73.9946029999063,40.772221999897894],[-73.99642499979647,40.773050999778484],[-73.99622700032805,40.77332500008815],[-73.99420399969812,40.77250399989461],[-73.99395199980303,40.77287600014383],[-73.99372800039535,40.772860000212575],[-73.99362499956489,40.77285199990535],[-73.99355000012012,40.77284699971285],[-73.99332499998923,40.77283099977457],[-73.99320199996559,40.772778999778545],[-73.99045399961254,40.771611999824586],[-73.99039900025929,40.77158899986726],[-73.988830999914,40.77092700002062],[-73.98761499992122,40.770415000257],[-73.98587099984884,40.769682000321794],[-73.9847689996589,40.76921800021637],[-73.98463099956663,40.769161000324516],[-73.98363200020715,40.76873300020731],[-73.98322999962595,40.769381000234006],[-73.9820930001742,40.76889299975989],[-73.9820930001742,40.768397999726304],[-73.98226399987841,40.76833700006618],[-73.98235599993993,40.76823500001875],[-73.98242000041235,40.768101999815066],[-73.98240899964337,40.76796500025797],[-73.98230700043445,40.76781599972872],[-73.98214699970255,40.767730000052],[-73.9820029997625,40.76768799994794],[-73.98184399975383,40.767673999680554],[-73.98163299986668,40.767732000283054],[-73.98160600010249,40.76774200007687],[-73.98154099980515,40.76777599990877],[-73.98147999970578,40.767821999733656],[-73.98143100020029,40.76787400020734],[-73.97907600020764,40.766875999975376],[-73.97623400014326,40.76567500023454],[-73.97616100034834,40.76581900008027],[-73.97616100034834,40.76592599978717],[-73.97618100043981,40.766022999951225],[-73.97630199991534,40.76611100007572],[-73.97678899998705,40.766379000293846],[-73.97690600016291,40.76647199993921],[-73.97696499971416,40.76656400000174],[-73.9769890000036,40.766705000249715],[-73.97696499971416,40.76687599997537],[-73.97690100014003,40.76701700024173],[-73.9767990000328,40.76712900000363],[-73.97661900010775,40.76724100025721],[-73.97644800040352,40.76732099983674],[-73.9762850001969,40.76747899982903],[-73.97572100013231,40.76841699968706],[-73.97542700040441,40.768908999966115],[-73.97510199981609,40.76936999991568],[-73.97488699973093,40.769559999901304],[-73.97454399959926,40.76976499993892],[-73.97292500009867,40.76904300001108],[-73.97303399987861,40.768731000006355],[-73.9731100000466,40.7684750003214],[-73.97318600021458,40.76818999990801],[-73.97319500043542,40.767982000119034],[-73.97321399980366,40.76768799994794],[-73.97317600016883,40.76739399983687],[-73.97308099973428,40.76709999978578],[-73.97289199958838,40.76675000000533],[-73.9727019996176,40.76650300001889],[-73.97263600039366,40.76631400027425],[-73.97265499976193,40.76611499995489],[-73.972834999687,40.76569700005164],[-73.97315600007734,40.76513600006002],[-73.97309499997799,40.76512700002882],[-73.97295299968776,40.76509399967724],[-73.97281600031872,40.76504699984926],[-73.9726720003787,40.76497699978324],[-73.9725529996547,40.76489800026164],[-73.97301499961203,40.76427900016567],[-73.97346499987384,40.763659000251124],[-73.97396799983908,40.7629670001623],[-73.97445699956062,40.762292999825824],[-73.97491500021833,40.76166699987648],[-73.97537299997772,40.76103999993887],[-73.97583099973714,40.760417999977854],[-73.97905699994108,40.76177100020907],[-73.97951300005063,40.761148000069774],[-73.97628900039486,40.75978700024644],[-73.9767439997812,40.75916500012786],[-73.9779890000863,40.75968900027053],[-73.97997199963494,40.76052500021499],[-73.98042600009471,40.7598989999448],[-73.9832630001362,40.76109400002624],[-73.98373000011644,40.76045699991889],[-73.98088600040228,40.759269999855],[-73.98134099978863,40.758645000266014],[-73.98417399963215,40.7598409999909],[-73.98480800001697,40.76010399984552],[-73.9847200001534,40.760273999997274],[-73.98446400006036,40.760773000185075],[-73.98656100031016,40.761659999789345],[-73.98685500003803,40.761256000025185],[-73.9870149998716,40.76103800018677],[-73.9874509998897,40.761221000046255],[-73.98731100014764,40.76148699983221],[-73.98769399956394,40.76165600032246],[-73.98832600029894,40.76192000000287],[-73.98829399961356,40.76198100010976],[-73.9891690000228,40.762350000165306],[-73.98929399969627,40.762178999680685],[-73.98976599969937,40.76236499970934],[-73.9902329996796,40.762566000076966],[-73.99005899960234,40.76280500025113],[-73.99021699978607,40.762871999997685],[-73.99026199999192,40.76281100002809],[-73.99205999959266,40.76357000010368],[-73.9922870002717,40.76325499970986],[-73.99260100009104,40.763388000088455],[-73.99270099965017,40.763430999688396],[-73.99336500017219,40.76370999972385],[-73.99343499959411,40.76373900006028],[-73.99295599991828,40.76435700025668],[-73.99508800032818,40.76525299967412],[-73.99554500026267,40.76462600022605],[-73.997574999667,40.765488999943756],[-73.99712899960315,40.76610100003654],[-73.9966669996458,40.766740000062306]]]]}},{"type":"Feature","properties":{"zip":"10020","income":0},"geometry":{"type":"MultiPolygon","coordinates":[[[[-73.98088600040228,40.759269999855],[-73.97903799967449,40.75848999976883],[-73.97891100035119,40.758436000287794],[-73.97846600011226,40.75825000015175],[-73.97765500017546,40.75791199979423],[-73.97811600030789,40.757284000228225],[-73.97936300026282,40.75781199992681],[-73.98134099978863,40.758645000266014],[-73.98088600040228,40.759269999855]]],[[[-73.98042600009471,40.7598989999448],[-73.98088600040228,40.759269999855],[-73.98373000011644,40.76045699991889],[-73.9832630001362,40.76109400002624],[-73.98042600009471,40.7598989999448]]]]}},{"type":"Feature","properties":{"zip":"10021","income":75472},"geometry":{"type":"MultiPolygon","coordinates":[[[[-73.96753399987288,40.77177600014715],[-73.96703900030357,40.77246100004243],[-73.96653700016324,40.77314000015442],[-73.96607400038097,40.77377299969472],[-73.96560999987547,40.774407000022144],[-73.9651479999181,40.77504499976357],[-73.96355100015884,40.77436900011929],[-73.96341200024165,40.774309999851155],[-73.9633739997085,40.774379000274855],[-73.9632049996541,40.77462700024974],[-73.9628039997961,40.77446900024658],[-73.96210099981431,40.77417400018647],[-73.96233400034113,40.77385600032428],[-73.96232199974726,40.77385100020733],[-73.96208300027098,40.77374999980521],[-73.96193900033091,40.7736900003221],[-73.96147499982544,40.77432400008096],[-73.95985700014975,40.77364299977075],[-73.96008800012844,40.773324000056824],[-73.95896300037225,40.77284599967432],[-73.9590999997413,40.772659999726024],[-73.95862500026345,40.77245599982049],[-73.95871700032495,40.77233100027255],[-73.95841400037627,40.77220299966447],[-73.95830399987308,40.77215700015106],[-73.95826100021539,40.77223100032881],[-73.95810999970432,40.77244700010038],[-73.95640499999001,40.7717500000815],[-73.956621999725,40.77144799977755],[-73.95647899960986,40.77138800025658],[-73.95626799972266,40.77167399993602],[-73.95624599998136,40.77170400025445],[-73.95580499994038,40.77151899988911],[-73.95579499989465,40.77153400008497],[-73.95570899968092,40.77149699995845],[-73.95571999955158,40.77148199975421],[-73.95458800012271,40.77100399972616],[-73.95427299958013,40.77087100030242],[-73.95422800027261,40.770932999744645],[-73.95383599973712,40.77076599985317],[-73.95386000002657,40.77073200019046],[-73.95396600033179,40.77058800010559],[-73.95411199992165,40.77038900033915],[-73.95373100015514,40.770228000228805],[-73.95350299965118,40.77054799991319],[-73.95233699988714,40.77006099992609],[-73.95215799978698,40.77029999967986],[-73.95208499999205,40.770269000010835],[-73.95219999961978,40.77011999988541],[-73.95205200038009,40.77003100022644],[-73.95215299976412,40.76989100031526],[-73.95193900040219,40.769809000259485],[-73.95211599995419,40.769549000292926],[-73.95185800021133,40.76944100020661],[-73.94936599995133,40.76839600019557],[-73.94925299997342,40.76835499993825],[-73.94904200008622,40.76826300031414],[-73.95009300022257,40.76703599991697],[-73.950658999937,40.766414999733065],[-73.95121899980364,40.76576800018473],[-73.95178200004337,40.765115000212134],[-73.95230799957481,40.764555000233656],[-73.95243999981929,40.76458499968393],[-73.9525729998887,40.76464499990453],[-73.95263900001092,40.764672999671426],[-73.95470100010061,40.76554500011533],[-73.95515999968492,40.76491800002023],[-73.95694099956722,40.76566900003578],[-73.95741199974542,40.76586800032986],[-73.95787700007583,40.766064000286576],[-73.95915400016797,40.766603999870895],[-73.95918199975705,40.76661600009907],[-73.9593530003596,40.76668800006196],[-73.95977699978381,40.766868000308335],[-73.96049700038235,40.76717199990465],[-73.96119600016618,40.76746699975672],[-73.96164999972763,40.7668389999765],[-73.96188300025443,40.76693700029619],[-73.96246999988526,40.76718500015405],[-73.96324999985995,40.767511999676664],[-73.96407699969028,40.76785999997911],[-73.96361800010597,40.76848700021175],[-73.96523800032979,40.76916899971551],[-73.96565099988337,40.76934300017802],[-73.96582199958756,40.76910699998802],[-73.96588600005998,40.76913399982157],[-73.96594999963409,40.76904600029841],[-73.96600800025871,40.76907200006144],[-73.96600200041094,40.76908000014345],[-73.96668299975309,40.7693679997339],[-73.96655300005675,40.76954700011654],[-73.96683400026414,40.76966600030168],[-73.96673399980673,40.7697990000964],[-73.96684699978465,40.76984700004897],[-73.96844100006916,40.77051699967954],[-73.96799400018044,40.771147000206035],[-73.96753399987288,40.77177600014715]]]]}},{"type":"Feature","properties":{"zip":"10022","income":80406},"geometry":{"type":"MultiPolygon","coordinates":[[[[-73.9767439997812,40.75916500012786],[-73.97628900039486,40.75978700024644],[-73.97583099973714,40.760417999977854],[-73.97537299997772,40.76103999993887],[-73.97491500021833,40.76166699987648],[-73.97445699956062,40.762292999825824],[-73.97396799983908,40.7629670001623],[-73.97346499987384,40.763659000251124],[-73.97186899993947,40.76296400028094],[-73.97141100018007,40.7635879999061],[-73.97301499961203,40.76427900016567],[-73.9725529996547,40.76489800026164],[-73.9709569997203,40.76421599978974],[-73.9696190004271,40.76366300027787],[-73.9693370003948,40.76354700008439],[-73.96892999979072,40.76337099973263],[-73.96870600038304,40.76367400018014],[-73.96794700032476,40.76335599973518],[-73.967605000018,40.76321300017958],[-73.96783299962364,40.76289699994675],[-73.96772700021674,40.76285100011486],[-73.96612799990933,40.76217999987978],[-73.96388400024475,40.76123299988558],[-73.96348900023455,40.76107300026206],[-73.96308099980554,40.761632000113956],[-73.96291900032215,40.76156400026993],[-73.96310099989702,40.76131400010524],[-73.96296500035288,40.761250000107914],[-73.9629519999341,40.761244000190025],[-73.96276100013841,40.76117000002454],[-73.96274699989469,40.76116400009943],[-73.96265400000829,40.76112499989279],[-73.96239399971729,40.76101499997173],[-73.96175600003282,40.76074599967622],[-73.9618890001022,40.76056500031668],[-73.96142600031995,40.760362000249266],[-73.96112699967087,40.76077499994513],[-73.96106800011965,40.760857999800024],[-73.96061500038314,40.760668000110385],[-73.96065100036813,40.7606059999366],[-73.95999799971675,40.760332000253804],[-73.96041299981844,40.759766000069355],[-73.96040100012289,40.75976100025301],[-73.96014699967967,40.75965400014688],[-73.95926299994791,40.759283999851455],[-73.95940600006304,40.75909199993472],[-73.95944600024602,40.75903700001588],[-73.95949300010167,40.758974000114755],[-73.95871899997478,40.758639999684895],[-73.95860299962382,40.75859199980303],[-73.95847799995036,40.75854000023209],[-73.95881100003628,40.758256000339834],[-73.96084899983653,40.755731999743546],[-73.96156500023712,40.75520799971134],[-73.96301800005635,40.753585000296106],[-73.96318499956263,40.75341500005077],[-73.96471500027307,40.75171700026295],[-73.96477200017446,40.75178799967759],[-73.96482099967996,40.75189900024945],[-73.96486199968783,40.75201100030766],[-73.96505500003167,40.75181299971218],[-73.96518499972802,40.751951999923826],[-73.9650919998416,40.751982999970544],[-73.96480200031169,40.75230400006575],[-73.96478300004512,40.75237799989335],[-73.9647959995656,40.75244099992073],[-73.964824000053,40.75250300022427],[-73.96514700009318,40.75262800032026],[-73.96522900010895,40.75266100005592],[-73.96527799961444,40.75268100009401],[-73.96519999979662,40.75279900019606],[-73.96536899985105,40.7528679998185],[-73.96553799990544,40.75293700004978],[-73.96558700030926,40.75295700000479],[-73.96541300023198,40.75319000005839],[-73.96622199962064,40.753531999881986],[-73.96636599956071,40.75358599994406],[-73.96653399979017,40.753634999685126],[-73.96827700003766,40.75436500009232],[-73.96841199975685,40.754177999814786],[-73.96874700039093,40.75431800016301],[-73.96888899978283,40.754370999950595],[-73.96864799975842,40.75469999985655],[-73.96880699976707,40.75476700028732],[-73.9690620000352,40.75487400009385],[-73.96916400014244,40.75473400023595],[-73.96978500010847,40.7549960002546],[-73.97021899957842,40.755252000143],[-73.97038199978503,40.75532400016789],[-73.97044799990731,40.75512000012162],[-73.97052099970222,40.75498500027717],[-73.97064999957365,40.75504000014611],[-73.9705550000374,40.75516999971719],[-73.97092599975817,40.75532699971362],[-73.97102000036782,40.75519600014531],[-73.97105700017774,40.755125999911755],[-73.97121700001131,40.75519299991323],[-73.97281999961837,40.75587000031416],[-73.97443900001727,40.75655599977737],[-73.97604499999738,40.75723200031457],[-73.97765500017546,40.75791199979423],[-73.9772009997157,40.75853799972436],[-73.9767439997812,40.75916500012786]],[[-73.97190699957429,40.75712500022041],[-73.97145100036305,40.75774900022558],[-73.97099299970532,40.75837299981706],[-73.97261299992913,40.75905899998888],[-73.9730680002138,40.75843199994642],[-73.97352400032338,40.757808000228316],[-73.97190699957429,40.75712500022041]]]]}},{"type":"Feature","properties":{"zip":"10023","income":72424},"geometry":{"type":"MultiPolygon","coordinates":[[[[-73.99397400044266,40.773128999778095],[-73.99343100029445,40.773016999924415],[-73.99031999971824,40.77731699983949],[-73.99016800028059,40.77725099966298],[-73.98920099980985,40.77685899986081],[-73.9897670004226,40.77621699990169],[-73.99031999971824,40.77565800027998],[-73.99092399996582,40.7750769999305],[-73.99153900008405,40.77452999971968],[-73.99032200026639,40.77400500023532],[-73.99025000029636,40.77397400025395],[-73.98984600006533,40.77445400003301],[-73.98973399991232,40.774588999792435],[-73.98946399957558,40.774484999790374],[-73.98911399977123,40.77433100019475],[-73.98862599987459,40.77411599976461],[-73.98817700033601,40.77473500007015],[-73.98869899966951,40.77495799991223],[-73.98891799995263,40.77505099979605],[-73.98918999993921,40.775167000317204],[-73.98903799960323,40.775837000044014],[-73.98877400001258,40.77667300026305],[-73.988430000056,40.7765310000953],[-73.98811000038886,40.77711599987078],[-73.98809500032024,40.77714399982502],[-73.98805500013728,40.77722099980846],[-73.98774299996775,40.77784600021456],[-73.98741200042994,40.77852399975792],[-73.98729100005612,40.77877000000629],[-73.98709400041263,40.779163999982785],[-73.98682200042607,40.77990099979523],[-73.98654399969341,40.78065800005621],[-73.98567900022823,40.78031299989928],[-73.98537000043174,40.78107800022422],[-73.9850719996076,40.78177999985242],[-73.98477799987973,40.78248300011715],[-73.9844520003648,40.783191999720465],[-73.98433000016607,40.78332000024202],[-73.98407599972285,40.78321700018715],[-73.98399899972996,40.78323799975561],[-73.9839450002016,40.78331099995306],[-73.98380100026156,40.78324999970042],[-73.98376199990349,40.78330300022418],[-73.98285300005737,40.78291799997475],[-73.98289800026323,40.78285600015352],[-73.98278299973718,40.78280600029942],[-73.98283700016385,40.782675999686326],[-73.98251900014655,40.78248900015803],[-73.98205299999123,40.782330999807954],[-73.98191300024914,40.782522999925945],[-73.981361999705,40.78229299967632],[-73.98145999961429,40.7821589998262],[-73.98135000000944,40.7821030000524],[-73.98145999961429,40.781918000075294],[-73.98106399977917,40.78175099990713],[-73.97974800022729,40.78119500033737],[-73.97958599984557,40.78141900017085],[-73.97927100020131,40.78141599976213],[-73.97756200028903,40.780909000150395],[-73.97664300039719,40.78035500018574],[-73.97485099974591,40.77955399991278],[-73.975074000227,40.77922799973417],[-73.97406699957328,40.77880500026626],[-73.97376699999762,40.779211000029434],[-73.97357100017904,40.7794779998514],[-73.97172400017453,40.78202100010408],[-73.97153900022658,40.78186800019522],[-73.97147399992926,40.78173799978685],[-73.9714410003173,40.78164000021072],[-73.97147399992926,40.7814889999214],[-73.97158199988428,40.7811420001721],[-73.97163600031097,40.780946999713436],[-73.97162600026522,40.78078400018138],[-73.97159299975493,40.78056699970379],[-73.97152800035593,40.78038300013514],[-73.97138699989061,40.78020999994281],[-73.97102899969033,40.7799450002056],[-73.97073800033552,40.779816000048555],[-73.96959299958952,40.779343999764045],[-73.96820900026559,40.77872400027794],[-73.96734800010005,40.77837599973366],[-73.9664640003683,40.77818599978904],[-73.96570299976187,40.778057000297444],[-73.96517100038264,40.77790200017613],[-73.96478399987002,40.77765000031738],[-73.96441599962401,40.777350000243295],[-73.96372900043404,40.77699400017528],[-73.96422800020133,40.77631000006388],[-73.96468699978566,40.77567700020559],[-73.9651479999181,40.77504499976357],[-73.96560999987547,40.774407000022144],[-73.96607400038097,40.77377299969472],[-73.96653700016324,40.77314000015442],[-73.96703900030357,40.77246100004243],[-73.96753399987288,40.77177600014715],[-73.96799400018044,40.771147000206035],[-73.96844100006916,40.77051699967954],[-73.96890399985145,40.76990099978417],[-73.96936499998391,40.76927099968995],[-73.96982500029144,40.76864600025486],[-73.97028100040102,40.76802500014843],[-73.97218399958373,40.76882599996014],[-73.97285499977848,40.76901199975562],[-73.97292500009867,40.76904300001108],[-73.97454399959926,40.76976499993892],[-73.97488699973093,40.769559999901304],[-73.97510199981609,40.76936999991568],[-73.97542700040441,40.768908999966115],[-73.97572100013231,40.76841699968706],[-73.9762850001969,40.76747899982903],[-73.97644800040352,40.76732099983674],[-73.97661900010775,40.76724100025721],[-73.9767990000328,40.76712900000363],[-73.97690100014003,40.76701700024173],[-73.97696499971416,40.76687599997537],[-73.9769890000036,40.766705000249715],[-73.97696499971416,40.76656400000174],[-73.97690600016291,40.76647199993921],[-73.97678899998705,40.766379000293846],[-73.97630199991534,40.76611100007572],[-73.97618100043981,40.766022999951225],[-73.97616100034834,40.76592599978717],[-73.97616100034834,40.76581900008027],[-73.97623400014326,40.76567500023454],[-73.97907600020764,40.766875999975376],[-73.98143100020029,40.76787400020734],[-73.98147999970578,40.767821999733656],[-73.98154099980515,40.76777599990877],[-73.98160600010249,40.76774200007687],[-73.98163299986668,40.767732000283054],[-73.98184399975383,40.767673999680554],[-73.9820029997625,40.76768799994794],[-73.98214699970255,40.767730000052],[-73.98230700043445,40.76781599972872],[-73.98240899964337,40.76796500025797],[-73.98242000041235,40.768101999815066],[-73.98235599993993,40.76823500001875],[-73.98226399987841,40.76833700006618],[-73.9820930001742,40.768397999726304],[-73.9820930001742,40.76889299975989],[-73.98322999962595,40.769381000234006],[-73.98363200020715,40.76873300020731],[-73.98463099956663,40.769161000324516],[-73.9847689996589,40.76921800021637],[-73.98587099984884,40.769682000321794],[-73.98761499992122,40.770415000257],[-73.988830999914,40.77092700002062],[-73.99039900025929,40.77158899986726],[-73.99045399961254,40.771611999824586],[-73.99320199996559,40.772778999778545],[-73.99332499998923,40.77283099977457],[-73.99355000012012,40.77284699971285],[-73.99362499956489,40.77285199990535],[-73.99372800039535,40.772860000212575],[-73.99395199980303,40.77287600014383],[-73.99614199993923,40.77383099973578],[-73.99596899968688,40.774011999702424],[-73.99397400044266,40.773128999778095]]]]}},{"type":"Feature","properties":{"zip":"10024","income":78066},"geometry":{"type":"MultiPolygon","coordinates":[[[[-73.98504700039156,40.78599600033484],[-73.98375100003284,40.78788900013323],[-73.98193199961739,40.790548000231134],[-73.98010899990233,40.793130000133466],[-73.97988499959632,40.79304600004947],[-73.979714999717,40.79297799970933],[-73.97769100016048,40.79216399989228],[-73.97709199993577,40.79272399976312],[-73.97565599983496,40.79212099984418],[-73.97553100016148,40.79206899998608],[-73.97536700012995,40.7922929998695],[-73.97453500027675,40.79187500007746],[-73.97455100017027,40.7918539998395],[-73.97402100044084,40.7915890003143],[-73.97389699969398,40.79175999992361],[-73.97366499989037,40.7916749997115],[-73.97293000012155,40.791381000331015],[-73.97306599966566,40.79119499991186],[-73.97259299983764,40.79100199993527],[-73.97268999992201,40.79087000018854],[-73.97250800034715,40.790792999705026],[-73.97216199984243,40.79106200010434],[-73.97075000003107,40.79040299979743],[-73.96963100012267,40.78996899977785],[-73.9698500004058,40.78967399985959],[-73.96764699985081,40.78874399993101],[-73.96700999999125,40.78847600014638],[-73.96745000020731,40.78786099994729],[-73.96734999974986,40.78783199993667],[-73.96725600003855,40.787831999936664],[-73.96706799971757,40.787867999994894],[-73.96694800006696,40.78788200008785],[-73.96689899966316,40.78787699966636],[-73.966759999746,40.78781499971348],[-73.96659900008751,40.787955999752825],[-73.96643099985802,40.788083999934535],[-73.96623500003946,40.788212999676716],[-73.96602499997717,40.78833199975446],[-73.9657949998234,40.788442000025306],[-73.96555499962388,40.788536999679806],[-73.96534700010973,40.78860600028864],[-73.96510500026038,40.788671000264365],[-73.96504300033611,40.78868399970774],[-73.96489699984794,40.78871900018467],[-73.96475299990789,40.78877000014696],[-73.96461700036377,40.788838000035724],[-73.96451500025653,40.78890299978436],[-73.96441599962401,40.788982999806166],[-73.96433000030859,40.789072999715465],[-73.96425599979042,40.789176000210155],[-73.96419999971394,40.78928400018087],[-73.96416499955383,40.78939500002442],[-73.9641479998354,40.789504999894646],[-73.96414600018558,40.789549999850884],[-73.9641970002392,40.790014999879816],[-73.96419399986615,40.79013400012889],[-73.96417499959958,40.790238999891486],[-73.96413000029203,40.790368000208176],[-73.96407599986537,40.79046800005446],[-73.96399499967451,40.7905780001875],[-73.96391100000893,40.79066499998442],[-73.963794999658,40.79075900009021],[-73.963690000076,40.79082600021467],[-73.96333900044671,40.7909920002419],[-73.96305800023931,40.79112200021928],[-73.96280600034424,40.79133100009402],[-73.96256000029696,40.79163499997409],[-73.96237199997597,40.791573000129446],[-73.96206300017948,40.79145699969418],[-73.96179200001784,40.79133799977581],[-73.96158299978046,40.791235999676076],[-73.96132599986251,40.79109900021563],[-73.9610649997466,40.79094000017969],[-73.9608320001181,40.790782000211664],[-73.9606770003074,40.79067000019597],[-73.96048499978845,40.7905529997714],[-73.96026999970333,40.79044199982323],[-73.96006300001409,40.79035300018424],[-73.95984700010402,40.79027599978125],[-73.95959400038403,40.79020499999303],[-73.9593969998422,40.79016299981437],[-73.95917799955909,40.79012800009861],[-73.9589940003344,40.79008700033035],[-73.95877099985331,40.79002699996035],[-73.95852499980603,40.78994800029731],[-73.95825899966724,40.789843999857204],[-73.95739400020207,40.7894750001336],[-73.95674999977152,40.78920399984155],[-73.95651200012014,40.78888899990668],[-73.95637900005073,40.78871200022677],[-73.95631499957834,40.78851700022921],[-73.95629399966194,40.78842299967006],[-73.95622900026292,40.78826499983409],[-73.9561430000492,40.78812799968495],[-73.95599900010916,40.788034999745314],[-73.95577800017622,40.787914000192096],[-73.95626199987488,40.78722300018805],[-73.95671799998446,40.78660099976699],[-73.95716800024626,40.78598299968507],[-73.9576360000514,40.78534399971734],[-73.95809600035894,40.78471799994262],[-73.9585580003163,40.78409800028447],[-73.95900400038013,40.78346700025507],[-73.95946899981223,40.78283300000764],[-73.95992099972385,40.78221299975774],[-73.96041600019149,40.78153200005231],[-73.96091900015674,40.78085000024878],[-73.9613610000226,40.78024099973518],[-73.9618389998735,40.779584000074166],[-73.962303000379,40.77894700033491],[-73.96276799981108,40.77831299979788],[-73.96313100003425,40.777812000093384],[-73.9631600003466,40.77777200016863],[-73.96322999976846,40.77767700008069],[-73.96372900043404,40.77699400017528],[-73.96441599962401,40.777350000243295],[-73.96478399987002,40.77765000031738],[-73.96517100038264,40.77790200017613],[-73.96570299976187,40.778057000297444],[-73.9664640003683,40.77818599978904],[-73.96734800010005,40.77837599973366],[-73.96820900026559,40.77872400027794],[-73.96959299958952,40.779343999764045],[-73.97073800033552,40.779816000048555],[-73.97102899969033,40.7799450002056],[-73.97138699989061,40.78020999994281],[-73.97152800035593,40.78038300013514],[-73.97159299975493,40.78056699970379],[-73.97162600026522,40.78078400018138],[-73.97163600031097,40.780946999713436],[-73.97158199988428,40.7811420001721],[-73.97147399992926,40.7814889999214],[-73.9714410003173,40.78164000021072],[-73.97147399992926,40.78173799978685],[-73.97153900022658,40.78186800019522],[-73.97172400017453,40.78202100010408],[-73.97357100017904,40.7794779998514],[-73.97376699999762,40.779211000029434],[-73.97406699957328,40.77880500026626],[-73.975074000227,40.77922799973417],[-73.97485099974591,40.77955399991278],[-73.97664300039719,40.78035500018574],[-73.97756200028903,40.780909000150395],[-73.97927100020131,40.78141599976213],[-73.97958599984557,40.78141900017085],[-73.97974800022729,40.78119500033737],[-73.98106399977917,40.78175099990713],[-73.98145999961429,40.781918000075294],[-73.98135000000944,40.7821030000524],[-73.98145999961429,40.7821589998262],[-73.981361999705,40.78229299967632],[-73.98191300024914,40.782522999925945],[-73.98205299999123,40.782330999807954],[-73.98251900014655,40.78248900015803],[-73.98283700016385,40.782675999686326],[-73.98278299973718,40.78280600029942],[-73.98289800026323,40.78285600015352],[-73.98285300005737,40.78291799997475],[-73.98376199990349,40.78330300022418],[-73.98380100026156,40.78324999970042],[-73.9839450002016,40.78331099995306],[-73.98399899972996,40.78323799975561],[-73.98407599972285,40.78321700018715],[-73.98433000016607,40.78332000024202],[-73.9844520003648,40.783191999720465],[-73.98477799987973,40.78248300011715],[-73.9850719996076,40.78177999985242],[-73.98537000043174,40.78107800022422],[-73.98567900022823,40.78031299989928],[-73.98654399969341,40.78065800005621],[-73.98707099994809,40.78090599971852],[-73.98730799977456,40.78104099997111],[-73.98736399985104,40.78106300014246],[-73.98741400007977,40.78108800005009],[-73.98813999962776,40.78140899971465],[-73.98504700039156,40.78599600033484]]]]}},{"type":"Feature","properties":{"zip":"10025","income":49733},"geometry":{"type":"MultiPolygon","coordinates":[[[[-73.97831600032445,40.7956869997543],[-73.97649199988612,40.79828900033272],[-73.97471400037689,40.80085099993984],[-73.9728990001594,40.80338299966305],[-73.97195000013032,40.804708000197564],[-73.9711330003457,40.80580200016189],[-73.96922199986876,40.80850600020403],[-73.96887399971422,40.80834099995855],[-73.96869499961407,40.80826999977199],[-73.9669790000291,40.8075960000879],[-73.96651799989667,40.80822599977144],[-73.96590000030369,40.80880600027925],[-73.96573399972402,40.8087489996826],[-73.96541900007975,40.80863999992021],[-73.96560200037787,40.80839000011962],[-73.96566099992909,40.80830999968533],[-73.9651110001082,40.80806699995906],[-73.96466500004433,40.80787899967227],[-73.96417100029993,40.80763699992223],[-73.96438999968473,40.80733800020086],[-73.96484800034244,40.806707000037605],[-73.96247300025831,40.80570500028517],[-73.9620079999279,40.805509000332954],[-73.96154799962036,40.80613600013893],[-73.96135799964956,40.806398000112964],[-73.96131599981676,40.80645500000926],[-73.96000600011267,40.80590499986176],[-73.95997599997543,40.805953000241594],[-73.95976500008824,40.80628899988868],[-73.95950700034538,40.80618199991856],[-73.95935699965925,40.80612100027779],[-73.95982600018762,40.80543499983273],[-73.95995300040921,40.805062000153285],[-73.96007399988473,40.80470599971991],[-73.96031900010712,40.803992000104856],[-73.96091599978368,40.80226199998562],[-73.96107700034047,40.80180000021898],[-73.96015800044863,40.801386000239454],[-73.95964700008747,40.80115600004172],[-73.95903199996923,40.800898999894954],[-73.95883500032576,40.80081599973817],[-73.95922000029019,40.80022900001733],[-73.9586190004157,40.79997699987212],[-73.95907700017507,40.79935200032145],[-73.95953699958429,40.79871899973439],[-73.9600370000748,40.7980379999622],[-73.9605230003216,40.79736900011797],[-73.9609790004312,40.7967379997005],[-73.96143999966533,40.7961110001994],[-73.96189900014797,40.79548000006571],[-73.96235899955717,40.79485199985716],[-73.96283399993334,40.79420300033377],[-73.96322300009575,40.79367500006414],[-73.96371099999239,40.79301299996308],[-73.96380399987882,40.79288100013373],[-73.96389699976523,40.792751000199836],[-73.9641760003228,40.792361999975924],[-73.96256000029696,40.79163499997409],[-73.96280600034424,40.79133100009402],[-73.96305800023931,40.79112200021928],[-73.96333900044671,40.7909920002419],[-73.963690000076,40.79082600021467],[-73.963794999658,40.79075900009021],[-73.96391100000893,40.79066499998442],[-73.96399499967451,40.7905780001875],[-73.96407599986537,40.79046800005446],[-73.96413000029203,40.790368000208176],[-73.96417499959958,40.790238999891486],[-73.96419399986615,40.79013400012889],[-73.9641970002392,40.790014999879816],[-73.96414600018558,40.789549999850884],[-73.9641479998354,40.789504999894646],[-73.96416499955383,40.78939500002442],[-73.96419999971394,40.78928400018087],[-73.96425599979042,40.789176000210155],[-73.96433000030859,40.789072999715465],[-73.96441599962401,40.788982999806166],[-73.96451500025653,40.78890299978436],[-73.96461700036377,40.788838000035724],[-73.96475299990789,40.78877000014696],[-73.96489699984794,40.78871900018467],[-73.96504300033611,40.78868399970774],[-73.96510500026038,40.788671000264365],[-73.96534700010973,40.78860600028864],[-73.96555499962388,40.788536999679806],[-73.9657949998234,40.788442000025306],[-73.96602499997717,40.78833199975446],[-73.96623500003946,40.788212999676716],[-73.96643099985802,40.788083999934535],[-73.96659900008751,40.787955999752825],[-73.966759999746,40.78781499971348],[-73.96689899966316,40.78787699966636],[-73.96694800006696,40.78788200008785],[-73.96706799971757,40.787867999994894],[-73.96725600003855,40.787831999936664],[-73.96734999974986,40.78783199993667],[-73.96745000020731,40.78786099994729],[-73.96700999999125,40.78847600014638],[-73.96764699985081,40.78874399993101],[-73.9698500004058,40.78967399985959],[-73.96963100012267,40.78996899977785],[-73.97075000003107,40.79040299979743],[-73.97216199984243,40.79106200010434],[-73.97250800034715,40.790792999705026],[-73.97268999992201,40.79087000018854],[-73.97259299983764,40.79100199993527],[-73.97306599966566,40.79119499991186],[-73.97293000012155,40.791381000331015],[-73.97366499989037,40.7916749997115],[-73.97389699969398,40.79175999992361],[-73.97402100044084,40.7915890003143],[-73.97455100017027,40.7918539998395],[-73.97453500027675,40.79187500007746],[-73.97536700012995,40.7922929998695],[-73.97553100016148,40.79206899998608],[-73.97565599983496,40.79212099984418],[-73.97709199993577,40.79272399976312],[-73.97769100016048,40.79216399989228],[-73.979714999717,40.79297799970933],[-73.97988499959632,40.79304600004947],[-73.98010899990233,40.793130000133466],[-73.97831600032445,40.7956869997543]]]]}},{"type":"Feature","properties":{"zip":"10026","income":22491},"geometry":{"type":"MultiPolygon","coordinates":[[[[-73.96031900010712,40.803992000104856],[-73.96007399988473,40.80470599971991],[-73.95995300040921,40.805062000153285],[-73.95982600018762,40.80543499983273],[-73.95935699965925,40.80612100027779],[-73.95840699980525,40.80741899996507],[-73.95794900004584,40.80805300004287],[-73.95761699978482,40.80867100003931],[-73.9574250001642,40.809050000192435],[-73.95724500023915,40.80940400010425],[-73.95709100025337,40.81008000009799],[-73.95827200008603,40.810629000168824],[-73.95780799958054,40.811264000313216],[-73.95680099982513,40.810838999968354],[-73.95496600041449,40.81006400029037],[-73.95543000002166,40.80942900022061],[-73.95588399958311,40.808802000250914],[-73.95634399989063,40.80817400028956],[-73.95680599984802,40.80754599982449],[-73.9554109997551,40.80696599986287],[-73.95494899979774,40.807593000181974],[-73.95452799984825,40.80741499985313],[-73.95490899961476,40.80688899968962],[-73.95434700009828,40.806656999784266],[-73.95397200017956,40.80717999982223],[-73.95387799956991,40.80713999990765],[-73.95350000017646,40.80698100021296],[-73.95285699957081,40.806708999775],[-73.95218399972626,40.80642599996078],[-73.95065399991412,40.8057849997802],[-73.95014199972805,40.80556900031044],[-73.95036600003404,40.80525200004232],[-73.94854099977081,40.804482999803156],[-73.94832499986074,40.8048020001394],[-73.94781299967467,40.80458699975085],[-73.94789100039078,40.80447900019423],[-73.9476600004121,40.80416399997353],[-73.9456889996607,40.803299999892545],[-73.94512899979404,40.80304700026303],[-73.9446669998367,40.803129999669906],[-73.94505199980115,40.80259900023032],[-73.94530200004641,40.8027039999993],[-73.94551899978138,40.802794999936694],[-73.94595599962439,40.802159999669065],[-73.94550799991073,40.80197100004826],[-73.94596800021827,40.80134199975473],[-73.9466600003294,40.80163400001496],[-73.94684199990428,40.801709999881346],[-73.94706399966212,40.801388000137116],[-73.94681099994214,40.80128099974542],[-73.94708799995158,40.8009289999343],[-73.94646199996268,40.80066500021092],[-73.94697400014876,40.799960999668706],[-73.9472949996408,40.79951800011235],[-73.9474000001211,40.79937399986698],[-73.94773499985686,40.79891399969162],[-73.94781600004771,40.79880500009652],[-73.94831099961704,40.79812900017639],[-73.94879199984098,40.797478000030814],[-73.94909700033782,40.79705699985826],[-73.94922000036148,40.79691000000587],[-73.94960399960272,40.797050000099375],[-73.95054099993622,40.797441999742475],[-73.95057799974614,40.797457000205014],[-73.95086800017437,40.79757800004932],[-73.95091300038023,40.797596999825004],[-73.95248300037531,40.79825299980411],[-73.95528899955637,40.79943500026882],[-73.95776200044808,40.80047199988269],[-73.9577980004331,40.80047899996082],[-73.95819500009314,40.800552999866795],[-73.95835400010182,40.800336999689534],[-73.9586190004157,40.79997699987212],[-73.95922000029019,40.80022900001733],[-73.95883500032576,40.80081599973817],[-73.95903199996923,40.800898999894954],[-73.95964700008747,40.80115600004172],[-73.96015800044863,40.801386000239454],[-73.96107700034047,40.80180000021898],[-73.96091599978368,40.80226199998562],[-73.96031900010712,40.803992000104856]]]]}},{"type":"Feature","properties":{"zip":"10027","income":23150},"geometry":{"type":"MultiPolygon","coordinates":[[[[-73.96551100014128,40.81376199974369],[-73.96537899989679,40.81395899989463],[-73.96435799989767,40.815500999899875],[-73.96416700010198,40.815790000193424],[-73.96206700037744,40.818098999938016],[-73.96298000042151,40.81851200031817],[-73.96189400012508,40.818262000322754],[-73.96134400030418,40.81891699996996],[-73.9610370001575,40.819200000216284],[-73.96082100024744,40.819439999909065],[-73.96053099981923,40.819768999841465],[-73.96041899966623,40.81996299980338],[-73.96000699993758,40.82042200023987],[-73.95976699973808,40.82041100021768],[-73.95881000021139,40.82153199989707],[-73.95874300026423,40.82161999989585],[-73.95864199998191,40.82158299980244],[-73.95852800017907,40.82154199974833],[-73.95840699980525,40.821496999726094],[-73.95830100039835,40.82146100023015],[-73.95820799961362,40.821421000087454],[-73.95792899995436,40.82130100019458],[-73.9575230000735,40.82114299975518],[-73.95773899998356,40.82110200010893],[-73.9579669995892,40.821014000102714],[-73.958164000131,40.82089300015841],[-73.95826700006317,40.82079899989764],[-73.95841500020117,40.82062600032075],[-73.95887399978548,40.820006000170174],[-73.95822500023039,40.81973200007513],[-73.95602300039859,40.81880199975791],[-73.95545099993807,40.819377000184204],[-73.95495200017079,40.81916800023696],[-73.9551019999586,40.81882300030806],[-73.95336399973402,40.81806199992],[-73.95328099989334,40.81763300011543],[-73.95318999965674,40.817594999792966],[-73.95227300031304,40.81722099975158],[-73.95276299985949,40.81654300032836],[-73.95286800033978,40.81584600010944],[-73.95297399974667,40.815069999685086],[-73.95085999977846,40.814186999722146],[-73.94976599998441,40.815688999666996],[-73.94971499993079,40.81579900015888],[-73.94968800016662,40.81591999987736],[-73.9496870003417,40.81602699978166],[-73.94970599970996,40.8161350002598],[-73.94974699971783,40.816238000237284],[-73.94979600012164,40.81632100014236],[-73.94986899991657,40.81641000031839],[-73.9499629996279,40.816494000069454],[-73.95002100025255,40.816638999939826],[-73.95006300008534,40.81679800028668],[-73.95008300017682,40.81695400008987],[-73.95008200035191,40.81712799977748],[-73.95005899988737,40.817286000262825],[-73.95001700005459,40.81744100023121],[-73.94995500013029,40.81759100029446],[-73.94986600044187,40.81774899967701],[-73.94976199978645,40.817889000002985],[-73.94973400019737,40.817921999959125],[-73.94963299991502,40.81807300033174],[-73.94953599983064,40.818189999839355],[-73.94939799973838,40.81832699981394],[-73.949264999669,40.818433999914944],[-73.94911999990403,40.81853200024992],[-73.94896400026843,40.818620000149814],[-73.94884899974238,40.81867599971637],[-73.9487080001754,40.81874899969944],[-73.94857099990804,40.81884100009454],[-73.9484699996257,40.81892600019094],[-73.94837400026455,40.81902499982206],[-73.94828800005082,40.81913700026352],[-73.94826999960915,40.81916700021612],[-73.94762000022914,40.820051999851906],[-73.94757900022127,40.82013299973113],[-73.94755699958164,40.820220000221425],[-73.94755199955877,40.820300999895494],[-73.9475680003506,40.820397000186794],[-73.94759400028987,40.820465000309106],[-73.94771300011556,40.82074900006631],[-73.9478720001242,40.82112899987882],[-73.94777400021492,40.82118300006549],[-73.94767999960528,40.82096499974732],[-73.94651700021427,40.82144899971398],[-73.94607799982313,40.8212639999232],[-73.94640300041145,40.820571999680595],[-73.94671800005571,40.819894999846284],[-73.94703600007304,40.81920899971907],[-73.9473499998924,40.8185349996613],[-73.94766600025989,40.817854999989855],[-73.94800900039156,40.81711599983713],[-73.94835599982288,40.81637400010116],[-73.94867700021324,40.81569199988683],[-73.94748899980958,40.815206999984355],[-73.94701599998155,40.81500699988916],[-73.94724699996024,40.81469400018897],[-73.94673599959908,40.8144789998956],[-73.94542300042022,40.8139270001066],[-73.9452889996276,40.81410899967251],[-73.94481300032487,40.8139200000872],[-73.94473600033199,40.813888999700886],[-73.94464900029332,40.81400900008493],[-73.94440800026891,40.81390700014629],[-73.94410299977207,40.81377900012144],[-73.94432600025314,40.81346499995994],[-73.94411399964272,40.8133379998709],[-73.94247199967761,40.81263399981902],[-73.94255399969337,40.81250600005776],[-73.94214500033777,40.8123429998078],[-73.94224900009483,40.8122009997642],[-73.94272100009795,40.811568000019335],[-73.94317200018467,40.81094200000909],[-73.94339800014048,40.81063000031841],[-73.94059399971093,40.80937799981005],[-73.94060700012973,40.8090430003384],[-73.94040399974014,40.80895799981779],[-73.94086099967463,40.80833400002968],[-73.94131799960911,40.807712999714006],[-73.94177100024396,40.80708899977768],[-73.94226199961533,40.80641599987076],[-73.94275399970991,40.80574400016154],[-73.94340200033844,40.806014000036804],[-73.94430199996371,40.806390999979186],[-73.94478300018763,40.80576099987381],[-73.9452390002972,40.80513599970947],[-73.94569299985866,40.80451500006594],[-73.9461310004249,40.80387699986096],[-73.9445970004148,40.803228000171416],[-73.9446669998367,40.803129999669906],[-73.94512899979404,40.80304700026303],[-73.9456889996607,40.803299999892545],[-73.9476600004121,40.80416399997353],[-73.94789100039078,40.80447900019423],[-73.94781299967467,40.80458699975085],[-73.94832499986074,40.8048020001394],[-73.94854099977081,40.804482999803156],[-73.95036600003404,40.80525200004232],[-73.95014199972805,40.80556900031044],[-73.95065399991412,40.8057849997802],[-73.95218399972626,40.80642599996078],[-73.95285699957081,40.806708999775],[-73.95350000017646,40.80698100021296],[-73.95387799956991,40.80713999990765],[-73.95397200017956,40.80717999982223],[-73.95434700009828,40.806656999784266],[-73.95490899961476,40.80688899968962],[-73.95452799984825,40.80741499985313],[-73.95494899979774,40.807593000181974],[-73.9554109997551,40.80696599986287],[-73.95680599984802,40.80754599982449],[-73.95634399989063,40.80817400028956],[-73.95588399958311,40.808802000250914],[-73.95543000002166,40.80942900022061],[-73.95496600041449,40.81006400029037],[-73.95680099982513,40.810838999968354],[-73.95780799958054,40.811264000313216],[-73.95827200008603,40.810629000168824],[-73.95709100025337,40.81008000009799],[-73.95724500023915,40.80940400010425],[-73.9574250001642,40.809050000192435],[-73.95761699978482,40.80867100003931],[-73.95794900004584,40.80805300004287],[-73.95840699980525,40.80741899996507],[-73.95935699965925,40.80612100027779],[-73.95950700034538,40.80618199991856],[-73.95976500008824,40.80628899988868],[-73.95997599997543,40.805953000241594],[-73.96000600011267,40.80590499986176],[-73.96131599981676,40.80645500000926],[-73.96135799964956,40.806398000112964],[-73.96154799962036,40.80613600013893],[-73.9620079999279,40.805509000332954],[-73.96247300025831,40.80570500028517],[-73.96484800034244,40.806707000037605],[-73.96438999968473,40.80733800020086],[-73.96417100029993,40.80763699992223],[-73.96466500004433,40.80787899967227],[-73.9651110001082,40.80806699995906],[-73.96566099992909,40.80830999968533],[-73.96560200037787,40.80839000011962],[-73.96541900007975,40.80863999992021],[-73.96573399972402,40.8087489996826],[-73.96590000030369,40.80880600027925],[-73.96651799989667,40.80822599977144],[-73.9669790000291,40.8075960000879],[-73.96869499961407,40.80826999977199],[-73.96887399971422,40.80834099995855],[-73.96922199986876,40.80850600020403],[-73.96551100014128,40.81376199974369]],[[-73.96391799968163,40.81055100001578],[-73.96347699964066,40.8103730001425],[-73.96305800023931,40.810947000053204],[-73.96401899996397,40.811331000139965],[-73.96442400001992,40.81075499985632],[-73.96391799968163,40.81055100001578]]]]}},{"type":"Feature","properties":{"zip":"10028","income":77565},"geometry":{"type":"MultiPolygon","coordinates":[[[[-73.962303000379,40.77894700033491],[-73.9618389998735,40.779584000074166],[-73.9613610000226,40.78024099973518],[-73.96091900015674,40.78085000024878],[-73.96041600019149,40.78153200005231],[-73.95992099972385,40.78221299975774],[-73.95832099959152,40.78153399986788],[-73.95855099974528,40.7812169997775],[-73.95757699960187,40.780808000275336],[-73.95735599966892,40.781128000018704],[-73.95670799993871,40.78085599975694],[-73.95720199968312,40.78017900013594],[-73.95558499983237,40.779496000106484],[-73.95531500039395,40.77986600011279],[-73.95509299973777,40.78017199995812],[-73.95503199963841,40.780057999873726],[-73.95521199956346,40.77981400018124],[-73.95435700014401,40.779453000018066],[-73.9545389997189,40.77920600031551],[-73.95437300003756,40.779136000199735],[-73.9541930001125,40.7793820002224],[-73.95382999988934,40.779228999676654],[-73.95364199956836,40.779482000286386],[-73.95349199978052,40.77949600010648],[-73.95367300042882,40.779246999999195],[-73.95375799991932,40.779129999855975],[-73.95329000011418,40.77892899993102],[-73.95324599973324,40.77897999992895],[-73.95202399989269,40.77846299987061],[-73.95229599987925,40.77810900024393],[-73.95225900006933,40.77809300021238],[-73.9517429996853,40.77787499982401],[-73.95143100041408,40.77829999968495],[-73.95124800011597,40.77855099984627],[-73.95010599974304,40.77806999977768],[-73.94887999970453,40.777553000119674],[-73.94662799964404,40.77660400018115],[-73.94674800019295,40.776439000226965],[-73.94686199999578,40.77628299974498],[-73.9450690004179,40.77560999976335],[-73.94495399989187,40.77558399983756],[-73.94488500029492,40.775582999840196],[-73.94473200013401,40.77551799998015],[-73.94467699988243,40.7755949998074],[-73.94464900029332,40.775582999840196],[-73.94463500004964,40.77560399978141],[-73.94452100024682,40.77555499990825],[-73.94443900023104,40.775677000205576],[-73.94427799967426,40.77560799976942],[-73.94476499974598,40.77493599975977],[-73.94526699988631,40.77425200022828],[-73.94572800001876,40.773621999890025],[-73.9447510004006,40.77319099983453],[-73.94453100029257,40.773092999894295],[-73.94446599999524,40.77306500027355],[-73.94433700012381,40.77310799973483],[-73.94495100041712,40.77246600026397],[-73.94531499956689,40.77217100015426],[-73.94561000001798,40.77194300022135],[-73.9462929999083,40.771366000282555],[-73.94687100021659,40.77076699992304],[-73.94750200022837,40.77012099996497],[-73.94761500020627,40.77016999976382],[-73.94771599959029,40.7702159999725],[-73.9477940003064,40.77024899982163],[-73.94807299996566,40.77039400003634],[-73.94758400024412,40.771079999957706],[-73.94746500041845,40.77124100004463],[-73.9473569995651,40.77138700019606],[-73.94908499974395,40.772130000185236],[-73.94932099974548,40.771812000064166],[-73.94993699968865,40.77207300007013],[-73.9498780001374,40.772152999955246],[-73.94984700017527,40.77219499995845],[-73.9498000003196,40.7722599996681],[-73.94973099982431,40.77235500001895],[-73.94971900012875,40.77237200011751],[-73.94970400006014,40.77239299971306],[-73.95146200037621,40.773131999880924],[-73.95149800036123,40.77315199988257],[-73.95131800043617,40.773401999735945],[-73.9517710001727,40.77359099972996],[-73.95231400032091,40.773821000178],[-73.95249800044392,40.773568999805065],[-73.95384999998083,40.774138000188664],[-73.9540800001346,40.7738190001302],[-73.95426400025762,40.77389699990849],[-73.95443199958878,40.77396800012423],[-73.95455600033566,40.77401999986995],[-73.95472500039006,40.774090999954254],[-73.95499099963052,40.774203000038284],[-73.95508000021731,40.774240000018494],[-73.9551160002023,40.77425500028039],[-73.95488199985058,40.77457899966849],[-73.95558400000745,40.7748729999631],[-73.95568299974165,40.7749140002803],[-73.95550000034186,40.77516500030993],[-73.95590299984967,40.77533400003148],[-73.95611100026214,40.77505799983323],[-73.95658300026525,40.77525899990623],[-73.95677999990873,40.774991000127315],[-73.95679800035042,40.774966999972534],[-73.95839900030765,40.7756420003384],[-73.95820299959075,40.77590900021979],[-73.9581709998037,40.775951999881265],[-73.95876300035572,40.776202000082804],[-73.95893900008281,40.7759569998401],[-73.9589940003344,40.77598000032612],[-73.95881600005916,40.77622199984063],[-73.95978799965447,40.77663700025883],[-73.96001699998332,40.776322999886055],[-73.960544000238,40.776544999857045],[-73.96055599993358,40.776549999771234],[-73.96032400012999,40.77686900032181],[-73.9609710000353,40.77714199987728],[-73.96100299982236,40.777098000331264],[-73.96142799996976,40.777276000325024],[-73.9614740000005,40.777213000026364],[-73.9619729997678,40.77743299980524],[-73.96189999997286,40.777533000082315],[-73.96237500034903,40.7777330001848],[-73.96242800005247,40.77766099994514],[-73.96255899957373,40.77771600009747],[-73.96263999976458,40.777605999747315],[-73.96313100003425,40.777812000093384],[-73.96276799981108,40.77831299979788],[-73.962303000379,40.77894700033491]]]]}},{"type":"Feature","properties":{"zip":"10029","income":22232},"geometry":{"type":"MultiPolygon","coordinates":[[[[-73.96380399987882,40.79288100013373],[-73.96371099999239,40.79301299996308],[-73.96322300009575,40.79367500006414],[-73.96283399993334,40.79420300033377],[-73.96235899955717,40.79485199985716],[-73.96189900014797,40.79548000006571],[-73.96143999966533,40.7961110001994],[-73.9609790004312,40.7967379997005],[-73.9605230003216,40.79736900011797],[-73.9600370000748,40.7980379999622],[-73.95953699958429,40.79871899973439],[-73.95907700017507,40.79935200032145],[-73.9586190004157,40.79997699987212],[-73.95835400010182,40.800336999689534],[-73.95819500009314,40.800552999866795],[-73.9577980004331,40.80047899996082],[-73.95776200044808,40.80047199988269],[-73.95528899955637,40.79943500026882],[-73.95248300037531,40.79825299980411],[-73.95091300038023,40.797596999825004],[-73.95086800017437,40.79757800004932],[-73.95057799974614,40.797457000205014],[-73.95054099993622,40.797441999742475],[-73.94960399960272,40.797050000099375],[-73.94922000036148,40.79691000000587],[-73.94909700033782,40.79705699985826],[-73.94879199984098,40.797478000030814],[-73.94831099961704,40.79812900017639],[-73.94781600004771,40.79880500009652],[-73.94773499985686,40.79891399969162],[-73.9474000001211,40.79937399986698],[-73.9472949996408,40.79951800011235],[-73.94697400014876,40.799960999668706],[-73.94646199996268,40.80066500021092],[-73.94594800012679,40.80044899971811],[-73.94569000038393,40.80081100029075],[-73.94505000015133,40.80054199995037],[-73.94529700002353,40.800174999775315],[-73.94484799958664,40.799985999942365],[-73.94470700001966,40.80017800001658],[-73.94458399999603,40.80034599971095],[-73.94347400030844,40.799884999839755],[-73.94360900002766,40.79969999975831],[-73.94342999992752,40.79962400031058],[-73.9435350004078,40.79943300031227],[-73.94323800030689,40.79930900016866],[-73.94307599992518,40.79952900019853],[-73.9429710003432,40.799671000158284],[-73.94134899957126,40.79899199992215],[-73.94139100030235,40.798934999736545],[-73.94099999959178,40.79877400012906],[-73.94096299978187,40.798824000201016],[-73.9401409999744,40.7984800002226],[-73.94025599960213,40.79832100018164],[-73.93986999981276,40.79814999978961],[-73.93995400037666,40.79803599996361],[-73.94002100032381,40.79794700030333],[-73.93965800010064,40.79779399968395],[-73.93938899958881,40.79815399977997],[-73.93795300038634,40.79755199988219],[-73.93798799964812,40.79750499989427],[-73.9379220004242,40.7974769996831],[-73.93814800038,40.79715899985598],[-73.93777400028618,40.79700200008113],[-73.93771599966156,40.79697700004369],[-73.93540800042291,40.79600400014204],[-73.93520400020837,40.79591800023151],[-73.93501099986453,40.795837000032066],[-73.93475700031964,40.79619899991395],[-73.93334999963285,40.795607000329],[-73.9333749997472,40.79557200008256],[-73.93306199975274,40.795439999900395],[-73.93292000036084,40.79537600012974],[-73.93303099979062,40.79522600017055],[-73.93315700018731,40.79505499996682],[-73.93161800015433,40.79440200017153],[-73.93133899959676,40.794251000335585],[-73.93123800021274,40.79418700009883],[-73.93109400027271,40.794090000249284],[-73.93309400043812,40.79298200001132],[-73.933460000136,40.792764999943344],[-73.93384400027557,40.792489999825634],[-73.93504900039768,40.791690000116915],[-73.93562599998278,40.79126300003777],[-73.93599900025167,40.790856000045444],[-73.93636099975161,40.790404000251804],[-73.9366770001191,40.789974000041845],[-73.9368810003336,40.78966900025315],[-73.93712900003072,40.789183000119095],[-73.93733300024522,40.788753000163865],[-73.93760400040686,40.78811999985614],[-73.9378529999289,40.787600000075614],[-73.93810200034925,40.78720400016415],[-73.93854599986494,40.78671200001445],[-73.93855699973561,40.786700000014996],[-73.93924200017402,40.785851000163674],[-73.9397190002,40.78531499996787],[-73.94060200010685,40.784815999738406],[-73.9410990002243,40.78454400029587],[-73.94171900036542,40.78428199976451],[-73.9426609998235,40.783760000110945],[-73.94323300028402,40.783239000317934],[-73.94360400000481,40.78264999980522],[-73.9437599996404,40.78282899977441],[-73.94383300033365,40.782858999817066],[-73.94395499963406,40.78291600020084],[-73.94405400026659,40.78296400019967],[-73.94472299991318,40.78324700005451],[-73.94422300032097,40.78393299989951],[-73.94658800035937,40.78494100028147],[-73.94882700000107,40.7858810002016],[-73.94901399959883,40.7859580002596],[-73.94927399988983,40.7860639996634],[-73.94931499989771,40.786081000334846],[-73.94955500009722,40.78575299985463],[-73.94992499999307,40.785908999862016],[-73.950658999937,40.78623199970658],[-73.9509269997256,40.785865999844276],[-73.95128800029894,40.786018000225255],[-73.95130800039041,40.78602600030724],[-73.95103899987859,40.7863860002797],[-73.95228300035878,40.786914000019266],[-73.95255100014738,40.78654899966695],[-73.95416299997527,40.78722700015661],[-73.95577800017622,40.787914000192096],[-73.95599900010916,40.788034999745314],[-73.9561430000492,40.78812799968495],[-73.95622900026292,40.78826499983409],[-73.95629399966194,40.78842299967006],[-73.95631499957834,40.78851700022921],[-73.95637900005073,40.78871200022677],[-73.95651200012014,40.78888899990668],[-73.95674999977152,40.78920399984155],[-73.95739400020207,40.7894750001336],[-73.95825899966724,40.789843999857204],[-73.95852499980603,40.78994800029731],[-73.95877099985331,40.79002699996035],[-73.9589940003344,40.79008700033035],[-73.95917799955909,40.79012800009861],[-73.9593969998422,40.79016299981437],[-73.95959400038403,40.79020499999303],[-73.95984700010402,40.79027599978125],[-73.96006300001409,40.79035300018424],[-73.96026999970333,40.79044199982323],[-73.96048499978845,40.7905529997714],[-73.9606770003074,40.79067000019597],[-73.9608320001181,40.790782000211664],[-73.9610649997466,40.79094000017969],[-73.96132599986251,40.79109900021563],[-73.96158299978046,40.791235999676076],[-73.96179200001784,40.79133799977581],[-73.96206300017948,40.79145699969418],[-73.96237199997597,40.791573000129446],[-73.96256000029696,40.79163499997409],[-73.9641760003228,40.792361999975924],[-73.96389699976523,40.792751000199836],[-73.96380399987882,40.79288100013373]]]]}},{"type":"Feature","properties":{"zip":"10030","income":17970},"geometry":{"type":"MultiPolygon","coordinates":[[[[-73.94800900039156,40.81711599983713],[-73.94766600025989,40.817854999989855],[-73.9473499998924,40.8185349996613],[-73.94703600007304,40.81920899971907],[-73.94671800005571,40.819894999846284],[-73.94640300041145,40.820571999680595],[-73.94607799982313,40.8212639999232],[-73.94475600042345,40.82403200007407],[-73.94384199965616,40.823648000085996],[-73.94403099980205,40.82325099976467],[-73.94323499993384,40.8229210001444],[-73.9435060000955,40.822627999772884],[-73.94241099957824,40.822163999768506],[-73.94191699983381,40.822836999694665],[-73.9390770003176,40.82163700029934],[-73.9362269998573,40.820438000268915],[-73.93672099960172,40.81976999985321],[-73.93718099990926,40.819143999732475],[-73.93764100021679,40.81851699979178],[-73.93808700028063,40.81789999976357],[-73.93833800035078,40.81755500003829],[-73.93853900019224,40.81728200006582],[-73.93899100010387,40.81666299999094],[-73.93945700025918,40.81602699978166],[-73.93967999984196,40.81571899981926],[-73.93990900017083,40.815403999923774],[-73.94036899958003,40.814773999725],[-73.94085499982685,40.814106000061024],[-73.94143099958701,40.81434900010747],[-73.9416759998094,40.813977000320975],[-73.94183300016823,40.8140430000296],[-73.94205199955303,40.8137340002718],[-73.94134699992142,40.81343799979006],[-73.94180300003102,40.81281500009574],[-73.94229500012558,40.8130210000014],[-73.94247199967761,40.81263399981902],[-73.94411399964272,40.8133379998709],[-73.94432600025314,40.81346499995994],[-73.94410299977207,40.81377900012144],[-73.94440800026891,40.81390700014629],[-73.94464900029332,40.81400900008493],[-73.94473600033199,40.813888999700886],[-73.94481300032487,40.8139200000872],[-73.9452889996276,40.81410899967251],[-73.94542300042022,40.8139270001066],[-73.94673599959908,40.8144789998956],[-73.94724699996024,40.81469400018897],[-73.94701599998155,40.81500699988916],[-73.94748899980958,40.815206999984355],[-73.94867700021324,40.81569199988683],[-73.94835599982288,40.81637400010116],[-73.94800900039156,40.81711599983713]]]]}},{"type":"Feature","properties":{"zip":"10031","income":24285},"geometry":{"type":"MultiPolygon","coordinates":[[[[-73.95746199997413,40.82686999974593],[-73.95727500037637,40.82714500016264],[-73.95698900014612,40.82707000010028],[-73.95632999964694,40.82795299986858],[-73.95511200000435,40.827455999778856],[-73.95475200015423,40.82792799993525],[-73.95456499965817,40.82784100003941],[-73.95442900011406,40.82807399984768],[-73.95382999988934,40.82865199973495],[-73.95317700013628,40.82972400014534],[-73.95224700037376,40.83127999980861],[-73.9502789999954,40.83432599984619],[-73.94993199966576,40.83419799980294],[-73.9499119995743,40.83419099988372],[-73.94988800018314,40.83418199969523],[-73.94981100019025,40.83415400000715],[-73.9497929997486,40.83414799987825],[-73.94977100000729,40.83414000015869],[-73.94966999972495,40.834103000253634],[-73.94961600019658,40.8340830002596],[-73.94934199966188,40.83398199972191],[-73.94971400010589,40.83269700011532],[-73.94676900010936,40.83147099989953],[-73.943922999847,40.830270999716994],[-73.94345800041492,40.83007299989357],[-73.9432249998881,40.83038499990324],[-73.94181100042694,40.82978999981985],[-73.94195199999393,40.829433000333665],[-73.94107800030791,40.82908300006445],[-73.94062200019835,40.82972400014534],[-73.94027700041684,40.83020999979321],[-73.94023100038609,40.830282999996285],[-73.93987700038377,40.82998500023542],[-73.93978799979699,40.82990500001231],[-73.93975699983486,40.82986399966512],[-73.93970900015427,40.82977400000776],[-73.93967399999416,40.82967099997808],[-73.9396620002986,40.82958000019494],[-73.93966800014638,40.82948100000513],[-73.93968900006278,40.829391999694614],[-73.93972900024575,40.82930200007637],[-73.94031599987657,40.82849600025469],[-73.94090500005555,40.827685000010774],[-73.94153600006732,40.82682100031826],[-73.94110199969906,40.82671099975095],[-73.94059500043416,40.826414000162885],[-73.94104899999559,40.825792999815796],[-73.94150299955704,40.825170999841],[-73.9419560001919,40.8245549997885],[-73.9424299998448,40.82390900029866],[-73.94292399958921,40.82326000007742],[-73.94384199965616,40.823648000085996],[-73.94475600042345,40.82403200007407],[-73.94607799982313,40.8212639999232],[-73.94651700021427,40.82144899971398],[-73.94767999960528,40.82096499974732],[-73.94777400021492,40.82118300006549],[-73.9478720001242,40.82112899987882],[-73.94771300011556,40.82074900006631],[-73.94759400028987,40.820465000309106],[-73.9475680003506,40.820397000186794],[-73.94755199955877,40.820300999895494],[-73.94755699958164,40.820220000221425],[-73.94757900022127,40.82013299973113],[-73.94762000022914,40.820051999851906],[-73.94826999960915,40.81916700021612],[-73.94828800005082,40.81913700026352],[-73.94837400026455,40.81902499982206],[-73.9484699996257,40.81892600019094],[-73.94857099990804,40.81884100009454],[-73.9487080001754,40.81874899969944],[-73.94884899974238,40.81867599971637],[-73.94896400026843,40.818620000149814],[-73.94911999990403,40.81853200024992],[-73.949264999669,40.818433999914944],[-73.94939799973838,40.81832699981394],[-73.94953599983064,40.818189999839355],[-73.94963299991502,40.81807300033174],[-73.94973400019737,40.817921999959125],[-73.94976199978645,40.817889000002985],[-73.94986600044187,40.81774899967701],[-73.94995500013029,40.81759100029446],[-73.95001700005459,40.81744100023121],[-73.95005899988737,40.817286000262825],[-73.95008200035191,40.81712799977748],[-73.95008300017682,40.81695400008987],[-73.95006300008534,40.81679800028668],[-73.95002100025255,40.816638999939826],[-73.9499629996279,40.816494000069454],[-73.94986899991657,40.81641000031839],[-73.94979600012164,40.81632100014236],[-73.94974699971783,40.816238000237284],[-73.94970599970996,40.8161350002598],[-73.9496870003417,40.81602699978166],[-73.94968800016662,40.81591999987736],[-73.94971499993079,40.81579900015888],[-73.94976599998441,40.815688999666996],[-73.95085999977846,40.814186999722146],[-73.95297399974667,40.815069999685086],[-73.95286800033978,40.81584600010944],[-73.95276299985949,40.81654300032836],[-73.95227300031304,40.81722099975158],[-73.95318999965674,40.817594999792966],[-73.95328099989334,40.81763300011543],[-73.95336399973402,40.81806199992],[-73.9551019999586,40.81882300030806],[-73.95495200017079,40.81916800023696],[-73.95545099993807,40.819377000184204],[-73.95602300039859,40.81880199975791],[-73.95822500023039,40.81973200007513],[-73.95887399978548,40.820006000170174],[-73.95841500020117,40.82062600032075],[-73.95826700006317,40.82079899989764],[-73.958164000131,40.82089300015841],[-73.9579669995892,40.821014000102714],[-73.95773899998356,40.82110200010893],[-73.9575230000735,40.82114299975518],[-73.95792899995436,40.82130100019458],[-73.95820799961362,40.821421000087454],[-73.95830100039835,40.82146100023015],[-73.95840699980525,40.821496999726094],[-73.95852800017907,40.82154199974833],[-73.95864199998191,40.82158299980244],[-73.95874300026423,40.82161999989585],[-73.95821799965937,40.822349999741064],[-73.95800799959707,40.82279499976973],[-73.95831899994171,40.822831999866835],[-73.95820699978871,40.82305599994034],[-73.95964799991236,40.82367700008479],[-73.95919199980281,40.824342000071184],[-73.95746199997413,40.82686999974593]]]]}},{"type":"Feature","properties":{"zip":"10032","income":26237},"geometry":{"type":"MultiPolygon","coordinates":[[[[-73.94975599993867,40.83570800015328],[-73.94959399955697,40.836829999963754],[-73.9485829996036,40.839600000210666],[-73.94772099961315,40.841448000210605],[-73.9462939997332,40.84368099968008],[-73.94617599973242,40.84403700027031],[-73.94604900040915,40.84458000008588],[-73.94620099984678,40.845016999989056],[-73.94628700006051,40.845576000009515],[-73.94645100009203,40.84596000008387],[-73.94657400011567,40.846289000276585],[-73.94652800008492,40.84651800001671],[-73.94681299959197,40.84682800021434],[-73.94689399978282,40.847230999662294],[-73.94679500004861,40.84745299966701],[-73.94670100033728,40.84767299974611],[-73.94673999979703,40.848482000279084],[-73.94700500011089,40.85045899966396],[-73.94509500035717,40.85010900031994],[-73.94495399989187,40.85008200011904],[-73.9447999999061,40.850050000093134],[-73.94412000038884,40.849921999835026],[-73.94399800019009,40.849898999826195],[-73.94383900018143,40.849866999711885],[-73.94318700025327,40.84975500020952],[-73.9432170003905,40.849650000164395],[-73.94340300016334,40.849178999972644],[-73.9440690003352,40.84784999982313],[-73.94391799982415,40.84786299990609],[-73.9435760004157,40.84789200018662],[-73.9433370000411,40.84825900006236],[-73.94314899972012,40.84823600015578],[-73.94300399995517,40.8482189997765],[-73.94287500008373,40.848280000117796],[-73.94274200001435,40.84830499985161],[-73.94248000007354,40.848319999687355],[-73.94248300044657,40.848133000269335],[-73.9425069998377,40.84794600032364],[-73.94258499965551,40.84766200016717],[-73.94269500015868,40.84740199995214],[-73.94290400039606,40.84702399972247],[-73.94306900025249,40.846725999783295],[-73.9430769997501,40.84657300020141],[-73.94262800021153,40.84643600013839],[-73.94262900003645,40.8463409997796],[-73.94260999976986,40.8462310003385],[-73.94051800044126,40.84536900033652],[-73.94038000034902,40.84570599974937],[-73.94024100043183,40.84604800028304],[-73.93915400031048,40.84562400022545],[-73.93945100041141,40.84516200001691],[-73.93911300030261,40.84501899993068],[-73.93922100025763,40.8448300000846],[-73.93885499966143,40.844679000154684],[-73.93873099981289,40.844636000156676],[-73.9384859995905,40.844981999981705],[-73.93741899956063,40.84453500006749],[-73.9372689997728,40.844476999953415],[-73.93751800019315,40.844137000115],[-73.93714499992426,40.8439800000467],[-73.93699199976338,40.84419899977986],[-73.93688499963325,40.84415299985872],[-73.93679799959462,40.84427299985197],[-73.93590100034238,40.84385800022593],[-73.93612599957497,40.84354999971263],[-73.93592100043386,40.843466000250956],[-73.93569999960262,40.843376000029956],[-73.93545600010346,40.84370399980843],[-73.93445400037093,40.84324599979708],[-73.93467100010591,40.84295799987837],[-73.93514099956087,40.842310999914616],[-73.93556700043153,40.841712999763075],[-73.93561099991418,40.8416090002497],[-73.93563699985343,40.841500000114],[-73.93564199987628,40.84138899974805],[-73.93562799963259,40.84127900024277],[-73.93559500002064,40.841172999990796],[-73.93543600001198,40.840751000076395],[-73.93529500044498,40.84047499998362],[-73.93523199979748,40.840395000185055],[-73.93514099956087,40.840252000007375],[-73.93507600016187,40.840114000085165],[-73.93503099995601,40.83997799996934],[-73.9350019996437,40.83982800024756],[-73.93499499997101,40.83966799967181],[-73.9350080003898,40.83952299985714],[-73.93503299960584,40.83940599992541],[-73.9350789996366,40.8392669998833],[-73.93514800013189,40.83912600010999],[-73.93523799964527,40.83898700016041],[-73.9353399997525,40.838864999983976],[-73.93546000030142,40.838748000250064],[-73.93553300009634,40.83870199994378],[-73.93575300020437,40.83854700005083],[-73.93593300012944,40.83839499966787],[-73.93609600033608,40.83823399997755],[-73.93623100005527,40.83807799993422],[-73.93638300039122,40.837849999994646],[-73.9366910003628,40.83719300025439],[-73.93702299972553,40.83646899992397],[-73.93738299957562,40.83569000018692],[-73.93775099982165,40.834889000134176],[-73.93786299997464,40.83463800023303],[-73.93789599958662,40.83454699979038],[-73.93793599976958,40.83445800016285],[-73.93798299962523,40.83437099999911],[-73.93803700005192,40.83428599998665],[-73.93809700032638,40.83420399992734],[-73.93816400027353,40.83412499983226],[-73.93823799989337,40.83404899971219],[-73.9383170004344,40.83397700005468],[-73.93840199992489,40.833907999714775],[-73.93849200033661,40.83384299986082],[-73.9391550001354,40.83327799990985],[-73.93927300013618,40.83319999988],[-73.93938199991612,40.8331109998036],[-73.9394780001756,40.8330129999402],[-73.93956000019135,40.83290899969088],[-73.93962600031358,40.832798999707165],[-73.93967599964402,40.83268500027296],[-73.94007499985216,40.83206699967817],[-73.94009400011873,40.832048000256],[-73.94017399958636,40.83195199983695],[-73.94025499977722,40.831827000137885],[-73.9403090002039,40.83171100004867],[-73.94034699983872,40.8315899999093],[-73.94036799975515,40.831467999713745],[-73.94037000030326,40.831332000211674],[-73.94034600001382,40.830457999913605],[-73.94016699991369,40.83038300019981],[-73.94023100038609,40.830282999996285],[-73.94027700041684,40.83020999979321],[-73.94062200019835,40.82972400014534],[-73.94107800030791,40.82908300006445],[-73.94195199999393,40.829433000333665],[-73.94181100042694,40.82978999981985],[-73.9432249998881,40.83038499990324],[-73.94345800041492,40.83007299989357],[-73.943922999847,40.830270999716994],[-73.94676900010936,40.83147099989953],[-73.94971400010589,40.83269700011532],[-73.94934199966188,40.83398199972191],[-73.94961600019658,40.8340830002596],[-73.94966999972495,40.834103000253634],[-73.94977100000729,40.83414000015869],[-73.9497929997486,40.83414799987825],[-73.94981100019025,40.83415400000715],[-73.94988800018314,40.83418199969523],[-73.9499119995743,40.83419099988372],[-73.94993199966576,40.83419799980294],[-73.9502789999954,40.83432599984619],[-73.94975599993867,40.83570800015328]]]]}},{"type":"Feature","properties":{"zip":"10033","income":31348},"geometry":{"type":"MultiPolygon","coordinates":[[[[-73.94340300016334,40.849178999972644],[-73.9432170003905,40.849650000164395],[-73.94318700025327,40.84975500020952],[-73.94316999963652,40.849847999955266],[-73.943161000314,40.84993500019109],[-73.94309699984159,40.85038799971351],[-73.94298999971147,40.850819000069606],[-73.94290299967284,40.85099700011756],[-73.94279899991575,40.85117199971383],[-73.94267800044025,40.85134000006014],[-73.94254000034799,40.85150200006342],[-73.94247699970047,40.8515649998445],[-73.9423860003622,40.851654999816105],[-73.9422189999576,40.85179900005998],[-73.94203900003257,40.8519310002351],[-73.94159100031891,40.85235500002752],[-73.94150099990723,40.85247900022965],[-73.94037699997595,40.85401599992944],[-73.94026099962501,40.85431300020749],[-73.94012599990579,40.85460599984971],[-73.93997199991999,40.85489299994513],[-73.93980799988847,40.855176000206704],[-73.93901200002027,40.85610899970183],[-73.93872999998796,40.856447999805255],[-73.93837799963545,40.856242999725545],[-73.93772900008035,40.8558650003315],[-73.93786999964733,40.85567899993495],[-73.93795300038634,40.85556999983983],[-73.93778799963157,40.85537399979093],[-73.93687899978546,40.85513600001978],[-73.9360379997114,40.854915000097606],[-73.93462699972498,40.85450100001792],[-73.9337050003584,40.85416899999188],[-73.9322280002497,40.85358200012119],[-73.93099600036342,40.85306200028316],[-73.93091599999747,40.85317000024039],[-73.93076600020964,40.853091999835954],[-73.93059700015525,40.85309599991121],[-73.93043099957558,40.853188000216136],[-73.93031099992498,40.85313700015888],[-73.93027699958978,40.85318299995913],[-73.92972299957091,40.85295299995912],[-73.92982600040139,40.8528099996984],[-73.92965999982172,40.85262400023742],[-73.92953400032336,40.85256900031867],[-73.92960299992032,40.85247600031515],[-73.92925899996376,40.85233099998351],[-73.928150999926,40.85186299976592],[-73.92797299965075,40.85210700028601],[-73.92792699962,40.85217099969447],[-73.92708499972106,40.85182200008889],[-73.92707999969818,40.851432000085445],[-73.92747700025652,40.850693999933334],[-73.92796900035111,40.85014999969803],[-73.92869200042439,40.84954900024223],[-73.92896299968774,40.84922299998804],[-73.9297769999976,40.84814999999113],[-73.93062100044469,40.8484810000208],[-73.93088400021041,40.84811899997553],[-73.93077200005742,40.84811899997553],[-73.93056799984294,40.848038999890214],[-73.92958299982884,40.847594999665716],[-73.92859600016493,40.84711800018237],[-73.92850800030138,40.847069000089405],[-73.92841399969173,40.84702600028309],[-73.9284890000348,40.84691999970893],[-73.92924899991797,40.845853999843264],[-73.92930300034469,40.845787999851446],[-73.92940899975156,40.84564000028973],[-73.9294959997902,40.845660000194684],[-73.9296990001798,40.84539300018401],[-73.92984399994475,40.845184000002824],[-73.93002300004488,40.84488000010713],[-73.93018500042659,40.84457699981378],[-73.93032500016866,40.84426199970873],[-73.93044800019233,40.84394599981841],[-73.9308409996544,40.8429039997543],[-73.9310449998689,40.84240599993411],[-73.9312699999998,40.84203799990903],[-73.93134299979472,40.84191900030401],[-73.93147500003921,40.841710000040784],[-73.93250799973387,40.83991099985468],[-73.93310000028589,40.83888100032072],[-73.93322199958632,40.838749999701236],[-73.9333749997472,40.83846100022573],[-73.93388600010836,40.837584000206675],[-73.93436200030942,40.83674800033249],[-73.93466799973285,40.83625799994115],[-73.93474600044897,40.836092000310444],[-73.93480300035039,40.835970000243194],[-73.93485600005384,40.83585699991373],[-73.93491100030542,40.83573599986469],[-73.93497700042766,40.83569499972497],[-73.93506299974307,40.83567800020659],[-73.93530799996545,40.83547799998874],[-73.93649600036913,40.8345689999014],[-73.93675499993691,40.834377999899324],[-73.93700600000707,40.834193000152034],[-73.9372970002602,40.83397799985223],[-73.93795699968598,40.83345399988399],[-73.93838500020647,40.833113999915064],[-73.93857500017725,40.8329149999319],[-73.9386830001323,40.832801000017476],[-73.93877299964566,40.832663000216485],[-73.93878600006447,40.8326469997383],[-73.93891199956285,40.832479000261586],[-73.93903799995954,40.83228100023475],[-73.93914699973948,40.832076999979996],[-73.93922499955727,40.83189999992003],[-73.93924399982386,40.83183699979623],[-73.93929900007544,40.831695999852435],[-73.93934299955808,40.8316120003218],[-73.9393800002663,40.83154300023941],[-73.93946999977967,40.83141100023627],[-73.93958699995554,40.831274000099285],[-73.93972800042084,40.831140999720326],[-73.93976299968263,40.8311109997462],[-73.93984399987347,40.83102600031213],[-73.93991099982064,40.830932000139406],[-73.93995900039953,40.8308329999291],[-73.93998899963843,40.830731000031555],[-73.94007900005013,40.83046399969674],[-73.94016699991369,40.83038300019981],[-73.94034600001382,40.830457999913605],[-73.94037000030326,40.831332000211674],[-73.94036799975515,40.831467999713745],[-73.94034699983872,40.8315899999093],[-73.9403090002039,40.83171100004867],[-73.94025499977722,40.831827000137885],[-73.94017399958636,40.83195199983695],[-73.94009400011873,40.832048000256],[-73.94007499985216,40.83206699967817],[-73.93967599964402,40.83268500027296],[-73.93962600031358,40.832798999707165],[-73.93956000019135,40.83290899969088],[-73.9394780001756,40.8330129999402],[-73.93938199991612,40.8331109998036],[-73.93927300013618,40.83319999988],[-73.9391550001354,40.83327799990985],[-73.93849200033661,40.83384299986082],[-73.93840199992489,40.833907999714775],[-73.9383170004344,40.83397700005468],[-73.93823799989337,40.83404899971219],[-73.93816400027353,40.83412499983226],[-73.93809700032638,40.83420399992734],[-73.93803700005192,40.83428599998665],[-73.93798299962523,40.83437099999911],[-73.93793599976958,40.83445800016285],[-73.93789599958662,40.83454699979038],[-73.93786299997464,40.83463800023303],[-73.93775099982165,40.834889000134176],[-73.93738299957562,40.83569000018692],[-73.93702299972553,40.83646899992397],[-73.9366910003628,40.83719300025439],[-73.93638300039122,40.837849999994646],[-73.93623100005527,40.83807799993422],[-73.93609600033608,40.83823399997755],[-73.93593300012944,40.83839499966787],[-73.93575300020437,40.83854700005083],[-73.93553300009634,40.83870199994378],[-73.93546000030142,40.838748000250064],[-73.9353399997525,40.838864999983976],[-73.93523799964527,40.83898700016041],[-73.93514800013189,40.83912600010999],[-73.9350789996366,40.8392669998833],[-73.93503299960584,40.83940599992541],[-73.9350080003898,40.83952299985714],[-73.93499499997101,40.83966799967181],[-73.9350019996437,40.83982800024756],[-73.93503099995601,40.83997799996934],[-73.93507600016187,40.840114000085165],[-73.93514099956087,40.840252000007375],[-73.93523199979748,40.840395000185055],[-73.93529500044498,40.84047499998362],[-73.93543600001198,40.840751000076395],[-73.93559500002064,40.841172999990796],[-73.93562799963259,40.84127900024277],[-73.93564199987628,40.84138899974805],[-73.93563699985343,40.841500000114],[-73.93561099991418,40.8416090002497],[-73.93556700043153,40.841712999763075],[-73.93514099956087,40.842310999914616],[-73.93467100010591,40.84295799987837],[-73.93445400037093,40.84324599979708],[-73.93545600010346,40.84370399980843],[-73.93569999960262,40.843376000029956],[-73.93592100043386,40.843466000250956],[-73.93612599957497,40.84354999971263],[-73.93590100034238,40.84385800022593],[-73.93679799959462,40.84427299985197],[-73.93688499963325,40.84415299985872],[-73.93699199976338,40.84419899977986],[-73.93714499992426,40.8439800000467],[-73.93751800019315,40.844137000115],[-73.9372689997728,40.844476999953415],[-73.93741899956063,40.84453500006749],[-73.9384859995905,40.844981999981705],[-73.93873099981289,40.844636000156676],[-73.93885499966143,40.844679000154684],[-73.93922100025763,40.8448300000846],[-73.93911300030261,40.84501899993068],[-73.93945100041141,40.84516200001691],[-73.93915400031048,40.84562400022545],[-73.94024100043183,40.84604800028304],[-73.94038000034902,40.84570599974937],[-73.94051800044126,40.84536900033652],[-73.94260999976986,40.8462310003385],[-73.94262900003645,40.8463409997796],[-73.94262800021153,40.84643600013839],[-73.9430769997501,40.84657300020141],[-73.94306900025249,40.846725999783295],[-73.94290400039606,40.84702399972247],[-73.94269500015868,40.84740199995214],[-73.94258499965551,40.84766200016717],[-73.9425069998377,40.84794600032364],[-73.94248300044657,40.848133000269335],[-73.94248000007354,40.848319999687355],[-73.94274200001435,40.84830499985161],[-73.94287500008373,40.848280000117796],[-73.94300399995517,40.8482189997765],[-73.94314899972012,40.84823600015578],[-73.9433370000411,40.84825900006236],[-73.9435760004157,40.84789200018662],[-73.94391799982415,40.84786299990609],[-73.9440690003352,40.84784999982313],[-73.94340300016334,40.849178999972644]]]]}},{"type":"Feature","properties":{"zip":"10034","income":29479},"geometry":{"type":"MultiPolygon","coordinates":[[[[-73.94633100044143,40.851031999666084],[-73.94606399957942,40.85117400014916],[-73.94550700008581,40.85141700027465],[-73.94463599987454,40.85193000002887],[-73.94410899961987,40.852053999667405],[-73.9433010000561,40.85248900017007],[-73.94269500015868,40.853063999981934],[-73.94212000022341,40.853715999820565],[-73.94126499990566,40.85505299977574],[-73.94090800042859,40.85564299997324],[-73.94055000022831,40.85624899989271],[-73.9377890003548,40.85981200031904],[-73.93583699986996,40.86267199992491],[-73.93298399993493,40.86691899996903],[-73.93246599990108,40.8676150000142],[-73.93240700034985,40.86848800018187],[-73.93254000041925,40.86908000016662],[-73.93252100015268,40.869913999881014],[-73.93060399982792,40.87329900008721],[-73.92935100002525,40.87535800009797],[-73.92859299979187,40.87618099992812],[-73.92795799958215,40.87660599987513],[-73.92774500004512,40.87667999975008],[-73.9274549996169,40.87679400025822],[-73.92712300025423,40.87704299977395],[-73.9264060000287,40.87764500023836],[-73.92647200015095,40.87731300007262],[-73.92643500034106,40.877248000000726],[-73.92612700036945,40.87713000029235],[-73.92565399964313,40.877169000276766],[-73.92548100028907,40.87725800027719],[-73.92524500028753,40.877370999967916],[-73.92504600009592,40.87743299977638],[-73.92469200009356,40.87740599984504],[-73.92312000044865,40.87731399989556],[-73.92264900027044,40.87684700009997],[-73.92238300013167,40.87660800022163],[-73.9223150003596,40.876232999742086],[-73.92251100017819,40.875549000177934],[-73.92266699981379,40.874907999736664],[-73.92242900016242,40.87398600010236],[-73.92167299957887,40.873282999909904],[-73.92085499996935,40.87303399983715],[-73.92027599983614,40.8731069997427],[-73.91989300041982,40.87379000020789],[-73.9203379997604,40.873997000065394],[-73.92095899972642,40.874545000232224],[-73.92137300000321,40.87508399987089],[-73.92101099960497,40.875549000177934],[-73.92037899976829,40.875331999852435],[-73.91918899971479,40.874877000015765],[-73.91882399984182,40.87469400029398],[-73.91770999995629,40.87460399969955],[-73.91685600036176,40.87469400029396],[-73.91486500041718,40.874409000143004],[-73.91395599967277,40.87417299990441],[-73.91294200024467,40.87390900031006],[-73.91149299972508,40.8733349999624],[-73.91146000011314,40.87332200012297],[-73.91143499999876,40.87329700031993],[-73.91058700025202,40.87245599979014],[-73.91061200036637,40.8709580002543],[-73.91118200027879,40.868729000068534],[-73.91177099955942,40.868095999868196],[-73.9144290003991,40.86418599975057],[-73.91510600044161,40.8643840002576],[-73.91591099963232,40.864271000140256],[-73.91499500011354,40.86352800018812],[-73.91552400001805,40.863041000213265],[-73.91627100038076,40.862500000273734],[-73.91667300006365,40.86233100032357],[-73.91700299977654,40.86194700001163],[-73.91737199984749,40.861678000291086],[-73.91763999963608,40.86142499980702],[-73.91771599980407,40.86111099969365],[-73.91795699982849,40.860761000231875],[-73.91820100022596,40.86048399983403],[-73.91840399971724,40.86013100020887],[-73.91895299971324,40.859448000169685],[-73.91959399977075,40.85882999975502],[-73.92083800025092,40.85925200004464],[-73.92144800034629,40.86037999988589],[-73.9219920003194,40.859562999865595],[-73.92150000022484,40.85900599982268],[-73.92130500023117,40.85842299976089],[-73.9210979996436,40.85756700010458],[-73.9215899997382,40.85646500011151],[-73.92215999965059,40.855606999991934],[-73.92286699983033,40.85587200000016],[-73.92277399994391,40.85639399980271],[-73.92277899996678,40.856825999949386],[-73.92288799974673,40.85885699978809],[-73.92295800006694,40.858914000123576],[-73.92354200022302,40.8598379998649],[-73.92474200032227,40.861594000030806],[-73.92537300033405,40.86258199997355],[-73.9260110000185,40.86357500027662],[-73.92662000028895,40.86452499995932],[-73.92623799979921,40.8646680000681],[-73.92645799990727,40.865026000012485],[-73.92627799998219,40.865092999870576],[-73.92643500034106,40.8653369998962],[-73.9270110001012,40.86513400016603],[-73.92726899984406,40.865534999679454],[-73.92809700039763,40.86560699970095],[-73.9283989996231,40.86563299968944],[-73.92861700008133,40.865629999691315],[-73.92883800001425,40.86564299968231],[-73.92905800012227,40.865675000328686],[-73.92927300020744,40.86572400024817],[-73.92947900007177,40.86579000008248],[-73.92967300024051,40.86587099978924],[-73.92985300016556,40.865965999998394],[-73.93048800037529,40.86644900025542],[-73.93099700018831,40.86681000002758],[-73.93108900024983,40.86682499974969],[-73.93118299996117,40.8668340002607],[-73.93127699967249,40.86683600022308],[-73.93137100028214,40.86683300027943],[-73.93146499999347,40.86682299978694],[-73.93155700005497,40.86680800006436],[-73.93164699956834,40.866785999785726],[-73.93173399960699,40.866759000267564],[-73.93181800017089,40.866726000162174],[-73.93189799963851,40.86668800012336],[-73.93197299998158,40.86664500014254],[-73.93204300030179,40.86659700020996],[-73.9321079997008,40.86654500030032],[-73.93216600032542,40.86648899972494],[-73.93273100021496,40.86553799968194],[-73.932875000155,40.86530399976153],[-73.93289100004853,40.86527300029945],[-73.93300300020154,40.86506400032561],[-73.93311399963127,40.864819999973456],[-73.93320900006584,40.864572000019656],[-73.93328699988365,40.86431999973989],[-73.93350100014389,40.8637630002971],[-73.93380699956732,40.86314099991161],[-73.93383099985677,40.863093000156766],[-73.93420900014854,40.86250299973429],[-73.93473499968002,40.86165699972647],[-73.93484099998521,40.86145899989877],[-73.93492899984876,40.86125599983149],[-73.93499800034405,40.86104800015803],[-73.93504900039768,40.86083700029553],[-73.93508000035982,40.86062499968587],[-73.93512499966735,40.86044500021233],[-73.93519499998754,40.860266000330036],[-73.9352900004221,40.86009199969989],[-73.93540900024779,40.859923999805744],[-73.93554999981478,40.85976599968638],[-73.93571200019649,40.859620000273],[-73.93589100029665,40.859488999883276],[-73.93608399974218,40.85937299996501],[-73.93628700013177,40.85927500020376],[-73.93646299985886,40.85914600000579],[-73.93662900043853,40.859004999723275],[-73.93678099987618,40.858855999686384],[-73.93691800014352,40.85869899984117],[-73.93703899961902,40.85853500023733],[-73.93714400009934,40.85836599968226],[-73.93872999998796,40.856447999805255],[-73.93901200002027,40.85610899970183],[-73.93980799988847,40.855176000206704],[-73.93997199991999,40.85489299994513],[-73.94012599990579,40.85460599984971],[-73.94026099962501,40.85431300020749],[-73.94037699997595,40.85401599992944],[-73.94150099990723,40.85247900022965],[-73.94159100031891,40.85235500002752],[-73.94203900003257,40.8519310002351],[-73.9422189999576,40.85179900005998],[-73.9423860003622,40.851654999816105],[-73.94247699970047,40.8515649998445],[-73.94254000034799,40.85150200006342],[-73.94267800044025,40.85134000006014],[-73.94279899991575,40.85117199971383],[-73.94290299967284,40.85099700011756],[-73.94298999971147,40.850819000069606],[-73.94309699984159,40.85038799971351],[-73.943161000314,40.84993500019109],[-73.94316999963652,40.849847999955266],[-73.94318700025327,40.84975500020952],[-73.94383900018143,40.849866999711885],[-73.94399800019009,40.849898999826195],[-73.94412000038884,40.849921999835026],[-73.9447999999061,40.850050000093134],[-73.94495399989187,40.85008200011904],[-73.94509500035717,40.85010900031994],[-73.94700500011089,40.85045899966396],[-73.94685899962272,40.85058300001696],[-73.94633100044143,40.851031999666084]]]]}},{"type":"Feature","properties":{"zip":"10035","income":14896},"geometry":{"type":"MultiPolygon","coordinates":[[[[-73.93550999963182,40.78589999992387],[-73.93367600004606,40.78793600012724],[-73.93347600002954,40.788157000246464],[-73.93305500008005,40.78862400011042],[-73.9327139995982,40.78929000028746],[-73.93237100036484,40.7896199998733],[-73.93178800003365,40.790173000312734],[-73.9313479998176,40.79078599996582],[-73.9308680003169,40.791093000272504],[-73.93016199996205,40.79130599996143],[-73.9296149996159,40.79139900008067],[-73.92934900037542,40.79125299970354],[-73.92876199984626,40.79103900007999],[-73.9265099997858,40.79086799997401],[-73.92613499986707,40.79135000029734],[-73.92611700032371,40.791578000272615],[-73.92637199969353,40.79178900025914],[-73.92666399977156,40.791927000087504],[-73.92747800008144,40.79193700032024],[-73.92772300030383,40.79199399971351],[-73.92826800010185,40.792298999704215],[-73.92837299968384,40.79284500007293],[-73.92832599982817,40.79315899987063],[-73.92810499989525,40.793449999674124],[-73.927826000236,40.79384500001939],[-73.9276520001587,40.79411299989692],[-73.9272570001485,40.7948760003078],[-73.92696300042063,40.795242000155106],[-73.92693900013118,40.79600000002213],[-73.92712200042928,40.797066999998314],[-73.92735500005779,40.79746799995267],[-73.92759899955695,40.798029999967326],[-73.92737900034724,40.798593000315236],[-73.92690099959803,40.79988800009419],[-73.92685399974238,40.79998799988222],[-73.92560299958949,40.80199800012415],[-73.92529100031828,40.80200199988264],[-73.92326500021359,40.80194700012264],[-73.92259499984378,40.80187200012918],[-73.92210199992428,40.80159400015774],[-73.92188799966404,40.801530000199975],[-73.92145800039204,40.80099999981469],[-73.92117999965936,40.80062099992829],[-73.92100300010738,40.80029200024414],[-73.92077600032665,40.79993800000701],[-73.92047199965472,40.79954600014267],[-73.9203710002707,40.79943300031227],[-73.9191460000571,40.79883899967126],[-73.91899399972112,40.79877299980079],[-73.91642700001637,40.79772299977456],[-73.91572700040763,40.79729999977481],[-73.91520000015294,40.796804000234125],[-73.91486500041718,40.796345000295865],[-73.91462299966953,40.795929000234175],[-73.9143309995915,40.7955389998916],[-73.91383500019725,40.794664000220415],[-73.91376700042518,40.794497000139984],[-73.91374800015863,40.79432300027317],[-73.91376700042518,40.79390100009339],[-73.91384699989281,40.79373999983838],[-73.91416400008522,40.79331200029089],[-73.91446200001106,40.79292099980058],[-73.9148589996711,40.79236299972068],[-73.91519400030515,40.7919469998713],[-73.91541699988792,40.791809999837575],[-73.91567100033113,40.79163700016554],[-73.91598799962524,40.791401000279265],[-73.91629200029716,40.791128000159745],[-73.91618599999194,40.791034999660916],[-73.9161550000298,40.79101600004759],[-73.91685600036176,40.79035300018424],[-73.9170349995636,40.790501000045495],[-73.91710400005888,40.79042900004389],[-73.91741399968028,40.79033399969561],[-73.91797299972202,40.79006699998632],[-73.918345000166,40.789862999805905],[-73.9185190002433,40.789689000036915],[-73.91855000020544,40.7895520001051],[-73.91852500009108,40.78945900011944],[-73.91848099971014,40.78942799986858],[-73.91915799975266,40.78867200006469],[-73.92003800018477,40.787729000077896],[-73.9210059995821,40.78666199966246],[-73.92180599964827,40.78581799990221],[-73.92197399987776,40.785743999895324],[-73.92215999965059,40.78550199970144],[-73.92219700035884,40.78539600008077],[-73.92281099975384,40.78359700000012],[-73.92306500019706,40.7833430002193],[-73.92342500004716,40.78296699985835],[-73.92429000041068,40.78230399989568],[-73.92482299961482,40.782189000171456],[-73.9256450003206,40.78208800020215],[-73.92600599999562,40.78191499968904],[-73.9271159996832,40.78107900013886],[-73.92752099973914,40.78092500018388],[-73.92753400015793,40.780919999918744],[-73.92770800023521,40.7809640003343],[-73.92778100003014,40.78098300010281],[-73.92798100004669,40.781034999799466],[-73.92821000037554,40.78099599969069],[-73.92860100018778,40.781034999799466],[-73.92890300031158,40.78126600023579],[-73.92929999997162,40.78141100021411],[-73.92965300014903,40.78168400014932],[-73.93061899989654,40.78224599976982],[-73.93149400030578,40.78252700017757],[-73.93543299963893,40.783248999818454],[-73.93592899993146,40.78380700030647],[-73.9356639996176,40.78468300007766],[-73.93623899955287,40.785686999898125],[-73.93550999963182,40.78589999992387]]],[[[-73.94706399966212,40.801388000137116],[-73.94684199990428,40.801709999881346],[-73.9466600003294,40.80163400001496],[-73.94596800021827,40.80134199975473],[-73.94550799991073,40.80197100004826],[-73.94595599962439,40.802159999669065],[-73.94551899978138,40.802794999936694],[-73.94530200004641,40.8027039999993],[-73.94505199980115,40.80259900023032],[-73.9446669998367,40.803129999669906],[-73.9445970004148,40.803228000171416],[-73.9461310004249,40.80387699986096],[-73.94569299985866,40.80451500006594],[-73.9452390002972,40.80513599970947],[-73.94478300018763,40.80576099987381],[-73.94430199996371,40.806390999979186],[-73.94340200033844,40.806014000036804],[-73.94275399970991,40.80574400016154],[-73.94226199961533,40.80641599987076],[-73.94177100024396,40.80708899977768],[-73.94131799960911,40.807712999714006],[-73.94086099967463,40.80833400002968],[-73.94040399974014,40.80895799981779],[-73.93994900035378,40.8095819998573],[-73.93960399967398,40.809436000033934],[-73.93856199975846,40.80899699982218],[-73.93833800035078,40.80890299970288],[-73.93847499971983,40.80871300006779],[-73.93807600040998,40.80854899983801],[-73.93810900002192,40.80848099973991],[-73.93796699973171,40.808417999806906],[-73.93801100011264,40.80835799968551],[-73.93696199962613,40.8078969997083],[-73.93672499979967,40.808224000079825],[-73.93510600029909,40.80754000000792],[-73.9346640004332,40.80817499979617],[-73.93457800021949,40.808268000081654],[-73.93449799985353,40.80812499996894],[-73.934113999714,40.80750900004042],[-73.93388399956021,40.80718299974682],[-73.93381999998613,40.807108000230656],[-73.933748999841,40.807025999882974],[-73.93369399958942,40.807052999942314],[-73.93364099988597,40.80707500033513],[-73.93307400034662,40.806452000051706],[-73.93239399993105,40.80570800027646],[-73.9318959999887,40.80517600015199],[-73.93141399993983,40.80462500004418],[-73.93107099980817,40.80416700003447],[-73.93104200039417,40.8041269996638],[-73.93091799964729,40.80395499969925],[-73.93066199955427,40.803613999878806],[-73.93046800028381,40.803272999666255],[-73.93036700000147,40.80308699992459],[-73.93023599958191,40.802831000041934],[-73.93021899986347,40.802748999849456],[-73.93017899968049,40.802427999978974],[-73.93016500033511,40.802273000297085],[-73.93014600006853,40.802071999696714],[-73.93011099990842,40.8019300001134],[-73.93008800034221,40.80186399991635],[-73.93005700038006,40.80177199977943],[-73.92999299990767,40.80159700033484],[-73.9299619999455,40.80148099973376],[-73.92991799956458,40.80126999994959],[-73.92988099975466,40.80115099993983],[-73.92984399994475,40.80103300001097],[-73.92982700022631,40.80097899974302],[-73.92977199997472,40.80081599973817],[-73.92966800021766,40.8005160002641],[-73.92961100031624,40.80039000017589],[-73.92949199959223,40.80012399973306],[-73.92936899956858,40.79987500012423],[-73.92914799963565,40.79941800029621],[-73.92907099964276,40.79896699995411],[-73.92909199955915,40.79849200013321],[-73.92916199987935,40.79751999966255],[-73.92916899955205,40.797243000176536],[-73.92919799986437,40.79699100025627],[-73.92924499972003,40.79677300001226],[-73.92933799960645,40.79633900014673],[-73.92945499978231,40.79597899972879],[-73.9295169997066,40.7958109998631],[-73.92960399974523,40.79562699968432],[-73.9297009998296,40.79548400021698],[-73.9300590000299,40.79499599971084],[-73.93022999973412,40.79481299970133],[-73.93049500004798,40.79461000021184],[-73.93123800021274,40.79418700009883],[-73.93133899959676,40.794251000335585],[-73.93161800015433,40.79440200017153],[-73.93315700018731,40.79505499996682],[-73.93303099979062,40.79522600017055],[-73.93292000036084,40.79537600012974],[-73.93306199975274,40.795439999900395],[-73.9333749997472,40.79557200008256],[-73.93334999963285,40.795607000329],[-73.93475700031964,40.79619899991395],[-73.93501099986453,40.795837000032066],[-73.93520400020837,40.79591800023151],[-73.93540800042291,40.79600400014204],[-73.93771599966156,40.79697700004369],[-73.93777400028618,40.79700200008113],[-73.93814800038,40.79715899985598],[-73.9379220004242,40.7974769996831],[-73.93798799964812,40.79750499989427],[-73.93795300038634,40.79755199988219],[-73.93938899958881,40.79815399977997],[-73.93965800010064,40.79779399968395],[-73.94002100032381,40.79794700030333],[-73.93995400037666,40.79803599996361],[-73.93986999981276,40.79814999978961],[-73.94025599960213,40.79832100018164],[-73.9401409999744,40.7984800002226],[-73.94096299978187,40.798824000201016],[-73.94099999959178,40.79877400012906],[-73.94139100030235,40.798934999736545],[-73.94134899957126,40.79899199992215],[-73.9429710003432,40.799671000158284],[-73.94307599992518,40.79952900019853],[-73.94323800030689,40.79930900016866],[-73.9435350004078,40.79943300031227],[-73.94342999992752,40.79962400031058],[-73.94360900002766,40.79969999975831],[-73.94347400030844,40.799884999839755],[-73.94458399999603,40.80034599971095],[-73.94470700001966,40.80017800001658],[-73.94484799958664,40.799985999942365],[-73.94529700002353,40.800174999775315],[-73.94505000015133,40.80054199995037],[-73.94569000038393,40.80081100029075],[-73.94594800012679,40.80044899971811],[-73.94646199996268,40.80066500021092],[-73.94708799995158,40.8009289999343],[-73.94681099994214,40.80128099974542],[-73.94706399966212,40.801388000137116]]]]}},{"type":"Feature","properties":{"zip":"10036","income":41002},"geometry":{"type":"MultiPolygon","coordinates":[[[[-74.00134700039219,40.762902999715365],[-74.0010310000247,40.76334800032488],[-74.00314400016802,40.76437700017806],[-74.00286399978552,40.764693000178085],[-73.99989299984972,40.76341999974589],[-73.99965000017546,40.76353700033977],[-73.99917999982219,40.764142000211564],[-74.00230399991887,40.76549600030799],[-74.0020600004197,40.765911999828944],[-73.99890000033803,40.764593999788495],[-73.99885299958405,40.764398999744394],[-73.99870600016925,40.76433499999605],[-73.99857999977256,40.76427900016567],[-73.99848900043429,40.76424200008171],[-73.9980409998223,40.76486300015941],[-73.997574999667,40.765488999943756],[-73.99554500026267,40.76462600022605],[-73.99508800032818,40.76525299967412],[-73.99295599991828,40.76435700025668],[-73.99343499959411,40.76373900006028],[-73.99336500017219,40.76370999972385],[-73.99270099965017,40.763430999688396],[-73.99260100009104,40.763388000088455],[-73.9922870002717,40.76325499970986],[-73.99205999959266,40.76357000010368],[-73.99026199999192,40.76281100002809],[-73.99021699978607,40.762871999997685],[-73.99005899960234,40.76280500025113],[-73.9902329996796,40.762566000076966],[-73.98976599969937,40.76236499970934],[-73.98929399969627,40.762178999680685],[-73.9891690000228,40.762350000165306],[-73.98829399961356,40.76198100010976],[-73.98832600029894,40.76192000000287],[-73.98769399956394,40.76165600032246],[-73.98731100014764,40.76148699983221],[-73.9874509998897,40.761221000046255],[-73.9870149998716,40.76103800018677],[-73.98685500003803,40.761256000025185],[-73.98656100031016,40.761659999789345],[-73.98446400006036,40.760773000185075],[-73.9847200001534,40.760273999997274],[-73.98480800001697,40.76010399984552],[-73.98417399963215,40.7598409999909],[-73.98134099978863,40.758645000266014],[-73.97936300026282,40.75781199992681],[-73.97811600030789,40.757284000228225],[-73.97856499984647,40.75665499989105],[-73.9790240003291,40.75603200011563],[-73.97948299991342,40.75540500010275],[-73.97993700037318,40.754782999811454],[-73.98039500013257,40.75415499994809],[-73.98362399981123,40.75551600007997],[-73.98411799955564,40.7548419997246],[-73.98459600030486,40.754177000175815],[-73.98663900012797,40.75503499997427],[-73.98744699969174,40.75537299998906],[-73.99027600023561,40.756567000175316],[-73.99306999972111,40.75782699981438],[-73.9943779997754,40.75837700016197],[-73.99459299986054,40.758038000188826],[-73.99474199982346,40.75779000022149],[-73.9948230000143,40.75767299971815],[-73.99495400043388,40.75772600023342],[-73.99529099981947,40.75786700017868],[-73.9962099997113,40.75825399982355],[-73.99640899990293,40.758338999937884],[-73.99594299974761,40.758980999804294],[-73.99691699989104,40.75936700020725],[-73.99724599977903,40.7590249997801],[-73.99751600011577,40.75879900015179],[-73.99754600025298,40.75881500006649],[-73.99812899968586,40.75903700001588],[-73.99924299957138,40.759526999854636],[-73.99903800043028,40.75981600025329],[-73.9987940000328,40.76015300022604],[-73.99979499994042,40.760576000051195],[-74.00162199985348,40.76134700029244],[-74.00153700036297,40.76148699983221],[-74.00143500025573,40.761619999666244],[-74.00131600043004,40.761745999836506],[-74.00118300036065,40.76186299997505],[-74.00103600004756,40.76196800020324],[-74.00115099967529,40.76202599966201],[-74.0012779998969,40.76207600018712],[-74.00171599956484,40.762208000004726],[-74.00149200015714,40.76255300028486],[-74.00376699978383,40.76356399971479],[-74.00356799959222,40.76379899968387],[-74.00134700039219,40.762902999715365]]]]}},{"type":"Feature","properties":{"zip":"10037","income":26561},"geometry":{"type":"MultiPolygon","coordinates":[[[[-73.94272100009795,40.811568000019335],[-73.94224900009483,40.8122009997642],[-73.94214500033777,40.8123429998078],[-73.94255399969337,40.81250600005776],[-73.94247199967761,40.81263399981902],[-73.94229500012558,40.8130210000014],[-73.94180300003102,40.81281500009574],[-73.94134699992142,40.81343799979006],[-73.94205199955303,40.8137340002718],[-73.94183300016823,40.8140430000296],[-73.9416759998094,40.813977000320975],[-73.94143099958701,40.81434900010747],[-73.94085499982685,40.814106000061024],[-73.94036899958003,40.814773999725],[-73.93990900017083,40.815403999923774],[-73.93967999984196,40.81571899981926],[-73.93945700025918,40.81602699978166],[-73.93899100010387,40.81666299999094],[-73.93853900019224,40.81728200006582],[-73.93833800035078,40.81755500003829],[-73.93808700028063,40.81789999976357],[-73.93764100021679,40.81851699979178],[-73.93718099990926,40.819143999732475],[-73.93426400040013,40.81791400032146],[-73.93423500008782,40.81755500003829],[-73.93445400037093,40.81718900017726],[-73.93428799979127,40.817243000172304],[-73.9341279999577,40.817733999721675],[-73.9339820003678,40.81770399980083],[-73.9339820003678,40.81715799995887],[-73.93398999986543,40.81697800002703],[-73.93411799991195,40.81593600031245],[-73.93423099988988,40.815007999972735],[-73.93429199998923,40.814214000267064],[-73.93429500036227,40.81417900031396],[-73.93430799988275,40.81407200014861],[-73.9343199995783,40.813881999677506],[-73.93439099972342,40.81321200032937],[-73.93447100008936,40.81246100002461],[-73.93456800017374,40.811824000194456],[-73.93465299966425,40.811496999886096],[-73.93466500025812,40.81144900011688],[-73.9348679997494,40.81049499970986],[-73.93490600028255,40.81026700011335],[-73.9349170001532,40.81015300002127],[-73.93492200017606,40.810038000254785],[-73.93492100035117,40.809923000289],[-73.93491499960507,40.80980900028585],[-73.9349029999095,40.80969399992317],[-73.93488500036615,40.809580000206516],[-73.93478400008381,40.809228999705844],[-73.93459300028809,40.808649000175635],[-73.93447199991428,40.80838200001252],[-73.93434800006573,40.80811399994755],[-73.93417399998845,40.807854999843194],[-73.9337060001833,40.807156999942286],[-73.93364099988597,40.80707500033513],[-73.93369399958942,40.807052999942314],[-73.933748999841,40.807025999882974],[-73.93381999998613,40.807108000230656],[-73.93388399956021,40.80718299974682],[-73.934113999714,40.80750900004042],[-73.93449799985353,40.80812499996894],[-73.93457800021949,40.808268000081654],[-73.9346640004332,40.80817499979617],[-73.93510600029909,40.80754000000792],[-73.93672499979967,40.808224000079825],[-73.93696199962613,40.8078969997083],[-73.93801100011264,40.80835799968551],[-73.93796699973171,40.808417999806906],[-73.93810900002192,40.80848099973991],[-73.93807600040998,40.80854899983801],[-73.93847499971983,40.80871300006779],[-73.93833800035078,40.80890299970288],[-73.93856199975846,40.80899699982218],[-73.93960399967398,40.809436000033934],[-73.93994900035378,40.8095819998573],[-73.94040399974014,40.80895799981779],[-73.94060700012973,40.8090430003384],[-73.94059399971093,40.80937799981005],[-73.94339800014048,40.81063000031841],[-73.94317200018467,40.81094200000909],[-73.94272100009795,40.811568000019335]]]]}},{"type":"Feature","properties":{"zip":"10038","income":31316},"geometry":{"type":"MultiPolygon","coordinates":[[[[-74.00998800021301,40.709805999769486],[-74.00954299997409,40.710326999780136],[-74.00947400037711,40.71041300015978],[-74.00906299957506,40.71088700021128],[-74.0086009996177,40.71139200019116],[-74.00834799989772,40.711358999728276],[-74.00796799995611,40.711447000018396],[-74.0074669996407,40.71156600000899],[-74.00737100027953,40.7115890003031],[-74.00695199997989,40.711686999661296],[-74.00701800010212,40.71178399996091],[-74.00608999998944,40.712003000152784],[-74.0060520003546,40.71201199988408],[-74.00590800041456,40.712045000023316],[-74.00574000018507,40.71208899972961],[-74.00558899967402,40.71216999988659],[-74.00541999961962,40.71221299992148],[-74.0052759996796,40.712249000087695],[-74.00512699971667,40.712307000011954],[-74.00498699997458,40.71237499983522],[-74.0048909997151,40.71243300033067],[-74.00485800010314,40.71245300020798],[-74.00422899974122,40.71202500002345],[-74.00410599971757,40.71192800007489],[-74.00401000035639,40.711852999912516],[-74.00397099999834,40.711822000229304],[-74.00390300022627,40.71183600000018],[-74.0037700001569,40.71188100011923],[-74.00310900000791,40.712275999859116],[-74.00270899997481,40.71259700023702],[-74.00210499972722,40.71273600000743],[-74.0008910002826,40.71301500029727],[-74.00093200029048,40.71326299972471],[-74.00125699998051,40.713495999921136],[-74.00156900015003,40.713684999998755],[-74.00096800027549,40.71390599987384],[-74.00074599961933,40.71451000031315],[-74.00045500026451,40.714365000098724],[-73.99955700028906,40.71392499974568],[-73.99858399997053,40.713467999712705],[-73.99846099994689,40.7135220002987],[-73.9980199999059,40.71371499992932],[-73.99794200008812,40.713746000093025],[-73.99786799956996,40.71378000029992],[-73.99779700032316,40.71381899967473],[-73.99772899965278,40.71386099976158],[-73.99767500012442,40.71389999976986],[-73.99762499989572,40.71394100024277],[-73.99757700021513,40.71398399981483],[-73.99753500038234,40.71402800028246],[-73.9975040004202,40.71406899999561],[-73.99730000020571,40.713467999712705],[-73.99711699990759,40.712799000131156],[-73.99694700002829,40.71207199987748],[-73.99678200017183,40.71136399977885],[-73.99644400006304,40.71019900032384],[-73.99635399965133,40.70978500015282],[-73.99622200030518,40.70918099975032],[-73.99606300029652,40.70911899992434],[-73.99604400002994,40.709047999909956],[-73.9960320003344,40.70899799969129],[-73.9960049996719,40.70889500022576],[-73.99764300033736,40.70864100029433],[-73.99818399993744,40.708483000089515],[-73.99917700034746,40.7080220001895],[-73.99931500043972,40.70795000003371],[-74.00127299987402,40.70693100014033],[-74.00092600044269,40.70638099997722],[-74.00134300019423,40.706118000144976],[-74.00060400022743,40.70543899995507],[-74.00107000038274,40.70514400004518],[-74.00117400013981,40.705215999829804],[-74.00126200000336,40.70515900023369],[-74.00118900020844,40.70508699970654],[-74.00145799982195,40.70491099990605],[-74.00156199957901,40.704993000319796],[-74.00168600032589,40.70514499974004],[-74.00179400028092,40.70519399975249],[-74.00208399981084,40.70539600031272],[-74.00216199962864,40.70536100021907],[-74.00240900039917,40.70547100025684],[-74.00255499998903,40.705531999704235],[-74.00268399986045,40.70543800026457],[-74.00236099982027,40.7051500002572],[-74.00239599998038,40.70511099989091],[-74.0019680003582,40.70472600028771],[-74.0021659998266,40.704594000106006],[-74.0032989999787,40.705614000034366],[-74.0038119999897,40.70530600013205],[-74.00262899960889,40.70421600024333],[-74.00285899976265,40.70406800027112],[-74.0040300004479,40.70513099992443],[-74.00433800041947,40.704964999940756],[-74.0045519997814,40.70483800009231],[-74.00420600017499,40.70428299976827],[-74.00362700004176,40.70329999984621],[-74.00597500036172,40.703375000107606],[-74.00518799981603,40.70253700013211],[-74.00551300040438,40.702360999722345],[-74.00679899981901,40.7034709998559],[-74.00751699986941,40.703064999933005],[-74.00765999998455,40.702867999801555],[-74.0077269999317,40.70280199994527],[-74.00781399997032,40.70289200010454],[-74.00785099978026,40.70299999999896],[-74.00786500002395,40.70301999998545],[-74.0079029996588,40.70307900018287],[-74.00792600012332,40.70310799971826],[-74.00794899968955,40.70313999977801],[-74.00797999965168,40.70318899990357],[-74.00776600028975,40.70331600017239],[-74.00704700041445,40.70375000014795],[-74.00629300037903,40.70423399976659],[-74.00541700014489,40.70480299970541],[-74.0051939996638,40.704944999857354],[-74.0047490003232,40.70523199969571],[-74.00552199972687,40.70579099970515],[-74.0060210003925,40.70614199995778],[-74.00678100027567,40.70672399975148],[-74.00713000025512,40.70637499987612],[-74.00773899962726,40.70676299985418],[-74.00760499973296,40.70692199972231],[-74.00798899987251,40.70718400012005],[-74.00778200018328,40.70742000014181],[-74.008269000255,40.70772199982115],[-74.00800399994114,40.70797700018636],[-74.00889299969575,40.70904400000276],[-74.00912600022257,40.70929399986681],[-74.00939800020913,40.709019000237156],[-74.0097399996176,40.70919700002555],[-74.00981900015861,40.70911699997291],[-74.0099930002359,40.709191000178166],[-74.01014700022166,40.70897600018249],[-74.01054200023188,40.70915400008583],[-74.00998800021301,40.709805999769486]]]]}},{"type":"Feature","properties":{"zip":"10039","income":17370},"geometry":{"type":"MultiPolygon","coordinates":[[[[-73.94292399958921,40.82326000007742],[-73.9424299998448,40.82390900029866],[-73.9419560001919,40.8245549997885],[-73.94150299955704,40.825170999841],[-73.94104899999559,40.825792999815796],[-73.94059500043416,40.826414000162885],[-73.94110199969906,40.82671099975095],[-73.94153600006732,40.82682100031826],[-73.94090500005555,40.827685000010774],[-73.94031599987657,40.82849600025469],[-73.93972900024575,40.82930200007637],[-73.93968900006278,40.829391999694614],[-73.93966800014638,40.82948100000513],[-73.9396620002986,40.82958000019494],[-73.93967399999416,40.82967099997808],[-73.93970900015427,40.82977400000776],[-73.93975699983486,40.82986399966512],[-73.93978799979699,40.82990500001231],[-73.93987700038377,40.82998500023542],[-73.94023100038609,40.830282999996285],[-73.94016699991369,40.83038300019981],[-73.94007900005013,40.83046399969674],[-73.93998899963843,40.830731000031555],[-73.93995900039953,40.8308329999291],[-73.93991099982064,40.830932000139406],[-73.93984399987347,40.83102600031213],[-73.93976299968263,40.8311109997462],[-73.93972800042084,40.831140999720326],[-73.93958699995554,40.831274000099285],[-73.93946999977967,40.83141100023627],[-73.9393800002663,40.83154300023941],[-73.93934299955808,40.8316120003218],[-73.93929900007544,40.831695999852435],[-73.93924399982386,40.83183699979623],[-73.93922499955727,40.83189999992003],[-73.93914699973948,40.832076999979996],[-73.93903799995954,40.83228100023475],[-73.93891199956285,40.832479000261586],[-73.93878600006447,40.8326469997383],[-73.93877299964566,40.832663000216485],[-73.9386830001323,40.832801000017476],[-73.93857500017725,40.8329149999319],[-73.93838500020647,40.833113999915064],[-73.93795699968598,40.83345399988399],[-73.9372970002602,40.83397799985223],[-73.93700600000707,40.834193000152034],[-73.93675499993691,40.834377999899324],[-73.93649600036913,40.8345689999014],[-73.93530799996545,40.83547799998874],[-73.93506299974307,40.83567800020659],[-73.93497700042766,40.83569499972497],[-73.93491100030542,40.83573599986469],[-73.93502599993315,40.8354209998807],[-73.93510399975096,40.83504900001111],[-73.93514300010901,40.834848999934636],[-73.93516700039847,40.8347240002601],[-73.93522099992683,40.83423200027398],[-73.9352259999497,40.8335980002568],[-73.93523099997256,40.833071999701964],[-73.93520400020837,40.83273099999672],[-73.93516599967522,40.83221600014504],[-73.93512100036772,40.83160999997568],[-73.93504000017685,40.830850000010074],[-73.93497499987951,40.83022600017982],[-73.93471700013666,40.828401999893984],[-73.93467600012879,40.828042999958306],[-73.93466199988507,40.827951000091744],[-73.93448299978493,40.82633099997154],[-73.93440400014221,40.82552799984034],[-73.93439400009647,40.82521799994889],[-73.93437999985278,40.82467499991199],[-73.93437900002786,40.82363100019792],[-73.93432700014932,40.823049000204435],[-73.93427299972265,40.82242199978774],[-73.93429700001208,40.822043999860234],[-73.93435599956332,40.821084000256185],[-73.93431299990563,40.81963000009798],[-73.93430700005786,40.8195440002087],[-73.93429399963904,40.81933100003442],[-73.934269000423,40.81911499979112],[-73.93423300043798,40.81895700026303],[-73.93417499981335,40.81869899968248],[-73.93403199969823,40.818098999938016],[-73.93400900013201,40.81794400014732],[-73.9339940000634,40.81783199973114],[-73.9339820003678,40.81770399980083],[-73.9341279999577,40.817733999721675],[-73.93428799979127,40.817243000172304],[-73.93445400037093,40.81718900017726],[-73.93423500008782,40.81755500003829],[-73.93426400040013,40.81791400032146],[-73.93718099990926,40.819143999732475],[-73.93672099960172,40.81976999985321],[-73.9362269998573,40.820438000268915],[-73.9390770003176,40.82163700029934],[-73.94191699983381,40.822836999694665],[-73.94241099957824,40.822163999768506],[-73.9435060000955,40.822627999772884],[-73.94323499993384,40.8229210001444],[-73.94403099980205,40.82325099976467],[-73.94384199965616,40.823648000085996],[-73.94292399958921,40.82326000007742]]]]}},{"type":"Feature","properties":{"zip":"10040","income":27905},"geometry":{"type":"MultiPolygon","coordinates":[[[[-73.93714400009934,40.85836599968226],[-73.93703899961902,40.85853500023733],[-73.93691800014352,40.85869899984117],[-73.93678099987618,40.858855999686384],[-73.93662900043853,40.859004999723275],[-73.93646299985886,40.85914600000579],[-73.93628700013177,40.85927500020376],[-73.93608399974218,40.85937299996501],[-73.93589100029665,40.859488999883276],[-73.93571200019649,40.859620000273],[-73.93554999981478,40.85976599968638],[-73.93540900024779,40.859923999805744],[-73.9352900004221,40.86009199969989],[-73.93519499998754,40.860266000330036],[-73.93512499966735,40.86044500021233],[-73.93508000035982,40.86062499968587],[-73.93504900039768,40.86083700029553],[-73.93499800034405,40.86104800015803],[-73.93492899984876,40.86125599983149],[-73.93484099998521,40.86145899989877],[-73.93473499968002,40.86165699972647],[-73.93420900014854,40.86250299973429],[-73.93383099985677,40.863093000156766],[-73.93380699956732,40.86314099991161],[-73.93350100014389,40.8637630002971],[-73.93328699988365,40.86431999973989],[-73.93320900006584,40.864572000019656],[-73.93311399963127,40.864819999973456],[-73.93300300020154,40.86506400032561],[-73.93289100004853,40.86527300029945],[-73.932875000155,40.86530399976153],[-73.93273100021496,40.86553799968194],[-73.93216600032542,40.86648899972494],[-73.9321079997008,40.86654500030032],[-73.93204300030179,40.86659700020996],[-73.93197299998158,40.86664500014254],[-73.93189799963851,40.86668800012336],[-73.93181800017089,40.866726000162174],[-73.93173399960699,40.866759000267564],[-73.93164699956834,40.866785999785726],[-73.93155700005497,40.86680800006436],[-73.93146499999347,40.86682299978694],[-73.93137100028214,40.86683300027943],[-73.93127699967249,40.86683600022308],[-73.93118299996117,40.8668340002607],[-73.93108900024983,40.86682499974969],[-73.93099700018831,40.86681000002758],[-73.93048800037529,40.86644900025542],[-73.92985300016556,40.865965999998394],[-73.92967300024051,40.86587099978924],[-73.92947900007177,40.86579000008248],[-73.92927300020744,40.86572400024817],[-73.92905800012227,40.865675000328686],[-73.92883800001425,40.86564299968231],[-73.92861700008133,40.865629999691315],[-73.9283989996231,40.86563299968944],[-73.92809700039763,40.86560699970095],[-73.92726899984406,40.865534999679454],[-73.9270110001012,40.86513400016603],[-73.92643500034106,40.8653369998962],[-73.92627799998219,40.865092999870576],[-73.92645799990727,40.865026000012485],[-73.92623799979921,40.8646680000681],[-73.92662000028895,40.86452499995932],[-73.9260110000185,40.86357500027662],[-73.92537300033405,40.86258199997355],[-73.92474200032227,40.861594000030806],[-73.92354200022302,40.8598379998649],[-73.92295800006694,40.858914000123576],[-73.92288799974673,40.85885699978809],[-73.92277899996678,40.856825999949386],[-73.92277399994391,40.85639399980271],[-73.92286699983033,40.85587200000016],[-73.92215999965059,40.855606999991934],[-73.92301599979325,40.85470200007447],[-73.9237289998208,40.85379499966844],[-73.92455900002417,40.852641000166],[-73.92813699968228,40.84742800029137],[-73.92841399969173,40.84702600028309],[-73.92850800030138,40.847069000089405],[-73.92859600016493,40.84711800018237],[-73.92958299982884,40.847594999665716],[-73.93056799984294,40.848038999890214],[-73.93077200005742,40.84811899997553],[-73.93088400021041,40.84811899997553],[-73.93062100044469,40.8484810000208],[-73.9297769999976,40.84814999999113],[-73.92896299968774,40.84922299998804],[-73.92869200042439,40.84954900024223],[-73.92796900035111,40.85014999969803],[-73.92747700025652,40.850693999933334],[-73.92707999969818,40.851432000085445],[-73.92708499972106,40.85182200008889],[-73.92792699962,40.85217099969447],[-73.92797299965075,40.85210700028601],[-73.928150999926,40.85186299976592],[-73.92925899996376,40.85233099998351],[-73.92960299992032,40.85247600031515],[-73.92953400032336,40.85256900031867],[-73.92965999982172,40.85262400023742],[-73.92982600040139,40.8528099996984],[-73.92972299957091,40.85295299995912],[-73.93027699958978,40.85318299995913],[-73.93031099992498,40.85313700015888],[-73.93043099957558,40.853188000216136],[-73.93059700015525,40.85309599991121],[-73.93076600020964,40.853091999835954],[-73.93091599999747,40.85317000024039],[-73.93099600036342,40.85306200028316],[-73.9322280002497,40.85358200012119],[-73.9337050003584,40.85416899999188],[-73.93462699972498,40.85450100001792],[-73.9360379997114,40.854915000097606],[-73.93687899978546,40.85513600001978],[-73.93778799963157,40.85537399979093],[-73.93795300038634,40.85556999983983],[-73.93786999964733,40.85567899993495],[-73.93772900008035,40.8558650003315],[-73.93837799963545,40.856242999725545],[-73.93872999998796,40.856447999805255],[-73.93714400009934,40.85836599968226]]]]}},{"type":"Feature","properties":{"zip":"10044","income":49976},"geometry":{"type":"MultiPolygon","coordinates":[[[[-73.96070900009445,40.751147999809966],[-73.96021399962682,40.75203299988373],[-73.95901600007572,40.75359500017696],[-73.9586140003928,40.7538479997232],[-73.95848200014832,40.75393199970399],[-73.95552700010606,40.75724299992019],[-73.95546199980872,40.757316000102506],[-73.95384300030813,40.759355000031064],[-73.95360599958335,40.7595359999637],[-73.95316700009052,40.75987299999518],[-73.95254100010165,40.76048999985114],[-73.95240300000938,40.76062800007074],[-73.95210900028151,40.76100000012305],[-73.95177600019557,40.7615779997832],[-73.9515169997295,40.76197400005577],[-73.94997199984874,40.76364599999236],[-73.94933699963904,40.76433700032929],[-73.9491020003607,40.76437999999563],[-73.947729999834,40.7660839996943],[-73.94539800030587,40.768646999676314],[-73.94521300035795,40.76892699968324],[-73.94513800001488,40.76910699998802],[-73.94507000024282,40.7692719997823],[-73.94484000008904,40.769596999745765],[-73.94465799961586,40.76984599996529],[-73.94214600016268,40.772037000294475],[-73.94141700024163,40.772313000116874],[-73.9407250001305,40.77246100004243],[-73.94028999993732,40.77292900010128],[-73.94024300008165,40.77294299994177],[-73.94019000037821,40.77295499970557],[-73.94014500017236,40.77295100023808],[-73.94010099979143,40.77293599968174],[-73.94005800013372,40.77290599991956],[-73.94003700021733,40.77287600014383],[-73.94002600034668,40.772838000045624],[-73.9400279999965,40.77281199971533],[-73.94007800022521,40.77275999970439],[-73.94016100006588,40.77264599982592],[-73.94022200016525,40.772531999751784],[-73.94025800015025,40.77242899997612],[-73.94028300026461,40.772301000237206],[-73.94019200002803,40.77101499977401],[-73.94022899983796,40.77085199968268],[-73.94028400008953,40.77062399998597],[-73.94055899955083,40.77011899980582],[-73.9412189998749,40.76933400003619],[-73.94255200004355,40.76848600010758],[-73.94285199961921,40.76829599977245],[-73.94410799979497,40.76681199989084],[-73.9441660004196,40.76674399990362],[-73.94420700042747,40.76669500029991],[-73.94425000008515,40.766643000264445],[-73.94448600008673,40.76636900029497],[-73.94662599999423,40.76386500029589],[-73.94896799956807,40.76108999984488],[-73.94943100024867,40.76054900014282],[-73.94971199955773,40.76032900025349],[-73.95010800029118,40.760027999989276],[-73.950334000247,40.75985700033522],[-73.95125999981154,40.7588100001786],[-73.95148599976736,40.75866600011681],[-73.95177799984539,40.758403000016244],[-73.95221100038874,40.75758399972081],[-73.95254799977432,40.75711099976922],[-73.95316700009052,40.75648500001056],[-73.95326900019778,40.75638100025357],[-73.95334600019068,40.75631099990679],[-73.9550729996463,40.75479900001221],[-73.95519400002011,40.75477500004988],[-73.9557709996052,40.75414799975041],[-73.95692399984878,40.75296099999508],[-73.95791399988575,40.752109999703784],[-73.95904000036514,40.75139300033285],[-73.95904799986275,40.75129599991436],[-73.95990200035558,40.750558999942236],[-73.96149099971895,40.74949400013268],[-73.96156000021425,40.74945799969541],[-73.96158799980334,40.74982299967216],[-73.96070900009445,40.751147999809966]]]]}},{"type":"Feature","properties":{"zip":"10069","income":88091},"geometry":{"type":"MultiPolygon","coordinates":[[[[-73.99031999971824,40.77565800027998],[-73.9897670004226,40.77621699990169],[-73.98920099980985,40.77685899986081],[-73.99016800028059,40.77725099966298],[-73.99031999971824,40.77731699983949],[-73.98852100029261,40.77977899977268],[-73.98841199961434,40.77973899967187],[-73.98832299992588,40.77985199969047],[-73.98791799986992,40.780381000284926],[-73.98730799977456,40.78104099997111],[-73.98707099994809,40.78090599971852],[-73.98654399969341,40.78065800005621],[-73.98682200042607,40.77990099979523],[-73.98709400041263,40.779163999982785],[-73.98729100005612,40.77877000000629],[-73.98741200042994,40.77852399975792],[-73.98774299996775,40.77784600021456],[-73.98805500013728,40.77722099980846],[-73.98809500032024,40.77714399982502],[-73.98811000038886,40.77711599987078],[-73.988430000056,40.7765310000953],[-73.98877400001258,40.77667300026305],[-73.98903799960323,40.775837000044014],[-73.98918999993921,40.775167000317204],[-73.98891799995263,40.77505099979605],[-73.98869899966951,40.77495799991223],[-73.98817700033601,40.77473500007015],[-73.98862599987459,40.77411599976461],[-73.98911399977123,40.77433100019475],[-73.98946399957558,40.774484999790374],[-73.98973399991232,40.774588999792435],[-73.98984600006533,40.77445400003301],[-73.99025000029636,40.77397400025395],[-73.99032200026639,40.77400500023532],[-73.99153900008405,40.77452999971968],[-73.99092399996582,40.7750769999305],[-73.99031999971824,40.77565800027998]]]]}},{"type":"Feature","properties":{"zip":"10103","income":0},"geometry":{"type":"MultiPolygon","coordinates":[[[[-73.97583099973714,40.760417999977854],[-73.97628900039486,40.75978700024644],[-73.97951300005063,40.761148000069774],[-73.97905699994108,40.76177100020907],[-73.97583099973714,40.760417999977854]]]]}},{"type":"Feature","properties":{"zip":"10111","income":0},"geometry":{"type":"MultiPolygon","coordinates":[[[[-73.9779890000863,40.75968900027053],[-73.9767439997812,40.75916500012786],[-73.9772009997157,40.75853799972436],[-73.97803900031501,40.75889099994868],[-73.97845000021876,40.75906500010394],[-73.97854899995296,40.7591059999687],[-73.98042600009471,40.7598989999448],[-73.97997199963494,40.76052500021499],[-73.9779890000863,40.75968900027053]]]]}},{"type":"Feature","properties":{"zip":"10112","income":0},"geometry":{"type":"MultiPolygon","coordinates":[[[[-73.97854899995296,40.7591059999687],[-73.97845000021876,40.75906500010394],[-73.97803900031501,40.75889099994868],[-73.9772009997157,40.75853799972436],[-73.97765500017546,40.75791199979423],[-73.97846600011226,40.75825000015175],[-73.97891100035119,40.758436000287794],[-73.97903799967449,40.75848999976883],[-73.98088600040228,40.759269999855],[-73.98042600009471,40.7598989999448],[-73.97854899995296,40.7591059999687]]]]}},{"type":"Feature","properties":{"zip":"10115","income":0},"geometry":{"type":"MultiPolygon","coordinates":[[[[-73.96305800023931,40.810947000053204],[-73.96347699964066,40.8103730001425],[-73.96391799968163,40.81055100001578],[-73.96442400001992,40.81075499985632],[-73.96401899996397,40.811331000139965],[-73.96305800023931,40.810947000053204]]]]}},{"type":"Feature","properties":{"zip":"10119","income":0},"geometry":{"type":"MultiPolygon","coordinates":[[[[-73.99394799960507,40.75152199987037],[-73.9934639999064,40.752189999802354],[-73.99062299966694,40.75099199983997],[-73.99110999973868,40.75031900027588],[-73.99156300037353,40.74970600011968],[-73.9920060000643,40.749101000201954],[-73.99293599982681,40.74949100032387],[-73.9948439999307,40.750292999982165],[-73.9943290002699,40.75099899968941],[-73.99394799960507,40.75152199987037]]]]}},{"type":"Feature","properties":{"zip":"10128","income":70031},"geometry":{"type":"MultiPolygon","coordinates":[[[[-73.95900400038013,40.78346700025507],[-73.9585580003163,40.78409800028447],[-73.95809600035894,40.78471799994262],[-73.9576360000514,40.78534399971734],[-73.95716800024626,40.78598299968507],[-73.95671799998446,40.78660099976699],[-73.95626199987488,40.78722300018805],[-73.95577800017622,40.787914000192096],[-73.95416299997527,40.78722700015661],[-73.95255100014738,40.78654899966695],[-73.95228300035878,40.786914000019266],[-73.95103899987859,40.7863860002797],[-73.95130800039041,40.78602600030724],[-73.95128800029894,40.786018000225255],[-73.9509269997256,40.785865999844276],[-73.950658999937,40.78623199970658],[-73.94992499999307,40.785908999862016],[-73.94955500009722,40.78575299985463],[-73.94931499989771,40.786081000334846],[-73.94927399988983,40.7860639996634],[-73.94901399959883,40.7859580002596],[-73.94882700000107,40.7858810002016],[-73.94658800035937,40.78494100028147],[-73.94422300032097,40.78393299989951],[-73.94472299991318,40.78324700005451],[-73.94405400026659,40.78296400019967],[-73.94395499963406,40.78291600020084],[-73.94383300033365,40.782858999817066],[-73.9437599996404,40.78282899977441],[-73.94360400000481,40.78264999980522],[-73.9437310002264,40.782150999958574],[-73.94383499998347,40.78135499980964],[-73.94360999985257,40.780299000251375],[-73.9432459998045,40.77938100028224],[-73.9428380002738,40.77963199976008],[-73.94238899983692,40.779082999752],[-73.9428309997028,40.77860200013441],[-73.94258800002858,40.77813499986177],[-73.94223499985115,40.777566999666014],[-73.9419579998417,40.776338999663615],[-73.94193699992532,40.77603099986702],[-73.94235799987479,40.77580500024325],[-73.94249099994418,40.77548700002448],[-73.94275799990787,40.774871999955046],[-73.94433700012381,40.77310799973483],[-73.94446599999524,40.77306500027355],[-73.94453100029257,40.773092999894295],[-73.9447510004006,40.77319099983453],[-73.94572800001876,40.773621999890025],[-73.94526699988631,40.77425200022828],[-73.94476499974598,40.77493599975977],[-73.94427799967426,40.77560799976942],[-73.94443900023104,40.775677000205576],[-73.94452100024682,40.77555499990825],[-73.94463500004964,40.77560399978141],[-73.94464900029332,40.775582999840196],[-73.94467699988243,40.7755949998074],[-73.94473200013401,40.77551799998015],[-73.94488500029492,40.775582999840196],[-73.94495399989187,40.77558399983756],[-73.9450690004179,40.77560999976335],[-73.94686199999578,40.77628299974498],[-73.94674800019295,40.776439000226965],[-73.94662799964404,40.77660400018115],[-73.94887999970453,40.777553000119674],[-73.95010599974304,40.77806999977768],[-73.95124800011597,40.77855099984627],[-73.95143100041408,40.77829999968495],[-73.9517429996853,40.77787499982401],[-73.95225900006933,40.77809300021238],[-73.95229599987925,40.77810900024393],[-73.95202399989269,40.77846299987061],[-73.95324599973324,40.77897999992895],[-73.95329000011418,40.77892899993102],[-73.95375799991932,40.779129999855975],[-73.95367300042882,40.779246999999195],[-73.95349199978052,40.77949600010648],[-73.95364199956836,40.779482000286386],[-73.95382999988934,40.779228999676654],[-73.9541930001125,40.7793820002224],[-73.95437300003756,40.779136000199735],[-73.9545389997189,40.77920600031551],[-73.95435700014401,40.779453000018066],[-73.95521199956346,40.77981400018124],[-73.95503199963841,40.780057999873726],[-73.95509299973777,40.78017199995812],[-73.95531500039395,40.77986600011279],[-73.95558499983237,40.779496000106484],[-73.95720199968312,40.78017900013594],[-73.95670799993871,40.78085599975694],[-73.95735599966892,40.781128000018704],[-73.95757699960187,40.780808000275336],[-73.95855099974528,40.7812169997775],[-73.95832099959152,40.78153399986788],[-73.95992099972385,40.78221299975774],[-73.95946899981223,40.78283300000764],[-73.95900400038013,40.78346700025507]]]]}},{"type":"Feature","properties":{"zip":"10152","income":0},"geometry":{"type":"MultiPolygon","coordinates":[[[[-73.97099299970532,40.75837299981706],[-73.97145100036305,40.75774900022558],[-73.9730680002138,40.75843199994642],[-73.97261299992913,40.75905899998888],[-73.97099299970532,40.75837299981706]]]]}},{"type":"Feature","properties":{"zip":"10153","income":0},"geometry":{"type":"MultiPolygon","coordinates":[[[[-73.97141100018007,40.7635879999061],[-73.97186899993947,40.76296400028094],[-73.97346499987384,40.763659000251124],[-73.97301499961203,40.76427900016567],[-73.97141100018007,40.7635879999061]]]]}},{"type":"Feature","properties":{"zip":"10154","income":0},"geometry":{"type":"MultiPolygon","coordinates":[[[[-73.97145100036305,40.75774900022558],[-73.97190699957429,40.75712500022041],[-73.97352400032338,40.757808000228316],[-73.9730680002138,40.75843199994642],[-73.97145100036305,40.75774900022558]]]]}},{"type":"Feature","properties":{"zip":"10162","income":108416},"geometry":{"type":"MultiPolygon","coordinates":[[[[-73.94993599986373,40.769468999993855],[-73.94945399981488,40.77008499981209],[-73.94839299963282,40.76963400025001],[-73.94830200029453,40.76959500025117],[-73.9482019998371,40.76954399985184],[-73.94797300040655,40.76951199974141],[-73.94904200008622,40.76826300031414],[-73.94925299997342,40.76835499993825],[-73.94936599995133,40.76839600019557],[-73.95185800021133,40.76944100020661],[-73.9513979999038,40.77007300021031],[-73.94993599986373,40.769468999993855]]]]}},{"type":"Feature","properties":{"zip":"10167","income":0},"geometry":{"type":"MultiPolygon","coordinates":[[[[-73.97373500021057,40.75461899974331],[-73.97418999959693,40.753993999978114],[-73.97520899994622,40.75442500001166],[-73.97580700034602,40.75467799980198],[-73.97535200006135,40.755302999941875],[-73.97373500021057,40.75461899974331]]]]}},{"type":"Feature","properties":{"zip":"10169","income":0},"geometry":{"type":"MultiPolygon","coordinates":[[[[-73.97580700034602,40.75467799980198],[-73.97627799962588,40.75405499987316],[-73.97697399993497,40.754348999787105],[-73.97651600017558,40.75497400029793],[-73.97580700034602,40.75467799980198]]]]}},{"type":"Feature","properties":{"zip":"10170","income":0},"geometry":{"type":"MultiPolygon","coordinates":[[[[-73.9757019998657,40.753810999957274],[-73.97464800025465,40.75336699979872],[-73.97510199981609,40.75274100017205],[-73.97555799992566,40.752115999765515],[-73.97604800037044,40.75144099996841],[-73.97710700000437,40.75188300003131],[-73.9757019998657,40.753810999957274]]]]}},{"type":"Feature","properties":{"zip":"10171","income":0},"geometry":{"type":"MultiPolygon","coordinates":[[[[-73.97281999961837,40.75587000031416],[-73.97327599972797,40.755243000134385],[-73.97489699977666,40.75592800033048],[-73.97443900001727,40.75655599977737],[-73.97281999961837,40.75587000031416]]]]}},{"type":"Feature","properties":{"zip":"10172","income":0},"geometry":{"type":"MultiPolygon","coordinates":[[[[-73.97327599972797,40.755243000134385],[-73.97373500021057,40.75461899974331],[-73.97535200006135,40.755302999941875],[-73.97489699977666,40.75592800033048],[-73.97327599972797,40.755243000134385]]]]}},{"type":"Feature","properties":{"zip":"10173","income":0},"geometry":{"type":"MultiPolygon","coordinates":[[[[-73.97833200021797,40.754100000027556],[-73.97878300030467,40.75348100008555],[-73.98039500013257,40.75415499994809],[-73.97993700037318,40.754782999811454],[-73.97833200021797,40.754100000027556]]]]}},{"type":"Feature","properties":{"zip":"10177","income":0},"geometry":{"type":"MultiPolygon","coordinates":[[[[-73.97535200006135,40.755302999941875],[-73.97580700034602,40.75467799980198],[-73.97651600017558,40.75497400029793],[-73.9760590002411,40.75559999999467],[-73.97535200006135,40.755302999941875]]]]}},{"type":"Feature","properties":{"zip":"10271","income":0},"geometry":{"type":"MultiPolygon","coordinates":[[[[-74.0108460000055,40.708797000163266],[-74.00982900020438,40.70811699971798],[-74.01020099975004,40.707693999908486],[-74.01124799968841,40.70830400010705],[-74.01101199968684,40.70859400006142],[-74.0108460000055,40.708797000163266]]]]}},{"type":"Feature","properties":{"zip":"10278","income":0},"geometry":{"type":"MultiPolygon","coordinates":[[[[-74.00453300041313,40.71628000017853],[-74.00303000036519,40.715585000012595],[-74.00211499977299,40.71515899998548],[-74.00242699994251,40.71462699980983],[-74.00259799964674,40.71431299999192],[-74.00309399993928,40.71395800029858],[-74.00340399956067,40.71415100002718],[-74.00402000040215,40.71455900024378],[-74.00541999961962,40.71523600027696],[-74.00497600010392,40.71575999998349],[-74.00453300041313,40.71628000017853]]]]}},{"type":"Feature","properties":{"zip":"10279","income":0},"geometry":{"type":"MultiPolygon","coordinates":[[[[-74.00766599983233,40.712533000338226],[-74.0081000002006,40.71199500001235],[-74.00966799964758,40.71272499985],[-74.0092540002691,40.71325599998964],[-74.00766599983233,40.712533000338226]]]]}},{"type":"Feature","properties":{"zip":"10280","income":108536},"geometry":{"type":"MultiPolygon","coordinates":[[[[-74.01931699994702,40.70629200012434],[-74.01921499983976,40.70655400027678],[-74.01912000030353,40.70703300025315],[-74.01898100038635,40.70703300025316],[-74.01885300033983,40.70712199979672],[-74.01866500001886,40.707162000011955],[-74.01846699965215,40.70713199985279],[-74.0182099997342,40.7078240000844],[-74.01866500001886,40.707932000152795],[-74.0187739997988,40.70797199988145],[-74.0188230002026,40.70797199988145],[-74.0188719997081,40.70803099977788],[-74.01886300038558,40.70814999974466],[-74.01881599963158,40.708446999930054],[-74.01869400033118,40.70888999998983],[-74.01847800042111,40.70968399979617],[-74.01836799991794,40.71008399977792],[-74.01833600013089,40.71020599969935],[-74.0182530002902,40.710484999695346],[-74.01816799990138,40.71092500031067],[-74.01805300027367,40.71152399983635],[-74.01789400026503,40.71235600020204],[-74.01733799969801,40.71225099994505],[-74.01662999969334,40.712116999837086],[-74.01654600002776,40.71246899969699],[-74.0166199996476,40.7126620003372],[-74.01659299988343,40.71288199994371],[-74.01653199978405,40.71300799985522],[-74.0163870000191,40.71310599984851],[-74.01632599991973,40.71341099968969],[-74.01721100037474,40.713543999667465],[-74.01678100020439,40.713997999811994],[-74.01619799987321,40.7147670003399],[-74.01392099969837,40.713763999764154],[-74.01369999976544,40.71366799987325],[-74.01414699965419,40.71221299992148],[-74.01435800043969,40.711005999840886],[-74.0145349999917,40.71037499976819],[-74.0146970003734,40.70977899967745],[-74.01485600038207,40.70939399982198],[-74.01520199998848,40.708456000141986],[-74.0155130003331,40.707707000209844],[-74.01552800040172,40.707671999968824],[-74.0155910001509,40.70753099984265],[-74.01561100024239,40.70748600018863],[-74.01569300025815,40.70730399990094],[-74.01574900033465,40.70718600012951],[-74.01576500022817,40.7071479999394],[-74.01583399982515,40.70698400023183],[-74.01595600002388,40.706679999905],[-74.01602600034407,40.7063919998207],[-74.01606499980382,40.706233999727765],[-74.01611300038272,40.706041000204685],[-74.01626599964528,40.705638999716264],[-74.01647499988265,40.70507000010979],[-74.01648400010349,40.705050000057916],[-74.01648800030144,40.705032999770765],[-74.01650099982193,40.70501600016028],[-74.01651699971544,40.7050000002425],[-74.01653599998201,40.704987000093624],[-74.01655799972333,40.7049760000181],[-74.01658100018786,40.70496799971438],[-74.01660600030222,40.704962999864534],[-74.01662800004353,40.704799000224256],[-74.01663700026435,40.70463300009407],[-74.0167669999607,40.70458299996554],[-74.01754899958522,40.704280999671624],[-74.01749000003396,40.704358000284785],[-74.01848699974362,40.704200999842385],[-74.01866900021683,40.70443900031192],[-74.01750299955444,40.70457100011982],[-74.01749699970667,40.704695999712214],[-74.01771599998979,40.704676999930925],[-74.01801700028865,40.704640000054624],[-74.01824300024447,40.70458299996556],[-74.01891299971597,40.704733999939506],[-74.01919899994625,40.705600000317276],[-74.01924099977904,40.70574499987057],[-74.01932699999276,40.70603500007289],[-74.01933700003849,40.70614399999856],[-74.01931699994702,40.70629200012434]],[[-74.0179710002579,40.70552400014828],[-74.0179069997855,40.70538599999597],[-74.01786199957964,40.705317999845356],[-74.01781800009705,40.70525300006714],[-74.01770400029422,40.705130999924414],[-74.01757000039993,40.7050230000805],[-74.01741999971378,40.70493099999964],[-74.01733900042125,40.70489499996307],[-74.01699499956632,40.70580000027602],[-74.01673199980061,40.706483999926256],[-74.01645599961607,40.707188000138935],[-74.01673400034873,40.707299000226485],[-74.01712000013812,40.70746200017919],[-74.0175750004228,40.70684000032167],[-74.01769000005051,40.70668300028238],[-74.01778899978471,40.706519000110696],[-74.01786900015065,40.70634900011267],[-74.01793000025002,40.70617500028221],[-74.0179779999306,40.70606000027777],[-74.01800800006784,40.70593499984051],[-74.01801899993848,40.70580300001203],[-74.01800800006784,40.705664999756834],[-74.0179710002579,40.70552400014828]]]]}},{"type":"Feature","properties":{"zip":"10282","income":86066},"geometry":{"type":"MultiPolygon","coordinates":[[[[-74.01671000005929,40.71870199968829],[-74.01328700021188,40.718310999975806],[-74.01304600018746,40.71908600002465],[-74.01255499991778,40.71907000008323],[-74.01229200015203,40.71903899967515],[-74.01268799998716,40.71729799979493],[-74.01273099964487,40.717114000060384],[-74.01292099961566,40.71639800017591],[-74.01302500027106,40.71595199972188],[-74.01310200026397,40.715618999961244],[-74.01319500015038,40.71520299967658],[-74.01323199996028,40.715061000290476],[-74.0133819997481,40.71440800007792],[-74.01369999976544,40.71366799987325],[-74.01392099969837,40.713763999764154],[-74.01619799987321,40.7147670003399],[-74.01678100020439,40.713997999811994],[-74.01721100037474,40.713543999667465],[-74.01760600038492,40.713647999679964],[-74.01741600041413,40.714948999976016],[-74.01671000005929,40.71870199968829]]]]}},{"type":"Feature","properties":{"zip":"10301","income":45620},"geometry":{"type":"MultiPolygon","coordinates":[[[[-74.11857200031814,40.62254400019908],[-74.11853200013516,40.6228369997151],[-74.11840599973847,40.62376099971695],[-74.11712699999651,40.62453299971649],[-74.11538999959684,40.6238869997186],[-74.11330900013888,40.62304199967802],[-74.11153400010437,40.621602999979636],[-74.11094400010049,40.621194999999865],[-74.1100150001629,40.62068799991666],[-74.10843500012206,40.621259999924504],[-74.10758499982718,40.62153099988355],[-74.10682199957094,40.62179400004797],[-74.10601599965699,40.62213799966449],[-74.10564400011131,40.62232100025288],[-74.10445300023291,40.622913000070795],[-74.10425599969109,40.62368200030361],[-74.10351699972429,40.623757000145915],[-74.10364599959571,40.62451300004464],[-74.10377899966511,40.625181000027396],[-74.10392099995533,40.62589700029856],[-74.10404900000185,40.626595999872734],[-74.10417200002551,40.627276000285015],[-74.10435799979834,40.62821500001514],[-74.10482899997655,40.62815800002019],[-74.105213999941,40.630258000292415],[-74.1053610002541,40.63034099996724],[-74.10576799995987,40.63056899970117],[-74.10598399986993,40.63202200001671],[-74.10567300042362,40.632060000092395],[-74.10547500005691,40.632083999985504],[-74.10590900042519,40.634148000110656],[-74.10591000025009,40.63433999982748],[-74.10591100007501,40.63444400006847],[-74.10572899960182,40.634467999786416],[-74.1054809999047,40.63450100015148],[-74.10550699984395,40.63462500019987],[-74.10552299973749,40.63470100009371],[-74.10454799976914,40.634698999954125],[-74.10398899972739,40.634698999954125],[-74.1035379996407,40.634698999954125],[-74.10252599986242,40.634663000157616],[-74.10268999989394,40.635435000249174],[-74.10285300010057,40.63619699980308],[-74.10298600016996,40.63683200028638],[-74.10301200010923,40.63695299998755],[-74.10313299958474,40.63735300026132],[-74.10355899955708,40.637314999789545],[-74.1043269998362,40.637202000321956],[-74.10446599975337,40.63718199967233],[-74.10451299960904,40.63741600008088],[-74.10457000040878,40.63770200029949],[-74.10467499999075,40.63824700002451],[-74.10480999970997,40.63897700002719],[-74.10542200035346,40.638899000215446],[-74.10559600043074,40.63972900010919],[-74.10593700001426,40.641355999924336],[-74.10607099990858,40.64203799990825],[-74.10634999956784,40.64332499994813],[-74.10654700010964,40.64424199984878],[-74.10596100030372,40.644305999908944],[-74.10533799978955,40.64437500021388],[-74.10523999988027,40.64439799984529],[-74.10517499958296,40.64442499984698],[-74.10510000013817,40.64447099974899],[-74.1050459997115,40.64452199991447],[-74.10500499970364,40.644578000331876],[-74.10497700011453,40.64464499983245],[-74.10465200042452,40.64529999997247],[-74.10475299980855,40.645708999813436],[-74.1047829999458,40.645981999872205],[-74.10276100003905,40.646058999686915],[-74.10002199990686,40.64541499986444],[-74.09894900002921,40.6454340001831],[-74.09888600028002,40.64582399968217],[-74.09613200007921,40.64598500025613],[-74.09381300007156,40.64608200010118],[-74.09271599990448,40.64667700023977],[-74.08959900037881,40.64757099985901],[-74.08843699991439,40.648229000191975],[-74.0876839997039,40.6482810000784],[-74.08627799974033,40.64888999974299],[-74.08433600019956,40.64907700004562],[-74.0839579999078,40.64862299984225],[-74.0821720000026,40.648397000150915],[-74.0818189998252,40.64849499976126],[-74.0813870000051,40.64856399982479],[-74.08041500040977,40.64829899971509],[-74.07983600027654,40.6483970001509],[-74.07904200005815,40.64817099969413],[-74.07734400001654,40.64742499993734],[-74.0766369998368,40.64709199980797],[-74.07626399956789,40.64675800017258],[-74.07503699970447,40.64568799976264],[-74.07435999966195,40.64509999974771],[-74.07370799973378,40.64512999988781],[-74.0724759998475,40.644518000223606],[-74.07151400029792,40.64354700002585],[-74.07147999996275,40.64288799993441],[-74.07149400020644,40.64283799983156],[-74.07218100029469,40.642693999680525],[-74.07213699991377,40.642437999705166],[-74.07041200010798,40.64267499994508],[-74.07036899955196,40.642544000186824],[-74.07321900001226,40.642181000153506],[-74.07314399966917,40.64183099971112],[-74.07025599957404,40.642213000156914],[-74.07021899976414,40.642024999746795],[-74.0730750000722,40.64163099999765],[-74.07288099990346,40.64093800020607],[-74.07181899989645,40.64104399966154],[-74.07182499974424,40.64112500029597],[-74.07003100034147,40.641275000251895],[-74.07000000037932,40.64108799990053],[-74.0717939997821,40.640949999921375],[-74.0717939997821,40.640913000110615],[-74.07293699997993,40.640805999787084],[-74.07286199963687,40.64053099972321],[-74.07310600003437,40.64051300003644],[-74.0731310001487,40.64033800010237],[-74.07308699976777,40.64033800010237],[-74.07308099991998,40.63987499982479],[-74.07304999995783,40.63986899987078],[-74.07306900022442,40.63918800022352],[-74.07310000018656,40.63918800022352],[-74.07311199988213,40.63858800006866],[-74.07292500028439,40.638580999987305],[-74.0729190004366,40.63837499999144],[-74.07266900019135,40.638381000079704],[-74.07266900019135,40.6383189998231],[-74.07263099965819,40.6383189998231],[-74.07263099965819,40.638237999873816],[-74.0724060004256,40.638250000074464],[-74.07239399983172,40.6381750001483],[-74.07264400007699,40.63816299993417],[-74.07263099965819,40.63806900022713],[-74.07257499958169,40.637972000325355],[-74.0726049997189,40.637971000304525],[-74.07313600017156,40.6379189998838],[-74.07329799965495,40.63790300021813],[-74.07374000041915,40.63786099996971],[-74.07353000035688,40.63662599966535],[-74.07354000040262,40.636543000304286],[-74.07355299992308,40.63651199967052],[-74.07358999973302,40.63646100020185],[-74.07363599976375,40.636422999904084],[-74.0737089995587,40.63638400022178],[-74.07378800009974,40.636364000008825],[-74.0738559998718,40.63635899978419],[-74.0747339997558,40.63621199983049],[-74.07584799964128,40.63593499982643],[-74.0754690004229,40.63519399995948],[-74.07516999977386,40.63416600015016],[-74.07534800004908,40.63313200031474],[-74.07595899996936,40.63196999973452],[-74.0771230000836,40.63230399974041],[-74.07743199988009,40.63239499975249],[-74.0773049996585,40.63265699998606],[-74.07741099996369,40.63269200008257],[-74.07713200030443,40.633241000168915],[-74.07755200042901,40.6333639997407],[-74.07821299967968,40.63351500017994],[-74.07835900016785,40.63306199988297],[-74.07854099974273,40.63311600018355],[-74.07865399972064,40.63275699972608],[-74.07878199976716,40.63279500006526],[-74.0790880000889,40.63288600008985],[-74.07936500009833,40.63222500020623],[-74.08035599996022,40.63121100002647],[-74.08140700009655,40.630301000005396],[-74.08201499964377,40.63089199986646],[-74.08135299966987,40.631281999792755],[-74.08129900014153,40.6316770000621],[-74.0811719999199,40.63167900029227],[-74.08102799997987,40.631695000086054],[-74.08089499991047,40.63172600022948],[-74.08076500021413,40.63177200001993],[-74.08064300001539,40.631833000108216],[-74.08053400023545,40.63190700022987],[-74.08044700019683,40.63198700025073],[-74.08038500027253,40.63205799987363],[-74.08032400017316,40.6321550001871],[-74.08028200034036,40.632253999890736],[-74.08025899987584,40.63235400023431],[-74.08025300002805,40.632420999733114],[-74.08025999970076,40.63250600033342],[-74.08028999983797,40.632599999692296],[-74.08034500008957,40.63269200008257],[-74.08042200008246,40.63277400004199],[-74.0805169996187,40.632841999898666],[-74.08060700003037,40.632886000089826],[-74.08071900018338,40.632923999673864],[-74.08178399966509,40.633136000006076],[-74.08247699960114,40.63346000011367],[-74.0823129995696,40.633661999936294],[-74.08176000027397,40.63425600027494],[-74.08045499969442,40.63549699977565],[-74.08072500003117,40.63571399971018],[-74.08176000027397,40.63494500031636],[-74.08213699984252,40.63516199999985],[-74.0826210004395,40.634781000175586],[-74.08210900025342,40.63446899985971],[-74.08241600040009,40.63417400009038],[-74.08381999981552,40.63517899970337],[-74.08440300014671,40.63497799976392],[-74.08509400043292,40.63427599975597],[-74.08543300036663,40.63384400022515],[-74.08574899983583,40.633954999760725],[-74.08714099955569,40.632239000337606],[-74.08761799958165,40.631648000127015],[-74.08807700006429,40.631080999711415],[-74.0868230004367,40.63031800026483],[-74.08649100017567,40.630110999859525],[-74.08636200030423,40.63003000017834],[-74.08654600042725,40.62989299998057],[-74.0869439999122,40.62937400004121],[-74.0862950003571,40.62885799994906],[-74.08636599960387,40.628633000309485],[-74.08771700021418,40.628787999809084],[-74.08820900030877,40.62742700017402],[-74.0877049996203,40.62730699975279],[-74.0877409996053,40.62707800028791],[-74.0876839997039,40.62707800028793],[-74.0876760002063,40.62675699977876],[-74.08647899958179,40.62677000018621],[-74.08595399987523,40.626566000266585],[-74.08593200013392,40.62644100005802],[-74.08500700039428,40.62588600012488],[-74.08618599967882,40.6258660001763],[-74.08627899956525,40.625375000038154],[-74.08637300017489,40.62478200000525],[-74.08779800040503,40.62489699978964],[-74.08767399965815,40.623925000332605],[-74.08706600011094,40.62395199975095],[-74.08703699979861,40.62296300009613],[-74.08767299983326,40.62298999990333],[-74.08779400020707,40.62281299990777],[-74.08786899965182,40.622276999918746],[-74.08758099977173,40.62227800017462],[-74.08746899961875,40.62214899977365],[-74.08731399980806,40.621987999668995],[-74.0873249996787,40.62184499980961],[-74.08669399966693,40.62180500021378],[-74.0867470002687,40.62132100006904],[-74.08714499975363,40.62135799982775],[-74.08717800026393,40.6211560002874],[-74.08719499998236,40.62097799992963],[-74.08721199970078,40.62093900009049],[-74.08726100010459,40.620868000237486],[-74.08732999970158,40.62080499980533],[-74.08740599986956,40.62076200011484],[-74.08749600028125,40.62070699977266],[-74.08756099968026,40.620652999665346],[-74.08762400032776,40.620580000309545],[-74.08768200005407,40.62049599981258],[-74.08774999982614,40.62043500027835],[-74.08783199984191,40.62038700029273],[-74.08790299998702,40.620351000280934],[-74.08797199958398,40.620300999664046],[-74.08802799966048,40.620243000128966],[-74.0876269998025,40.619542999911005],[-74.08758199959665,40.61935099992524],[-74.08751700019764,40.61906399989778],[-74.08761199973388,40.618494999752144],[-74.08793599959897,40.61765899988702],[-74.08806199999566,40.61733799979615],[-74.08815200040736,40.617005000283264],[-74.08980199987009,40.61680800017912],[-74.08985399974863,40.616859999993046],[-74.09030700038346,40.61695200024657],[-74.09046899986687,40.61699000003271],[-74.0903509998661,40.617209999733355],[-74.09070099967045,40.61731099975001],[-74.09120600018385,40.61782400012376],[-74.09241299995577,40.61828199967448],[-74.09253400032961,40.618141000017786],[-74.09266999987372,40.615851000127215],[-74.09247499988005,40.61491700024591],[-74.09214799964191,40.61472200017825],[-74.09161500043776,40.61462299971626],[-74.09113099984076,40.61438699983483],[-74.09094500006793,40.614213999689895],[-74.09069800019573,40.61381800008817],[-74.09089599966413,40.613420999796745],[-74.09129300022246,40.61311100003503],[-74.09151599980524,40.61241600007205],[-74.09192300040932,40.612303999792125],[-74.09098299970276,40.61206599976749],[-74.09132500000952,40.61165500030781],[-74.09140600020037,40.61159200005267],[-74.09150499993457,40.611545000267455],[-74.09160399966878,40.611517000191085],[-74.09169599973029,40.61150599969515],[-74.09261100032249,40.61146000026726],[-74.09299399973882,40.61144200024533],[-74.09400800006523,40.61189999990179],[-74.09468599993266,40.61218100030361],[-74.09459600041929,40.612189999874715],[-74.09442200034202,40.61222199993095],[-74.09426099978523,40.61226899992192],[-74.09412500024109,40.61232399970977],[-74.09398799997375,40.61239600018199],[-74.09387300034602,40.61247400026496],[-74.09376899969064,40.61256099977796],[-74.09366900013153,40.61266900007408],[-74.09358499956763,40.61279200002819],[-74.09352500019148,40.612916999866044],[-74.0945489996653,40.613310999935926],[-74.09629699993565,40.61403599992854],[-74.09644300042383,40.61562000022418],[-74.09664699974,40.61552299976112],[-74.09714700023052,40.61528500029188],[-74.0975260003472,40.6140749997061],[-74.09792300000724,40.61347899979924],[-74.09810999960499,40.61279100031224],[-74.09935099971213,40.61241899991862],[-74.09851499966095,40.61138699973149],[-74.09846699998037,40.61134999990592],[-74.0981029999323,40.61096199969019],[-74.09788399964918,40.610749999893024],[-74.09765799969337,40.61050299999196],[-74.09742199969182,40.61026099999305],[-74.0974130003693,40.610197000032805],[-74.09738099968392,40.61013000006204],[-74.09733999967605,40.6100809997355],[-74.09728500032277,40.61003599976583],[-74.09722599987323,40.61000499978425],[-74.09715200025339,40.609978999942626],[-74.09708500030625,40.60996700011722],[-74.09698499984881,40.60996700011722],[-74.0969060002061,40.60997999970064],[-74.09683900025895,40.610004000026606],[-74.09736700033854,40.60950900016926],[-74.0973699998133,40.60905099981018],[-74.09687699989378,40.60929099988053],[-74.09536200015026,40.60953099977098],[-74.09494000037587,40.609305999813714],[-74.09626400032369,40.608873999708955],[-74.09602599977399,40.608533999790616],[-74.09649100010441,40.60841499999028],[-74.09656399989933,40.60838399993868],[-74.09662199962564,40.60834699981436],[-74.09667000020454,40.60830100025787],[-74.09670500036465,40.60824800013654],[-74.09672600028105,40.60819400018848],[-74.09673299995373,40.60812400021616],[-74.09671899971003,40.608061000041936],[-74.0966879997479,40.60799300018779],[-74.0966390002424,40.60792999989008],[-74.09657800014304,40.60787499989555],[-74.09650500034813,40.60783100027651],[-74.09643599985282,40.607784999682856],[-74.0963780001265,40.60772599972018],[-74.09633600029372,40.607658999999884],[-74.09631600020222,40.60759500027559],[-74.09631100017936,40.60752200029152],[-74.09632399969982,40.60745300009311],[-74.09694999968872,40.60701999980143],[-74.09733499965317,40.60621100002563],[-74.09750100023284,40.605880999757375],[-74.0975110002786,40.60583700018961],[-74.09750600025572,40.60579699987535],[-74.09748500033935,40.60574900028508],[-74.09743799958534,40.605700999978325],[-74.09737499983615,40.60567000003184],[-74.09730899971392,40.60565599978731],[-74.09694300001601,40.605397000190386],[-74.09711600026839,40.60505899997832],[-74.09693799999316,40.604821000066565],[-74.09663099984648,40.60475199980765],[-74.09656899992224,40.60460800004593],[-74.09691500042695,40.60438799977301],[-74.09821400026037,40.6039519998579],[-74.09862000014124,40.604055999676724],[-74.09907299987778,40.60431899974909],[-74.09987999961662,40.60449200027749],[-74.10115500005895,40.60423000004793],[-74.10141299980181,40.60292599972701],[-74.10359999956496,40.60200700013154],[-74.10614000040387,40.601704999674794],[-74.10776200027752,40.601268000103296],[-74.10943699985458,40.6012610002024],[-74.10933599957224,40.60089299999602],[-74.11302299990862,40.60013499968495],[-74.11338299975874,40.60057000004522],[-74.11487099973806,40.602136999740964],[-74.1141960002437,40.60243500012656],[-74.1142599998178,40.602711000072205],[-74.11434000018373,40.60319000001316],[-74.11419200004573,40.60360200023634],[-74.11394400034861,40.60409899988897],[-74.11366399996614,40.60453799972759],[-74.11336100001742,40.60490399997732],[-74.11282899973986,40.605369000265966],[-74.11241799983611,40.605639000070994],[-74.11168700026528,40.60566399973253],[-74.11119299962253,40.60623699996923],[-74.11113200042146,40.60666299986075],[-74.11120199984337,40.607136999756804],[-74.11100699984968,40.60782699975173],[-74.11087999962808,40.6080920002433],[-74.1106289995579,40.60830999966948],[-74.11031800011159,40.60858100032972],[-74.11009600035375,40.60872600017374],[-74.10905500026315,40.608732999974826],[-74.10901500008018,40.60889000019205],[-74.1087830002766,40.60912199994636],[-74.10853399985626,40.609293000099164],[-74.10809700001326,40.60942899982055],[-74.10717599957327,40.60965900022391],[-74.10543400004903,40.60982699972173],[-74.10534899966024,40.61021499970811],[-74.10539999971384,40.61041299990872],[-74.1055090003921,40.61040700003526],[-74.10578899987628,40.610391999667314],[-74.10610600006868,40.61037499979171],[-74.1066509998667,40.61034600015453],[-74.10742199962057,40.61029199985587],[-74.10791999956292,40.61027400020125],[-74.10806100002824,40.610279000333115],[-74.10915300017245,40.61031300012875],[-74.10996199956114,40.61039199966733],[-74.11010800004932,40.610410999723605],[-74.11040400032532,40.61047099979439],[-74.11095599979606,40.610617999808234],[-74.11134699960832,40.610731999679835],[-74.11148499970058,40.61077399994241],[-74.112162999568,40.61098900025617],[-74.1127600001429,40.61113799997582],[-74.11296099998435,40.61116999985397],[-74.11298500027378,40.611427999846036],[-74.11308200035816,40.612455000113236],[-74.11312300036606,40.612650999695894],[-74.1129090001058,40.61270099990101],[-74.1129939995963,40.612746999838414],[-74.11306100044176,40.61279799968752],[-74.11311800034318,40.61285900005767],[-74.11316000017597,40.61292600001989],[-74.11318699994015,40.612995999735666],[-74.11319600016098,40.613051000289],[-74.11337500026112,40.61380499988755],[-74.11414600001498,40.61374200029565],[-74.11435100005438,40.61515899974827],[-74.11439500043531,40.61583699996985],[-74.11443999974286,40.6166470001576],[-74.11452500013165,40.617459999691576],[-74.11470400023181,40.61807500014877],[-74.11793499956029,40.61784500007507],[-74.1181820003308,40.61852900014026],[-74.11850600019591,40.619193000119715],[-74.11878900005313,40.61981400001713],[-74.1196689995869,40.62174500009323],[-74.11857200031814,40.62254400019908]]]]}},{"type":"Feature","properties":{"zip":"10302","income":42452},"geometry":{"type":"MultiPolygon","coordinates":[[[[-74.14769000002244,40.622072000335244],[-74.14738899972355,40.62247600008341],[-74.1470539999878,40.62297100001488],[-74.14674199981826,40.62354600027465],[-74.14648700044845,40.62399099987636],[-74.14633599993739,40.62441600022139],[-74.14614500014167,40.62493000011213],[-74.14577600007074,40.625971999699075],[-74.14559000029791,40.6266080001205],[-74.14550900010707,40.627079999974015],[-74.14547399994696,40.62740599982614],[-74.1454630000763,40.62788699967774],[-74.1455330003965,40.62849800029818],[-74.1456039996433,40.62909700030247],[-74.14573500006287,40.6300949996862],[-74.14569999990275,40.63092700020635],[-74.14568999985701,40.63120799966022],[-74.14566800011572,40.63146999977914],[-74.14561100021433,40.63226599980353],[-74.14547899996982,40.632806999880835],[-74.14538899955815,40.63320199999137],[-74.1451819998689,40.63446200002818],[-74.14480100010239,40.63558099981201],[-74.14563100030578,40.63524599977591],[-74.14556500018355,40.63545900029261],[-74.1447099998658,40.6357970001018],[-74.14436300043448,40.63595899969012],[-74.14356300036832,40.637957000011745],[-74.14329300003159,40.6386580001601],[-74.14360000017822,40.63851399985323],[-74.14308600034234,40.63978399978277],[-74.14292200031082,40.63959500003318],[-74.14257300033135,40.639526000240146],[-74.14231200021544,40.63965699978637],[-74.14232800010898,40.6403079998534],[-74.14151399979912,40.64040199981597],[-74.14148899968475,40.640068000102595],[-74.14119099975892,40.64011000032578],[-74.14122599991902,40.64044999973133],[-74.14090200005391,40.640511000070966],[-74.14056499977002,40.64055999988998],[-74.13970799980244,40.64067599974935],[-74.13887400029941,40.64074199977921],[-74.13763999986497,40.640965000244144],[-74.13767900022305,40.64156500016513],[-74.13652000013167,40.64175099989763],[-74.13441399966106,40.642090999806065],[-74.13405200016112,40.64197600032156],[-74.13271399996962,40.64155299987874],[-74.13244199998306,40.64183400028167],[-74.13128200006676,40.641681000323004],[-74.13081900028449,40.64120000031603],[-74.12984599996598,40.64148899990541],[-74.12925000011431,40.64127200033785],[-74.12857800009466,40.6412849999643],[-74.12786000004427,40.640717000291964],[-74.12781499983844,40.63991000022738],[-74.12746599985896,40.63987799980158],[-74.12746900023201,40.64015899975746],[-74.1269620000688,40.64018100017227],[-74.12701499977226,40.63931899975142],[-74.12703200038901,40.63837700002088],[-74.12695899969577,40.63782699987913],[-74.12691500021315,40.637428999776525],[-74.12688800044897,40.63720999989845],[-74.12784699962549,40.637276999977836],[-74.12789799967909,40.63643399970548],[-74.12844300037547,40.63367300019257],[-74.12944599993291,40.63365999976558],[-74.1301659996331,40.63237099997107],[-74.12970899969862,40.632294000046144],[-74.13000900017259,40.63169799974869],[-74.13019099974746,40.63124500007762],[-74.13016099961025,40.630923999827345],[-74.12992700015683,40.63070800013479],[-74.12986000020967,40.63051000008688],[-74.1296569998201,40.630531000140465],[-74.1294469997578,40.63000899996724],[-74.12934899984852,40.629555999746195],[-74.1292989996198,40.629418999939546],[-74.12913100028864,40.628952999826836],[-74.12917499977124,40.628721000073924],[-74.12918800019004,40.62865499975017],[-74.1295020000094,40.62874999991668],[-74.1299609995937,40.628890000202865],[-74.13000999999751,40.62876000014166],[-74.1300529996552,40.62864299987023],[-74.13017999987683,40.62830399981425],[-74.13036599964965,40.6275610001283],[-74.13044000016782,40.62677000018621],[-74.13073499972059,40.62682500030854],[-74.13113599957859,40.62689899984385],[-74.13130999965585,40.626327999913656],[-74.13141299958802,40.62601999976206],[-74.13101299955495,40.62592899992582],[-74.13111700021035,40.62562800005607],[-74.13139000002181,40.62562999978561],[-74.13141000011329,40.62557699977387],[-74.131496000327,40.62535300019882],[-74.13128999956439,40.6253219998241],[-74.1310369998444,40.6253470003034],[-74.13118199960935,40.62478999970618],[-74.13139099984672,40.62481299994886],[-74.131496000327,40.624554000286004],[-74.13164000026707,40.62400400014036],[-74.13154499983251,40.623789000116666],[-74.13203899957692,40.623754000126596],[-74.13205399964552,40.62366199969503],[-74.13205799984351,40.62338699992485],[-74.13096200039963,40.62347700025941],[-74.13061000004714,40.623494999766315],[-74.13056400001638,40.623171999960526],[-74.13055300014572,40.623095999899526],[-74.13066199992566,40.62308499994635],[-74.13067000032159,40.6231409999371],[-74.13102900034679,40.623114000190924],[-74.13101500010309,40.623005000170274],[-74.13140000006756,40.62297700012377],[-74.13126000032547,40.62201999980538],[-74.13153599961167,40.62199800022461],[-74.1315170002434,40.62168400033593],[-74.13190700023075,40.62165399988708],[-74.13180400029859,40.62102100016293],[-74.13231499976145,40.62104300006544],[-74.13304700005554,40.62108800012247],[-74.13375699971004,40.621136999877265],[-74.1339869998638,40.62116300015009],[-74.13385799999237,40.622059999954324],[-74.13401100015324,40.622143000272196],[-74.13471499995994,40.622523999931545],[-74.13555500020908,40.62298600028615],[-74.13569300030133,40.62306499984086],[-74.13639399973498,40.62346699992518],[-74.136401000306,40.62341400024251],[-74.13643999976573,40.62312500013935],[-74.13689300040058,40.623086999752005],[-74.13704099964028,40.62196700033821],[-74.1375079996205,40.62201400029235],[-74.13754000030586,40.62178200029896],[-74.13756100022226,40.621632999769496],[-74.13836700013621,40.62173800029156],[-74.1386130001835,40.62177299997438],[-74.13932600021104,40.62186700012258],[-74.13937800008958,40.621542999677644],[-74.13942199957219,40.62127800002884],[-74.14029199995855,40.62140700006641],[-74.14167899965555,40.621627000221714],[-74.14178300031092,40.62084199984987],[-74.14187899967209,40.62009100007391],[-74.14190799998441,40.61986699982885],[-74.14155999982987,40.61980800030596],[-74.14135300014063,40.61977399988695],[-74.14142699976047,40.61886600010334],[-74.1416469998685,40.618114000296245],[-74.14215099965865,40.6181879999364],[-74.14221400030615,40.617755000334704],[-74.14233700032979,40.61660799983567],[-74.14326200006943,40.61674100001825],[-74.14419500020502,40.61687100028945],[-74.14512400014259,40.61696600017033],[-74.14603499963853,40.61701300023368],[-74.14690099982691,40.6170509999851],[-74.1469059998498,40.617462999993606],[-74.14691199969758,40.617902000007064],[-74.14664499973388,40.61854400004527],[-74.14658600018265,40.61868500021512],[-74.14553699969615,40.618670999969765],[-74.14529599967172,40.618778000309305],[-74.14526499970958,40.61906399989778],[-74.14512999999036,40.61905899974143],[-74.14479299970648,40.619047000182945],[-74.14476699976721,40.619225999851004],[-74.14467999972858,40.61989699971649],[-74.14495000006531,40.61990100020056],[-74.14513699966307,40.619903999711056],[-74.14509400000537,40.62023100010133],[-74.14508800015757,40.62027999980296],[-74.14658500035775,40.62034300004838],[-74.1466949999626,40.62033400021174],[-74.14690400019998,40.62031700013829],[-74.14750199970146,40.620643000272054],[-74.14743700030246,40.62070900033137],[-74.14721800001934,40.62093200020433],[-74.14793199987177,40.62133600002898],[-74.14822700032286,40.621502000315346],[-74.14769000002244,40.622072000335244]]]]}},{"type":"Feature","properties":{"zip":"10303","income":42463},"geometry":{"type":"MultiPolygon","coordinates":[[[[-74.1958920000654,40.635248999960744],[-74.1952729997492,40.636164000276295],[-74.19511399974056,40.63643799988071],[-74.19495800010493,40.63670300004796],[-74.1947570002635,40.63704599986795],[-74.19460999995039,40.63724000017633],[-74.19313200001679,40.639192000233734],[-74.19036600012042,40.640514000019195],[-74.1902249996551,40.64103699983774],[-74.18910200044706,40.64218599994207],[-74.18713900009158,40.64054000024643],[-74.18684799983842,40.640980999857575],[-74.18771499985175,40.642635999825366],[-74.18626899970519,40.64334300023983],[-74.18507700000187,40.64441499992334],[-74.18383400024493,40.64351100022922],[-74.18373499961243,40.64468699990215],[-74.18071699982094,40.644721999826395],[-74.1806149997137,40.64528400003108],[-74.17979100025642,40.645461999674296],[-74.17871900020367,40.644995999748446],[-74.17887400001437,40.64309299969195],[-74.17802399971949,40.64280600012781],[-74.17672400006114,40.64377299978254],[-74.17576300033649,40.64354300027664],[-74.17545199999186,40.64511599973322],[-74.17380900020183,40.64502799976548],[-74.17242800035261,40.64414400012767],[-74.17209199989364,40.643218000082975],[-74.17107400026758,40.64307500001444],[-74.17118499969736,40.6418419999847],[-74.17046099979918,40.64137999988411],[-74.16979100032766,40.642248999972054],[-74.16906400005644,40.642102000036815],[-74.1689130004437,40.64207199989897],[-74.16782499959912,40.64127400028053],[-74.16742299991623,40.64199500025599],[-74.16564899970662,40.64140799971275],[-74.16557300043696,40.64243399988946],[-74.16471399992125,40.64227500020513],[-74.16451800010265,40.641479000223555],[-74.16367899967842,40.64119099988183],[-74.16273399984732,40.64142799977785],[-74.16091799980491,40.640368000337894],[-74.16132899970866,40.63890200023611],[-74.16047099991617,40.638809000214536],[-74.16019200025691,40.640210999796686],[-74.15861300004099,40.639897000333164],[-74.15786999987623,40.63981500026044],[-74.15670499993708,40.639801999666055],[-74.15609599966662,40.63917000017465],[-74.1552000002393,40.63921000027671],[-74.15450099955717,40.6391960002437],[-74.15432999985295,40.63744700029487],[-74.1523339998855,40.637710999840735],[-74.15273200026876,40.63883799976608],[-74.15107299968689,40.63895199987896],[-74.1499689998471,40.63757199967029],[-74.1494120003535,40.63755799997549],[-74.14953799985187,40.638186999678624],[-74.1491520000625,40.638716000063425],[-74.1488209996264,40.63890400024984],[-74.14654599999967,40.63904199968708],[-74.14612099985224,40.63914100008567],[-74.14614099994373,40.63926499969616],[-74.14485999965363,40.63939799975351],[-74.14474599985081,40.63931399974811],[-74.14377699973025,40.63875499974674],[-74.14325399967352,40.6397959997055],[-74.14308600034234,40.63978399978277],[-74.14360000017822,40.63851399985323],[-74.14329300003159,40.6386580001601],[-74.14356300036832,40.637957000011745],[-74.14436300043448,40.63595899969012],[-74.1447099998658,40.6357970001018],[-74.14556500018355,40.63545900029261],[-74.14563100030578,40.63524599977591],[-74.14480100010239,40.63558099981201],[-74.1451819998689,40.63446200002818],[-74.14538899955815,40.63320199999137],[-74.14547899996982,40.632806999880835],[-74.14561100021433,40.63226599980353],[-74.14566800011572,40.63146999977914],[-74.14568999985701,40.63120799966022],[-74.14569999990275,40.63092700020635],[-74.14573500006287,40.6300949996862],[-74.1456039996433,40.62909700030247],[-74.1455330003965,40.62849800029818],[-74.1454630000763,40.62788699967774],[-74.14547399994696,40.62740599982614],[-74.14550900010707,40.627079999974015],[-74.14559000029791,40.6266080001205],[-74.14577600007074,40.625971999699075],[-74.14614500014167,40.62493000011213],[-74.1463290002647,40.624922999962465],[-74.14669999998547,40.62491400006114],[-74.14876799992294,40.62510399999345],[-74.14898800003097,40.6241899997072],[-74.14909000013822,40.6237239999257],[-74.1491510002376,40.62359800029841],[-74.14924099975097,40.62332899966013],[-74.14939100043709,40.62310300024072],[-74.14950299969178,40.6229229998061],[-74.14961400001987,40.62279299972083],[-74.15000599965703,40.622434999930086],[-74.1503210001996,40.62215000003138],[-74.15067000017908,40.621836000175385],[-74.15094800001341,40.62158800007964],[-74.15130600021371,40.62135299984312],[-74.15154100039035,40.62120199985843],[-74.15699500036531,40.62158800007966],[-74.16240499995934,40.62197100001643],[-74.16234200021016,40.622337999816395],[-74.16232899979137,40.622380999856006],[-74.16238499986788,40.62238800027218],[-74.16246100003586,40.6221790000001],[-74.16257200036392,40.62167300015019],[-74.16406799984087,40.62192099993035],[-74.16464299977613,40.62183199980723],[-74.1647390000356,40.621702999908614],[-74.1647890002643,40.62158100026155],[-74.1649850000829,40.621619000141976],[-74.16510100043385,40.62118100028053],[-74.165168000381,40.62091200013608],[-74.165344999933,40.620231999705965],[-74.1668300004376,40.62086199993914],[-74.16848200044846,40.62156199997229],[-74.16872500012272,40.621208999716224],[-74.16880799996339,40.62108999998789],[-74.16886300021497,40.62102400030502],[-74.16890900024575,40.62095700028131],[-74.16918700008009,40.62054699988337],[-74.16956700002167,40.620582999789605],[-74.16990900032843,40.620599000196265],[-74.17026400015568,40.62060299995638],[-74.17059999971636,40.62059200027455],[-74.17090299966505,40.62057200010443],[-74.17121499983458,40.62053899967432],[-74.1715250003543,40.62049500021188],[-74.17183199960263,40.6204400003317],[-74.17211299981004,40.62037900006451],[-74.17242099978162,40.62030000006046],[-74.17270100016408,40.620217000179984],[-74.17305299961829,40.620096000153],[-74.17335499974207,40.61997600019713],[-74.17368100015531,40.61983300012175],[-74.17396099963948,40.61969400023658],[-74.17423199980112,40.61954600011942],[-74.17451800003141,40.61937099977903],[-74.17478400017018,40.61918999989539],[-74.17498300036182,40.61904099972107],[-74.17519699972374,40.618868999660315],[-74.17540799961093,40.61868300027762],[-74.17561799967322,40.61847500031792],[-74.17583000028364,40.618236999772876],[-74.1759969997899,40.61802699983119],[-74.17615699962347,40.61779599995113],[-74.17740899960125,40.615851999797385],[-74.17743899973848,40.61580399992828],[-74.17788200032759,40.615123000328694],[-74.17845200023999,40.614246999834904],[-74.17889400010586,40.61356800014017],[-74.1790310003732,40.61334599994228],[-74.17916600009242,40.613085999749615],[-74.17928099972015,40.612818000139235],[-74.17935600006322,40.61259699989607],[-74.17941399978955,40.61238799967867],[-74.17946300019334,40.6121529998118],[-74.1794809997367,40.61204000004581],[-74.17948199956159,40.61194900025833],[-74.17948599975955,40.61169600025788],[-74.17950599985105,40.6114179997539],[-74.17955000023198,40.61107299974997],[-74.17961299998117,40.61074799971802],[-74.17969400017202,40.61043299971036],[-74.17979499955605,40.610111999681855],[-74.17991299955682,40.60980399977483],[-74.18004800017435,40.60950199976748],[-74.18015600012939,40.609287999893525],[-74.18122200033433,40.6095550002582],[-74.18178800004877,40.609682999983164],[-74.18195299990519,40.60973299968127],[-74.18356200025836,40.610224999980346],[-74.18345599995315,40.610365999976246],[-74.18329500029468,40.610559000300775],[-74.18312000039248,40.610746999971454],[-74.18292000037594,40.61093900013392],[-74.18269900044301,40.61112799984028],[-74.18246400026636,40.61130800000536],[-74.18223999996039,40.61146000026724],[-74.18207000008107,40.61155899996029],[-74.18182499985868,40.61171700008955],[-74.1815799996363,40.61190100031301],[-74.18135299985558,40.61209900029148],[-74.18116500043291,40.61228800012654],[-74.18101200027205,40.61246400032929],[-74.18062599958435,40.612995999735666],[-74.18035799979575,40.613399000111855],[-74.18011900031946,40.613786000114295],[-74.1798399997619,40.61427500013112],[-74.17962600039996,40.614687999898344],[-74.1794320002312,40.61509800011415],[-74.17923999971227,40.61554199972229],[-74.17906099961213,40.616005000300795],[-74.17739000023299,40.620949000121335],[-74.1773480004002,40.6212080001262],[-74.17732499993566,40.621469999930795],[-74.17731999991281,40.62173300033538],[-74.17731999991281,40.621758000112564],[-74.17732400011077,40.621816999958654],[-74.17732699958549,40.62187200006874],[-74.17733599980632,40.62201400029235],[-74.17736599994356,40.62225200033581],[-74.17742000037022,40.622520999856846],[-74.17748300011941,40.62275499982648],[-74.17757000015806,40.6230080002233],[-74.17766800006734,40.62324100029085],[-74.1785519997991,40.624661000065785],[-74.17792400016039,40.62494900012516],[-74.17782200005311,40.62499600002642],[-74.17766999971717,40.62506600005023],[-74.17884499970206,40.62610599984549],[-74.18031500013804,40.62695900010712],[-74.18167900026883,40.62778999998232],[-74.1835160002276,40.62876500025357],[-74.18447899960206,40.629227999859395],[-74.18642000021624,40.63029399973694],[-74.18646200004905,40.63024999988297],[-74.18653099964604,40.630209999866615],[-74.18670399989838,40.630108000125546],[-74.18793900015773,40.629245999861745],[-74.188113000235,40.629201999999026],[-74.18824200010643,40.62921300030828],[-74.18845200016872,40.629306000061625],[-74.18858799971284,40.629459999896234],[-74.18871699958427,40.62971800016018],[-74.1888039996229,40.63035499981186],[-74.18893400021756,40.63063000020668],[-74.18909200040132,40.63074500014746],[-74.18933000005268,40.63083299985579],[-74.18945999974902,40.63082699977093],[-74.18965399991778,40.63075000011079],[-74.18979799985783,40.63063000020667],[-74.19021700015752,40.6299599999034],[-74.19038299983883,40.629777999935996],[-74.19082300005489,40.629009999824966],[-74.19087300028363,40.628960000235864],[-74.19112600000359,40.62874599996263],[-74.19135600015737,40.62864199970968],[-74.19156500039476,40.6286030002548],[-74.1917379997488,40.62864699983043],[-74.19192600006977,40.62877300015917],[-74.19204099969748,40.62892699985938],[-74.19204099969748,40.62910299986105],[-74.19198299997117,40.629569999755425],[-74.19201899995618,40.62988299992529],[-74.1920769996825,40.63030600000195],[-74.19210599999482,40.63057999978526],[-74.19220700027715,40.630848999852276],[-74.19240200027083,40.631058000263856],[-74.19260200028737,40.6311510001747],[-74.19284099976366,40.63118400013393],[-74.19327400030703,40.6311570002305],[-74.19409500028956,40.63105800026388],[-74.19474399984468,40.6310630002037],[-74.19501099980839,40.63112900019284],[-74.19527000027446,40.63126200009666],[-74.19540699964351,40.63139900021281],[-74.19543599995582,40.631503999698424],[-74.19538599972711,40.631651999907255],[-74.19511899976341,40.631937000163695],[-74.19483099988332,40.632101999899774],[-74.1935060001106,40.63260600029961],[-74.19270600004444,40.632973999703545],[-74.19241700033945,40.633183000281164],[-74.19231400040728,40.63324900022002],[-74.19242499983704,40.63330700005045],[-74.19251799972346,40.6333639997407],[-74.19598800032486,40.63517199994626],[-74.19592300002753,40.635223999779846],[-74.1958920000654,40.635248999960744]]]]}},{"type":"Feature","properties":{"zip":"10304","income":41041},"geometry":{"type":"MultiPolygon","coordinates":[[[[-74.12110700023585,40.58724900008736],[-74.12017400010029,40.58821599988129],[-74.12055800023985,40.58850500021203],[-74.11702499988927,40.59376000002364],[-74.11647699971819,40.594595000128095],[-74.11592500024744,40.595818999673625],[-74.11539999964258,40.59616499994426],[-74.11493600003539,40.596506999950385],[-74.11473299964581,40.59660400005047],[-74.11449800036748,40.59665300002645],[-74.11439299988717,40.59664399972729],[-74.1143109998714,40.596637000024295],[-74.11413799961906,40.5965469996852],[-74.11325100041259,40.59610300005899],[-74.11275599994492,40.59634500016554],[-74.11130999979841,40.59705700000475],[-74.11131999984414,40.597551000060896],[-74.11130200030077,40.59820800025137],[-74.11302299990862,40.60013499968495],[-74.10933599957224,40.60089299999602],[-74.10943699985458,40.6012610002024],[-74.10776200027752,40.601268000103296],[-74.10614000040387,40.601704999674794],[-74.10359999956496,40.60200700013154],[-74.10141299980181,40.60292599972701],[-74.10115500005895,40.60423000004793],[-74.09987999961662,40.60449200027749],[-74.09907299987778,40.60431899974909],[-74.09862000014124,40.604055999676724],[-74.09821400026037,40.6039519998579],[-74.09691500042695,40.60438799977301],[-74.09656899992224,40.60460800004593],[-74.09663099984648,40.60475199980765],[-74.09693799999316,40.604821000066565],[-74.09711600026839,40.60505899997832],[-74.09694300001601,40.605397000190386],[-74.09730899971392,40.60565599978731],[-74.09737499983615,40.60567000003184],[-74.09743799958534,40.605700999978325],[-74.09748500033935,40.60574900028508],[-74.09750600025572,40.60579699987535],[-74.0975110002786,40.60583700018961],[-74.09750100023284,40.605880999757375],[-74.09733499965317,40.60621100002563],[-74.09694999968872,40.60701999980143],[-74.09632399969982,40.60745300009311],[-74.09631100017936,40.60752200029152],[-74.09631600020222,40.60759500027559],[-74.09633600029372,40.607658999999884],[-74.0963780001265,40.60772599972018],[-74.09643599985282,40.607784999682856],[-74.09650500034813,40.60783100027651],[-74.09657800014304,40.60787499989555],[-74.0966390002424,40.60792999989008],[-74.0966879997479,40.60799300018779],[-74.09671899971003,40.608061000041936],[-74.09673299995373,40.60812400021616],[-74.09672600028105,40.60819400018848],[-74.09670500036465,40.60824800013654],[-74.09667000020454,40.60830100025787],[-74.09662199962564,40.60834699981436],[-74.09656399989933,40.60838399993868],[-74.09649100010441,40.60841499999028],[-74.09602599977399,40.608533999790616],[-74.09626400032369,40.608873999708955],[-74.09494000037587,40.609305999813714],[-74.09536200015026,40.60953099977098],[-74.09687699989378,40.60929099988053],[-74.0973699998133,40.60905099981018],[-74.09736700033854,40.60950900016926],[-74.09683900025895,40.610004000026606],[-74.0969060002061,40.60997999970064],[-74.09698499984881,40.60996700011722],[-74.09708500030625,40.60996700011722],[-74.09715200025339,40.609978999942626],[-74.09722599987323,40.61000499978425],[-74.09728500032277,40.61003599976583],[-74.09733999967605,40.6100809997355],[-74.09738099968392,40.61013000006204],[-74.0974130003693,40.610197000032805],[-74.09742199969182,40.61026099999305],[-74.09765799969337,40.61050299999196],[-74.09788399964918,40.610749999893024],[-74.0981029999323,40.61096199969019],[-74.09846699998037,40.61134999990592],[-74.09851499966095,40.61138699973149],[-74.09935099971213,40.61241899991862],[-74.09810999960499,40.61279100031224],[-74.09792300000724,40.61347899979924],[-74.0975260003472,40.6140749997061],[-74.09714700023052,40.61528500029188],[-74.09664699974,40.61552299976112],[-74.09644300042383,40.61562000022418],[-74.09629699993565,40.61403599992854],[-74.0945489996653,40.613310999935926],[-74.09352500019148,40.612916999866044],[-74.09358499956763,40.61279200002819],[-74.09366900013153,40.61266900007408],[-74.09376899969064,40.61256099977796],[-74.09387300034602,40.61247400026496],[-74.09398799997375,40.61239600018199],[-74.09412500024109,40.61232399970977],[-74.09426099978523,40.61226899992192],[-74.09442200034202,40.61222199993095],[-74.09459600041929,40.612189999874715],[-74.09468599993266,40.61218100030361],[-74.09400800006523,40.61189999990179],[-74.09299399973882,40.61144200024533],[-74.09261100032249,40.61146000026726],[-74.09169599973029,40.61150599969515],[-74.09160399966878,40.611517000191085],[-74.09150499993457,40.611545000267455],[-74.09140600020037,40.61159200005267],[-74.09132500000952,40.61165500030781],[-74.09098299970276,40.61206599976749],[-74.09192300040932,40.612303999792125],[-74.09151599980524,40.61241600007205],[-74.09129300022246,40.61311100003503],[-74.09089599966413,40.613420999796745],[-74.09069800019573,40.61381800008817],[-74.09094500006793,40.614213999689895],[-74.09113099984076,40.61438699983483],[-74.09161500043776,40.61462299971626],[-74.09214799964191,40.61472200017825],[-74.09247499988005,40.61491700024591],[-74.09266999987372,40.615851000127215],[-74.09253400032961,40.618141000017786],[-74.09241299995577,40.61828199967448],[-74.09120600018385,40.61782400012376],[-74.09070099967045,40.61731099975001],[-74.0903509998661,40.617209999733355],[-74.09046899986687,40.61699000003271],[-74.09030700038346,40.61695200024657],[-74.08985399974863,40.616859999993046],[-74.08980199987009,40.61680800017912],[-74.08815200040736,40.617005000283264],[-74.08806199999566,40.61733799979615],[-74.08793599959897,40.61765899988702],[-74.08761199973388,40.618494999752144],[-74.08751700019764,40.61906399989778],[-74.08758199959665,40.61935099992524],[-74.0876269998025,40.619542999911005],[-74.08802799966048,40.620243000128966],[-74.08797199958398,40.620300999664046],[-74.08790299998702,40.620351000280934],[-74.08783199984191,40.62038700029273],[-74.08774999982614,40.62043500027835],[-74.08768200005407,40.62049599981258],[-74.08762400032776,40.620580000309545],[-74.08756099968026,40.620652999665346],[-74.08749600028125,40.62070699977266],[-74.08740599986956,40.62076200011484],[-74.08732999970158,40.62080499980533],[-74.08726100010459,40.620868000237486],[-74.08721199970078,40.62093900009049],[-74.08719499998236,40.62097799992963],[-74.08717800026393,40.6211560002874],[-74.08714499975363,40.62135799982775],[-74.0867470002687,40.62132100006904],[-74.08669399966693,40.62180500021378],[-74.0873249996787,40.62184499980961],[-74.08731399980806,40.621987999668995],[-74.08746899961875,40.62214899977365],[-74.08758099977173,40.62227800017462],[-74.08786899965182,40.622276999918746],[-74.08779400020707,40.62281299990777],[-74.08767299983326,40.62298999990333],[-74.08703699979861,40.62296300009613],[-74.08706600011094,40.62395199975095],[-74.08767399965815,40.623925000332605],[-74.08779800040503,40.62489699978964],[-74.08637300017489,40.62478200000525],[-74.08627899956525,40.625375000038154],[-74.08618599967882,40.6258660001763],[-74.08500700039428,40.62588600012488],[-74.08593200013392,40.62644100005802],[-74.08595399987523,40.626566000266585],[-74.08647899958179,40.62677000018621],[-74.0876760002063,40.62675699977876],[-74.0876839997039,40.62707800028793],[-74.0877409996053,40.62707800028791],[-74.0877049996203,40.62730699975279],[-74.08820900030877,40.62742700017402],[-74.08771700021418,40.628787999809084],[-74.08636599960387,40.628633000309485],[-74.0862950003571,40.62885799994906],[-74.0869439999122,40.62937400004121],[-74.08654600042725,40.62989299998057],[-74.08636200030423,40.63003000017834],[-74.08649100017567,40.630110999859525],[-74.0868230004367,40.63031800026483],[-74.08807700006429,40.631080999711415],[-74.08761799958165,40.631648000127015],[-74.08714099955569,40.632239000337606],[-74.08574899983583,40.633954999760725],[-74.08543300036663,40.63384400022515],[-74.08509400043292,40.63427599975597],[-74.08440300014671,40.63497799976392],[-74.08381999981552,40.63517899970337],[-74.08241600040009,40.63417400009038],[-74.08210900025342,40.63446899985971],[-74.0826210004395,40.634781000175586],[-74.08213699984252,40.63516199999985],[-74.08176000027397,40.63494500031636],[-74.08072500003117,40.63571399971018],[-74.08045499969442,40.63549699977565],[-74.08176000027397,40.63425600027494],[-74.0823129995696,40.633661999936294],[-74.08247699960114,40.63346000011367],[-74.08178399966509,40.633136000006076],[-74.08071900018338,40.632923999673864],[-74.08060700003037,40.632886000089826],[-74.0805169996187,40.632841999898666],[-74.08042200008246,40.63277400004199],[-74.08034500008957,40.63269200008257],[-74.08028999983797,40.632599999692296],[-74.08025999970076,40.63250600033342],[-74.08025300002805,40.632420999733114],[-74.08025899987584,40.63235400023431],[-74.08028200034036,40.632253999890736],[-74.08032400017316,40.6321550001871],[-74.08038500027253,40.63205799987363],[-74.08044700019683,40.63198700025073],[-74.08053400023545,40.63190700022987],[-74.08064300001539,40.631833000108216],[-74.08076500021413,40.63177200001993],[-74.08089499991047,40.63172600022948],[-74.08102799997987,40.631695000086054],[-74.0811719999199,40.63167900029227],[-74.08129900014153,40.6316770000621],[-74.08135299966987,40.631281999792755],[-74.08201499964377,40.63089199986646],[-74.08140700009655,40.630301000005396],[-74.08035599996022,40.63121100002647],[-74.07936500009833,40.63222500020623],[-74.0790880000889,40.63288600008985],[-74.07878199976716,40.63279500006526],[-74.07865399972064,40.63275699972608],[-74.07854099974273,40.63311600018355],[-74.07835900016785,40.63306199988297],[-74.07821299967968,40.63351500017994],[-74.07755200042901,40.6333639997407],[-74.07713200030443,40.633241000168915],[-74.07741099996369,40.63269200008257],[-74.0773049996585,40.63265699998606],[-74.07743199988009,40.63239499975249],[-74.0771230000836,40.63230399974041],[-74.07595899996936,40.63196999973452],[-74.07534800004908,40.63313200031474],[-74.07516999977386,40.63416600015016],[-74.0754690004229,40.63519399995948],[-74.07584799964128,40.63593499982643],[-74.0747339997558,40.63621199983049],[-74.0738559998718,40.63635899978419],[-74.07378800009974,40.636364000008825],[-74.0737089995587,40.63638400022178],[-74.07363599976375,40.636422999904084],[-74.07358999973302,40.63646100020185],[-74.07355299992308,40.63651199967052],[-74.07354000040262,40.636543000304286],[-74.07353000035688,40.63662599966535],[-74.07374000041915,40.63786099996971],[-74.07329799965495,40.63790300021813],[-74.07313600017156,40.6379189998838],[-74.0726049997189,40.637971000304525],[-74.07257499958169,40.637972000325355],[-74.0725469999926,40.63786600008185],[-74.07357800003746,40.63778100017011],[-74.07350299969437,40.63731199969757],[-74.07341900002878,40.63725600000094],[-74.07336200012739,40.63678699993032],[-74.07332500031747,40.63659999995873],[-74.07174100007865,40.636741000186355],[-74.07172199981208,40.636665999928326],[-74.07335299990655,40.63652500022397],[-74.07329699983006,40.63627199990632],[-74.07318399985213,40.6362810003221],[-74.0731660003088,40.63604700002553],[-74.07312799977564,40.63598100012572],[-74.07312799977564,40.63591600021223],[-74.0732220003853,40.63564399994032],[-74.0730619996534,40.63508100031045],[-74.0729970002544,40.63456600007916],[-74.0730249998435,40.634106000226794],[-74.07292199991133,40.633571999692585],[-74.07303400006433,40.63308399990972],[-74.07329699983006,40.631977999937895],[-74.07295000039873,40.63202499966463],[-74.07290299964474,40.631828000225994],[-74.0732309997078,40.63177200001994],[-74.07320300011871,40.631678000177196],[-74.07296899976699,40.63171599976693],[-74.07292199991133,40.63147200001548],[-74.07320300011871,40.631424999899515],[-74.07295899972125,40.63031899971847],[-74.07290299964474,40.6302439997457],[-74.06807499965868,40.62878100006381],[-74.06815000000175,40.62856599973704],[-74.07290299964474,40.62999100017058],[-74.07248099987036,40.627824999902714],[-74.07241599957302,40.627655999805775],[-74.07235000034912,40.62745000019042],[-74.07231199981597,40.62717800020147],[-74.0724769996724,40.62732800013181],[-74.07250900035777,40.62731400033442],[-74.07256600025919,40.62731400033442],[-74.07265499994764,40.62729100027121],[-74.07269199975755,40.62723899971379],[-74.07274799983405,40.62717800020144],[-74.07293100013216,40.62710799966409],[-74.07302999986636,40.627089000265265],[-74.07312799977564,40.627093999820524],[-74.07333000034033,40.62705200027225],[-74.07344699961787,40.62698599966252],[-74.0735050002425,40.626876000319506],[-74.07357300001459,40.62686800018666],[-74.07415200014779,40.62681599998171],[-74.0739760004207,40.6261140000696],[-74.07476100041826,40.62604600017951],[-74.07524400029202,40.62600599969045],[-74.07503099985668,40.625602999681966],[-74.07484000006096,40.625226000023886],[-74.07451700002078,40.62535699967433],[-74.07435800001213,40.6254169999593],[-74.07229400027262,40.62271200002754],[-74.07159100029084,40.62166099969757],[-74.07095400043127,40.620430999826326],[-74.07130900025852,40.619638999696875],[-74.074547000158,40.61694299995313],[-74.07620400019175,40.61441900020277],[-74.07755699955355,40.61213700010999],[-74.07784299978383,40.61165500030779],[-74.07942899967244,40.609098999756775],[-74.08010999991292,40.6081359996905],[-74.08069499989392,40.60738900017154],[-74.08129699959338,40.60661900012584],[-74.08136699991357,40.606530000077335],[-74.08149599978502,40.60636599972355],[-74.08164399992302,40.606178000003915],[-74.08290900031957,40.60630699987212],[-74.0830649999552,40.60615399966792],[-74.08176199992378,40.60603099977134],[-74.0826850000136,40.6048830000507],[-74.08355399967674,40.60379899971879],[-74.08327400019256,40.60340699988611],[-74.08303999984084,40.60307799995713],[-74.08292100001515,40.60291099972597],[-74.08333699994175,40.60273500028052],[-74.08377100031002,40.603296999909674],[-74.08386300037154,40.60340199992208],[-74.08437600038253,40.60274700004043],[-74.08475600032412,40.60226199973031],[-74.08515200015924,40.60167700024988],[-74.08548299969704,40.60112799990011],[-74.08594999967728,40.60004499996254],[-74.08628600013625,40.59914099980431],[-74.08684900037595,40.59787700009244],[-74.08752300004544,40.59636600004612],[-74.08703299960065,40.59633199997631],[-74.0871480001267,40.595966999823226],[-74.0877330001077,40.59601199971618],[-74.08824100009582,40.59528000010651],[-74.08873400001532,40.59470700007274],[-74.08924899967612,40.59410900002208],[-74.09137199986522,40.59231199977344],[-74.0915769999046,40.59242000004897],[-74.09224999974916,40.59193799993475],[-74.09291500009611,40.59144800015774],[-74.09355199995565,40.59093399985727],[-74.09419499966297,40.59044600032731],[-74.09516999963132,40.58971900011791],[-74.09582599975745,40.58922700031591],[-74.09650600017302,40.58876000014887],[-74.09719300026129,40.58828400007149],[-74.09701099978808,40.58818999975016],[-74.09793100040315,40.58751599980312],[-74.09850600033843,40.58780800001697],[-74.09924399958201,40.587278000194985],[-74.0992929999858,40.58730299990125],[-74.10019299961108,40.58776400015045],[-74.099940999716,40.588046999871636],[-74.10127200023481,40.58876900014495],[-74.1015400000234,40.5884620002018],[-74.10207899997366,40.58874100007742],[-74.10270900016053,40.58817200028319],[-74.10308499990417,40.588328999677785],[-74.1031789996155,40.58836800013069],[-74.10441999972262,40.587168999701845],[-74.10676800004256,40.58530099975404],[-74.1079100004155,40.584383999667466],[-74.10891200014804,40.58371900024453],[-74.10915900002024,40.58352200026329],[-74.10930600033333,40.58331500018079],[-74.10967700005409,40.58279399966576],[-74.10994400001779,40.582642999877606],[-74.11042699989153,40.58261700030888],[-74.11084199999324,40.582595000036136],[-74.11113700044433,40.582475999769116],[-74.11210499984168,40.58202999982562],[-74.11314900030531,40.581135000000636],[-74.11330099974296,40.580940999808725],[-74.11353099989674,40.58064599972576],[-74.11361100026268,40.58072299982197],[-74.11384300006627,40.5809470002803],[-74.11389999996769,40.58086999975962],[-74.11392099988407,40.58050600000591],[-74.11395000019638,40.58004200028233],[-74.11422700020583,40.57973400032364],[-74.11481800003463,40.57917700021308],[-74.11542300010711,40.57863100000818],[-74.11702099969132,40.578196999745565],[-74.11749000021968,40.57775599976401],[-74.11758700030406,40.577580999842894],[-74.11828899956261,40.57819199994309],[-74.11847000021089,40.57902200024548],[-74.11867299970216,40.57975099980457],[-74.11889100016037,40.58047799989033],[-74.11921199965242,40.581165999725975],[-74.11914899990322,40.58150800003384],[-74.11922800044427,40.58159599978228],[-74.11956499982985,40.581833999824624],[-74.11994800014449,40.582063000169576],[-74.12036400007109,40.582379000323506],[-74.12050800001117,40.58265099984778],[-74.12074900003556,40.58297499988438],[-74.12097300034155,40.58320600005125],[-74.12105199998426,40.583276000192406],[-74.12129300000868,40.583387999993],[-74.12311200042414,40.58510400033899],[-74.12221400044868,40.58616099987958],[-74.12110700023585,40.58724900008736]]]]}},{"type":"Feature","properties":{"zip":"10305","income":48944},"geometry":{"type":"MultiPolygon","coordinates":[[[[-74.1001580003493,40.58591100017402],[-74.09849299991963,40.58710600024331],[-74.09866299979893,40.58714399994549],[-74.09924399958201,40.587278000194985],[-74.09850600033843,40.58780800001697],[-74.09793100040315,40.58751599980312],[-74.09701099978808,40.58818999975016],[-74.09719300026129,40.58828400007149],[-74.09650600017302,40.58876000014887],[-74.09582599975745,40.58922700031591],[-74.09516999963132,40.58971900011791],[-74.09419499966297,40.59044600032731],[-74.09355199995565,40.59093399985727],[-74.09291500009611,40.59144800015774],[-74.09224999974916,40.59193799993475],[-74.0915769999046,40.59242000004897],[-74.09137199986522,40.59231199977344],[-74.08924899967612,40.59410900002208],[-74.08873400001532,40.59470700007274],[-74.08824100009582,40.59528000010651],[-74.0877330001077,40.59601199971618],[-74.0871480001267,40.595966999823226],[-74.08703299960065,40.59633199997631],[-74.08752300004544,40.59636600004612],[-74.08684900037595,40.59787700009244],[-74.08628600013625,40.59914099980431],[-74.08594999967728,40.60004499996254],[-74.08548299969704,40.60112799990011],[-74.08515200015924,40.60167700024988],[-74.08475600032412,40.60226199973031],[-74.08437600038253,40.60274700004043],[-74.08386300037154,40.60340199992208],[-74.08377100031002,40.603296999909674],[-74.08333699994175,40.60273500028052],[-74.08292100001515,40.60291099972597],[-74.08303999984084,40.60307799995713],[-74.08327400019256,40.60340699988611],[-74.08355399967674,40.60379899971879],[-74.0826850000136,40.6048830000507],[-74.08176199992378,40.60603099977134],[-74.0830649999552,40.60615399966792],[-74.08290900031957,40.60630699987212],[-74.08164399992302,40.606178000003915],[-74.08149599978502,40.60636599972355],[-74.08136699991357,40.606530000077335],[-74.08129699959338,40.60661900012584],[-74.08069499989392,40.60738900017154],[-74.08010999991292,40.6081359996905],[-74.07942899967244,40.609098999756775],[-74.07784299978383,40.61165500030779],[-74.07755699955355,40.61213700010999],[-74.07620400019175,40.61441900020277],[-74.074547000158,40.61694299995313],[-74.07130900025852,40.619638999696875],[-74.07095400043127,40.620430999826326],[-74.07159100029084,40.62166099969757],[-74.07229400027262,40.62271200002754],[-74.07435800001213,40.6254169999593],[-74.07451700002078,40.62535699967433],[-74.07484000006096,40.625226000023886],[-74.07503099985668,40.625602999681966],[-74.07524400029202,40.62600599969045],[-74.07476100041826,40.62604600017951],[-74.0739760004207,40.6261140000696],[-74.07415200014779,40.62681599998171],[-74.07357300001459,40.62686800018666],[-74.0735050002425,40.626876000319506],[-74.07346599988446,40.62674199967265],[-74.07326400021809,40.626760999851946],[-74.07327799956349,40.62688700033015],[-74.07290799966762,40.62692499991911],[-74.07285199959114,40.62691999966942],[-74.072716000047,40.62687800001169],[-74.07268699973467,40.62684499996991],[-74.07266400016846,40.62675200019829],[-74.07263599968107,40.62655500020303],[-74.07260800009198,40.626344000307704],[-74.07257999960457,40.62620800024487],[-74.0725329997489,40.62598299985857],[-74.07248099987036,40.62580500009169],[-74.07242999981673,40.62559800001509],[-74.07241599957302,40.62546300000489],[-74.07241599957302,40.62530800028796],[-74.07241100044847,40.62512499970156],[-74.07236899971737,40.624975000277736],[-74.0723219998617,40.624862999915514],[-74.07223700037122,40.62460900018786],[-74.07218100029469,40.624516000029864],[-74.0720120002403,40.62430900004914],[-74.07186199955416,40.62403799976999],[-74.07177799988857,40.6238869997186],[-74.07150599990202,40.623531000129226],[-74.07134699989335,40.623230999921354],[-74.07118700005978,40.622913000070774],[-74.0709340003398,40.62270599989482],[-74.07076600011031,40.62259399981879],[-74.07069099976724,40.62244400016549],[-74.07057799978932,40.62234099989932],[-74.07046099961346,40.6221249997191],[-74.07037500029804,40.62201499987032],[-74.07030599980277,40.62192299977086],[-74.07021999958906,40.621753000157874],[-74.07011900020501,40.62159999986355],[-74.07007700037222,40.621473000052724],[-74.06991699964033,40.62131400022298],[-74.06975799963168,40.62120199985843],[-74.06952300035334,40.621051999806525],[-74.06947700032262,40.62108899971424],[-74.06934099988015,40.62100900027502],[-74.0691950002903,40.62087300025841],[-74.06916699980289,40.62083600023106],[-74.06904999962703,40.62069999986221],[-74.06887700027298,40.62059200027454],[-74.0684780000648,40.62030199994952],[-74.06839400039921,40.62029699988583],[-74.06768600039456,40.61977700008503],[-74.06717000001052,40.6194200001115],[-74.06667299989307,40.61909200022082],[-74.06670600040334,40.61903100008641],[-74.06620500008795,40.61872700025165],[-74.06554399993892,40.61927000014928],[-74.06545000022761,40.61920900017744],[-74.06664100010602,40.61805200031344],[-74.06644399956423,40.617883000035135],[-74.06605000027723,40.618197000062125],[-74.06564199984821,40.61790599992867],[-74.06540300037193,40.61808400028971],[-74.06496200033096,40.617774999984434],[-74.06435800008339,40.61825800027619],[-74.06425500015122,40.618178000174126],[-74.06509799987508,40.61750799973475],[-74.06447000023638,40.61706200025002],[-74.0643809996496,40.617127999756065],[-74.0644939996275,40.61722200030372],[-74.06422199964095,40.61741899986896],[-74.06411700005896,40.61734599970666],[-74.06383699967647,40.61757299983759],[-74.0637260002467,40.617497999870665],[-74.06391200001957,40.61732500028039],[-74.06413700015044,40.61714699994269],[-74.06433299996903,40.6169990003198],[-74.06419499987678,40.616907999785376],[-74.06414299999824,40.616895000185956],[-74.06408199989886,40.616881999902155],[-74.06396100042335,40.61684499970992],[-74.06384300042258,40.61680000020413],[-74.0637959996686,40.61676499996146],[-74.06375200018599,40.616677999785324],[-74.06374399979006,40.61663500016589],[-74.0636960001095,40.61654799982044],[-74.06361400009372,40.61642499996171],[-74.06290699991398,40.61577600027281],[-74.0628800001498,40.615743999872905],[-74.06270400042268,40.61553499995259],[-74.06267500011039,40.61549799969625],[-74.06228599994796,40.61514500012786],[-74.06186900019642,40.61481699970529],[-74.06158299996618,40.614503000158095],[-74.0614089998889,40.61431100000763],[-74.06127800036764,40.61409499977557],[-74.0611279996815,40.61376300016624],[-74.06101600042682,40.6135380001381],[-74.06079499959556,40.61302199976731],[-74.06071799960267,40.61303700022683],[-74.06065499985348,40.61282500019358],[-74.060678000318,40.6127079999676],[-74.060678000318,40.61258600025986],[-74.06068300034089,40.61251600011455],[-74.06064099960979,40.612398000307635],[-74.0606120001958,40.61230899977213],[-74.06055600011928,40.61217299977457],[-74.0605000000428,40.6120840003033],[-74.06042999972259,40.61199099975603],[-74.06037799984405,40.61193400023652],[-74.06035899957747,40.61191599966032],[-74.0601059998575,40.61203799990946],[-74.0600360004356,40.61193400023652],[-74.06023700027704,40.61184100016239],[-74.0602470003228,40.611816999814266],[-74.06020499959168,40.611798000157684],[-74.06014400039064,40.61180800019299],[-74.06009199961377,40.61182199983071],[-74.06006900004756,40.61181300021007],[-74.06002200019189,40.61179399987037],[-74.05999399970449,40.61178000022678],[-74.05997500033624,40.61177000018735],[-74.05993299960512,40.611760999877774],[-74.05990500001602,40.61174700022724],[-74.05986200035834,40.611742000205254],[-74.05947800021876,40.61169499984362],[-74.05937000026373,40.61157799968484],[-74.0592909997227,40.61149400014391],[-74.0591779997448,40.61129700015693],[-74.0590370001778,40.6110770000804],[-74.05900000036789,40.610987999831295],[-74.05902799995697,40.6109449999596],[-74.05907499981264,40.61091700031379],[-74.05911699964544,40.61090299980451],[-74.05916400039942,40.61086100030497],[-74.0591779997448,40.61079500006378],[-74.0591779997448,40.61075799991043],[-74.05915500017858,40.61071600031974],[-74.05910499994987,40.61064700000935],[-74.05887300014628,40.610363999789726],[-74.05876600001615,40.610219000089984],[-74.05857799969517,40.61001299989089],[-74.05838600007455,40.609834000089464],[-74.05826899989869,40.60974999972019],[-74.05810499986715,40.60963300024766],[-74.05795500007933,40.609510999699374],[-74.05780000026864,40.60940799995184],[-74.05754699965033,40.60916399985692],[-74.0572620001433,40.608866000147934],[-74.05680799968354,40.6080649998707],[-74.05672999986574,40.60787700015657],[-74.05679699981289,40.60778200031021],[-74.0564739997727,40.607265000021286],[-74.05601799966313,40.60674700001838],[-74.05574400002673,40.60652200023575],[-74.05547000039034,40.606480000028746],[-74.0553480001916,40.606516000012945],[-74.05523900041166,40.60666800026287],[-74.05518400016008,40.60662600014759],[-74.05514800017507,40.60672299988669],[-74.05501400028076,40.60665599984286],[-74.05505000026578,40.606559000006534],[-74.05512300006073,40.606570999761864],[-74.05520199970343,40.60640700019071],[-74.05513499975628,40.606291000134604],[-74.05479499999765,40.60615699979561],[-74.05455700034626,40.606089999866384],[-74.05383900029588,40.60592000020258],[-74.05363900027933,40.605238000293454],[-74.05403400028955,40.6049400001284],[-74.05386400041024,40.60483099978189],[-74.05377900002142,40.60467900012824],[-74.05365699982266,40.604441000227425],[-74.05359599972331,40.60419800025667],[-74.05358999987553,40.60407600001679],[-74.05362000001276,40.603996999832155],[-74.05358200037793,40.603801000101754],[-74.05352200010347,40.60360999974545],[-74.05337099959243,40.60316400024828],[-74.05341599979826,40.602873999981746],[-74.05331600023915,40.60257899979559],[-74.05326099998756,40.60225699968065],[-74.0531029998038,40.60202599984369],[-74.05309100010825,40.601818999745554],[-74.05308500026045,40.6015999997248],[-74.05313999961373,40.60124699971639],[-74.05326699983534,40.60103399990118],[-74.05333399978251,40.60077799981448],[-74.0534740004229,40.6006080002809],[-74.05348600011847,40.6004439997193],[-74.05318200034485,40.600205999744176],[-74.05309699995603,40.6001329998743],[-74.05299900004674,40.59997999986033],[-74.05355600043866,40.599500000192016],[-74.05969400012883,40.59408200013998],[-74.06179999970115,40.59235299999332],[-74.0649559995849,40.58901000011953],[-74.06953199967587,40.58469200004679],[-74.0738159996888,40.580448000045955],[-74.07603099993938,40.578301000055575],[-74.07621699971223,40.57812099970541],[-74.07652399985888,40.57830100005559],[-74.07689499957965,40.578226999917185],[-74.0769320002879,40.5778929997493],[-74.07692399989197,40.57766200033892],[-74.07923799987674,40.576031999831656],[-74.08093300044362,40.57483300001803],[-74.08391100005213,40.572728000249406],[-74.08500700039428,40.57175800004805],[-74.08720900022607,40.56981199966348],[-74.08832999978428,40.568756999793074],[-74.08909300004053,40.56800499986248],[-74.09116400035104,40.56671800010242],[-74.0916620002934,40.5673599997535],[-74.09268599976726,40.56806499977882],[-74.09258700003303,40.56824499988728],[-74.09246499983432,40.56842700027052],[-74.0923150000465,40.56861699976013],[-74.09217199993135,40.56877100025794],[-74.09204399988482,40.56889300009057],[-74.09107099956633,40.569928999907816],[-74.09027700024623,40.57078200009695],[-74.08972400005229,40.571371000323424],[-74.08917900025425,40.571948999960036],[-74.08876599980238,40.572374999978884],[-74.08767799985611,40.573071000334714],[-74.08580200043758,40.57413499966154],[-74.08683099993429,40.574694000018376],[-74.08721800044688,40.574872000152595],[-74.08759099981751,40.575042000298644],[-74.08835800027168,40.5754409998278],[-74.08909899988831,40.57579300002935],[-74.08985799994659,40.57619399970043],[-74.09060299976116,40.57657000008248],[-74.09134699975083,40.57697599976634],[-74.09213400029651,40.57739800023112],[-74.09183200017272,40.57773099990079],[-74.09149200041412,40.57800700016564],[-74.09112300034315,40.57832299969366],[-74.09079699992994,40.57874900006757],[-74.09093699967201,40.5788629997075],[-74.09110300025168,40.578945000238114],[-74.09117500022168,40.57896199991953],[-74.09137699988806,40.57898899976582],[-74.09154900031551,40.57903299994689],[-74.09172199966956,40.57905500002657],[-74.0918589999369,40.57909300020919],[-74.09202499961826,40.57918699967041],[-74.09224800009936,40.57938400013787],[-74.09231300039666,40.579450000008904],[-74.09234900038167,40.57949999980584],[-74.0924499997657,40.57961499974273],[-74.09260100027676,40.57975200001465],[-74.09264499975937,40.57977900022441],[-74.09283899992812,40.57987300008628],[-74.09288199958583,40.57987799976313],[-74.09291699974592,40.57988900000607],[-74.09319200010555,40.57996500008444],[-74.09322800009058,40.579982000188934],[-74.09331400030429,40.58004699994657],[-74.0933650003579,40.58021800010934],[-74.09342300008423,40.580296000218006],[-74.09349500005425,40.580350000187416],[-74.09365999991071,40.580436999894935],[-74.09376799986575,40.580546999959104],[-74.09382599959204,40.580680000266476],[-74.09388400021668,40.58075099983501],[-74.09393400044539,40.580789999931056],[-74.09413600011177,40.580898999904065],[-74.09430900036412,40.5810089998908],[-74.09434500034914,40.581025999729974],[-74.0944420004335,40.581089000139684],[-74.09451100003047,40.581133999811236],[-74.09455399968817,40.58115100030084],[-74.09465499997053,40.581216999793085],[-74.09516600033169,40.58147500009828],[-74.09523800030172,40.581502000294876],[-74.09529600002803,40.58152999998177],[-74.09536100032535,40.581546999688534],[-74.09538200024176,40.58156800012303],[-74.09540399998306,40.58158000027079],[-74.09561999989313,40.58168400009727],[-74.09587199978823,40.58183200014886],[-74.09605199971328,40.581925999854825],[-74.0961029997669,40.58193699976098],[-74.09626799962335,40.581997000147595],[-74.09632600024796,40.58202500030963],[-74.0966669998315,40.582146999855304],[-74.09692399974945,40.58227100020565],[-74.09704000010039,40.58234899996715],[-74.09771799996783,40.58181499983228],[-74.09835499982736,40.58224499981012],[-74.09991200030198,40.583297000084016],[-74.10124700012045,40.584248000156094],[-74.10197600004152,40.584584999708085],[-74.1001580003493,40.58591100017402]]]]}},{"type":"Feature","properties":{"zip":"10306","income":55413},"geometry":{"type":"MultiPolygon","coordinates":[[[[-74.16845200031123,40.571633999999136],[-74.16778199994143,40.57199800026041],[-74.16667700027672,40.57260199999933],[-74.16622199999206,40.57285600020639],[-74.16468100030927,40.573717000286734],[-74.16455499991258,40.573787000122486],[-74.16393399994656,40.574174000202945],[-74.16179099966601,40.575370000082216],[-74.16034799989254,40.576149000117375],[-74.1591560001892,40.5767910000378],[-74.15734299962153,40.57783899984335],[-74.15641500040716,40.57835100002897],[-74.15614599989534,40.578500000178416],[-74.15537799961623,40.57891199972047],[-74.15476800041917,40.579252000200455],[-74.15417300039242,40.57959800022727],[-74.15370999971185,40.57987199987796],[-74.15309799996665,40.58025099998272],[-74.15252800005425,40.58061700015385],[-74.14963199956321,40.583369999915845],[-74.14880300008306,40.58405699987876],[-74.14761999970223,40.58501900014207],[-74.14632199969371,40.58607000033234],[-74.14583399979708,40.588564000085924],[-74.14419900040296,40.58863700030876],[-74.1427819996704,40.58869999968938],[-74.14273900001274,40.58870199984202],[-74.14207700003881,40.58873200007762],[-74.14194899999228,40.588734000229294],[-74.14177599973992,40.58873699977449],[-74.14136099963824,40.58875499977159],[-74.14101000000895,40.588780000290065],[-74.14084199977948,40.58880999980847],[-74.14040999995935,40.58887700000314],[-74.13996399989549,40.58893300001262],[-74.13948199984664,40.58897799986433],[-74.13909600005725,40.589003000299506],[-74.13866699971187,40.589020000153475],[-74.13408399994817,40.58638300032467],[-74.13394000000812,40.58629899981889],[-74.13384899977153,40.586232999883414],[-74.13374599983936,40.58613799997573],[-74.13365200012804,40.58602399977193],[-74.13358400035597,40.58590699970179],[-74.1335359997771,40.585784000072074],[-74.13350900001291,40.58564799999633],[-74.133508000188,40.58551399989205],[-74.13352900010439,40.585391000221804],[-74.13356799956415,40.58527499985412],[-74.1336279998386,40.58516100022591],[-74.1336629999987,40.585086000041464],[-74.13370099963352,40.58496800024493],[-74.13372099972501,40.584836999862844],[-74.13371900007519,40.58471999976285],[-74.13370200035676,40.58461200001371],[-74.13366200017379,40.584484000034706],[-74.13360000024952,40.58436099983478],[-74.13351999988356,40.584249000298946],[-74.13343399966985,40.58416899973607],[-74.13329399992774,40.584056999878776],[-74.13316599988121,40.58397000010385],[-74.1329929996289,40.583870999798926],[-74.13282699994753,40.58379299976554],[-74.13266200009107,40.58372999985583],[-74.13248100034112,40.58367499973458],[-74.1323170003096,40.58363599995612],[-74.13216099977565,40.583608999938676],[-74.1319740001779,40.58358699999229],[-74.13187299989559,40.58356500003856],[-74.13165100013772,40.58350400022226],[-74.13146399964167,40.583441000040345],[-74.13125399957937,40.58335500030269],[-74.13109899976867,40.583277999825],[-74.13090700014804,40.583169000317405],[-74.13072200020012,40.58304299994546],[-74.1305449997498,40.58289899981453],[-74.13039999998485,40.582759000034336],[-74.12942400019159,40.583675999886054],[-74.12932200008434,40.58378799969908],[-74.12924000006858,40.58391000012261],[-74.12917800014428,40.58404000012769],[-74.12914100033437,40.58416499984183],[-74.12893700011989,40.58501400016725],[-74.12898099960248,40.58536199997819],[-74.1291019999763,40.586291000284994],[-74.12778200022647,40.587449000291464],[-74.12779999976982,40.58831900022266],[-74.12782099968621,40.589437000033605],[-74.1263849995854,40.59072500011157],[-74.1262850000263,40.59345499981156],[-74.12578899973376,40.59426699979566],[-74.12264299989577,40.5994190002236],[-74.1222939999163,40.5996869996854],[-74.12077199960179,40.600671999875175],[-74.1205540000419,40.60102299972581],[-74.12056999993541,40.6012360002581],[-74.1205959998747,40.60181000014192],[-74.1195759997005,40.60181699998529],[-74.11953700024074,40.60113100025345],[-74.11949500040797,40.60042600014058],[-74.11947100011851,40.59970099981608],[-74.11945000020211,40.598975999813526],[-74.11942799956248,40.5983600002966],[-74.11781699955951,40.598385999883824],[-74.1178159997346,40.59902600001912],[-74.1166409997497,40.59906199992565],[-74.11670799969686,40.59974900033934],[-74.11672500031361,40.600457999691486],[-74.11678200021503,40.60117299972943],[-74.11684400013931,40.60189500013939],[-74.11487099973806,40.602136999740964],[-74.11338299975874,40.60057000004522],[-74.11302299990862,40.60013499968495],[-74.11130200030077,40.59820800025137],[-74.11131999984414,40.597551000060896],[-74.11130999979841,40.59705700000475],[-74.11275599994492,40.59634500016554],[-74.11325100041259,40.59610300005899],[-74.11413799961906,40.5965469996852],[-74.1143109998714,40.596637000024295],[-74.11439299988717,40.59664399972729],[-74.11449800036748,40.59665300002645],[-74.11473299964581,40.59660400005047],[-74.11493600003539,40.596506999950385],[-74.11539999964258,40.59616499994426],[-74.11592500024744,40.595818999673625],[-74.11647699971819,40.594595000128095],[-74.11702499988927,40.59376000002364],[-74.12055800023985,40.58850500021203],[-74.12017400010029,40.58821599988129],[-74.12110700023585,40.58724900008736],[-74.12221400044868,40.58616099987958],[-74.12311200042414,40.58510400033899],[-74.12129300000868,40.583387999993],[-74.12105199998426,40.583276000192406],[-74.12097300034155,40.58320600005125],[-74.12074900003556,40.58297499988438],[-74.12050800001117,40.58265099984778],[-74.12036400007109,40.582379000323506],[-74.11994800014449,40.582063000169576],[-74.11956499982985,40.581833999824624],[-74.11922800044427,40.58159599978228],[-74.11914899990322,40.58150800003384],[-74.11921199965242,40.581165999725975],[-74.11889100016037,40.58047799989033],[-74.11867299970216,40.57975099980457],[-74.11847000021089,40.57902200024548],[-74.11828899956261,40.57819199994309],[-74.11758700030406,40.577580999842894],[-74.11749000021968,40.57775599976401],[-74.11702099969132,40.578196999745565],[-74.11542300010711,40.57863100000818],[-74.11481800003463,40.57917700021308],[-74.11422700020583,40.57973400032364],[-74.11395000019638,40.58004200028233],[-74.11392099988407,40.58050600000591],[-74.11389999996769,40.58086999975962],[-74.11384300006627,40.5809470002803],[-74.11361100026268,40.58072299982197],[-74.11353099989674,40.58064599972576],[-74.11330099974296,40.580940999808725],[-74.11314900030531,40.581135000000636],[-74.11210499984168,40.58202999982562],[-74.11113700044433,40.582475999769116],[-74.11084199999324,40.582595000036136],[-74.11042699989153,40.58261700030888],[-74.10994400001779,40.582642999877606],[-74.10967700005409,40.58279399966576],[-74.10930600033333,40.58331500018079],[-74.10915900002024,40.58352200026329],[-74.10891200014804,40.58371900024453],[-74.1079100004155,40.584383999667466],[-74.10676800004256,40.58530099975404],[-74.10441999972262,40.587168999701845],[-74.1031789996155,40.58836800013069],[-74.10308499990417,40.588328999677785],[-74.10270900016053,40.58817200028319],[-74.10207899997366,40.58874100007742],[-74.1015400000234,40.5884620002018],[-74.10127200023481,40.58876900014495],[-74.099940999716,40.588046999871636],[-74.10019299961108,40.58776400015045],[-74.0992929999858,40.58730299990125],[-74.09924399958201,40.587278000194985],[-74.09866299979893,40.58714399994549],[-74.09849299991963,40.58710600024331],[-74.1001580003493,40.58591100017402],[-74.10197600004152,40.584584999708085],[-74.10124700012045,40.584248000156094],[-74.09991200030198,40.583297000084016],[-74.09835499982736,40.58224499981012],[-74.09771799996783,40.58181499983228],[-74.09704000010039,40.58234899996715],[-74.09692399974945,40.58227100020565],[-74.0966669998315,40.582146999855304],[-74.09632600024796,40.58202500030963],[-74.09626799962335,40.581997000147595],[-74.0961029997669,40.58193699976098],[-74.09605199971328,40.581925999854825],[-74.09587199978823,40.58183200014886],[-74.09561999989313,40.58168400009727],[-74.09540399998306,40.58158000027079],[-74.09538200024176,40.58156800012303],[-74.09536100032535,40.581546999688534],[-74.09529600002803,40.58152999998177],[-74.09523800030172,40.581502000294876],[-74.09516600033169,40.58147500009828],[-74.09465499997053,40.581216999793085],[-74.09455399968817,40.58115100030084],[-74.09451100003047,40.581133999811236],[-74.0944420004335,40.581089000139684],[-74.09434500034914,40.581025999729974],[-74.09430900036412,40.5810089998908],[-74.09413600011177,40.580898999904065],[-74.09393400044539,40.580789999931056],[-74.09388400021668,40.58075099983501],[-74.09382599959204,40.580680000266476],[-74.09376799986575,40.580546999959104],[-74.09365999991071,40.580436999894935],[-74.09349500005425,40.580350000187416],[-74.09342300008423,40.580296000218006],[-74.0933650003579,40.58021800010934],[-74.09331400030429,40.58004699994657],[-74.09322800009058,40.579982000188934],[-74.09319200010555,40.57996500008444],[-74.09291699974592,40.57988900000607],[-74.09288199958583,40.57987799976313],[-74.09283899992812,40.57987300008628],[-74.09264499975937,40.57977900022441],[-74.09260100027676,40.57975200001465],[-74.0924499997657,40.57961499974273],[-74.09234900038167,40.57949999980584],[-74.09231300039666,40.579450000008904],[-74.09224800009936,40.57938400013787],[-74.09202499961826,40.57918699967041],[-74.0918589999369,40.57909300020919],[-74.09172199966956,40.57905500002657],[-74.09154900031551,40.57903299994689],[-74.09137699988806,40.57898899976582],[-74.09117500022168,40.57896199991953],[-74.09110300025168,40.578945000238114],[-74.09093699967201,40.5788629997075],[-74.09079699992994,40.57874900006757],[-74.09112300034315,40.57832299969366],[-74.09149200041412,40.57800700016564],[-74.09183200017272,40.57773099990079],[-74.09213400029651,40.57739800023112],[-74.09134699975083,40.57697599976634],[-74.09060299976116,40.57657000008248],[-74.08985799994659,40.57619399970043],[-74.08909899988831,40.57579300002935],[-74.08835800027168,40.5754409998278],[-74.08759099981751,40.575042000298644],[-74.08721800044688,40.574872000152595],[-74.08683099993429,40.574694000018376],[-74.08580200043758,40.57413499966154],[-74.08767799985611,40.573071000334714],[-74.08876599980238,40.572374999978884],[-74.08917900025425,40.571948999960036],[-74.08972400005229,40.571371000323424],[-74.09027700024623,40.57078200009695],[-74.09107099956633,40.569928999907816],[-74.09204399988482,40.56889300009057],[-74.09217199993135,40.56877100025794],[-74.0923150000465,40.56861699976013],[-74.09246499983432,40.56842700027052],[-74.09258700003303,40.56824499988728],[-74.09268599976726,40.56806499977882],[-74.0916620002934,40.5673599997535],[-74.09116400035104,40.56671800010242],[-74.09132099981156,40.56653399971535],[-74.09429699977022,40.56302200012328],[-74.09489000014716,40.56294200010942],[-74.09519700029382,40.56279000009262],[-74.09564900020544,40.562220999986856],[-74.09814499976508,40.559145999902775],[-74.0993080000544,40.559589000030805],[-74.10033699955113,40.55907999979605],[-74.10106499964729,40.55854200020132],[-74.10229599970866,40.556886999952575],[-74.10268099967311,40.55636900007311],[-74.10472600004438,40.552505000184404],[-74.1064679995686,40.55335199971117],[-74.10860900019934,40.55219000017126],[-74.10912700023319,40.55191000012894],[-74.11199900043478,40.54827000020226],[-74.1125569997533,40.54756299986772],[-74.11272699963261,40.547360999864],[-74.11432099991715,40.549084999830825],[-74.11454500022315,40.54925200000188],[-74.11456100011667,40.54926399980194],[-74.11466300022391,40.5493399998509],[-74.11462899988874,40.549367000045045],[-74.11462899988874,40.54944199999653],[-74.11459799992659,40.5494700001298],[-74.11449800036748,40.54954300000778],[-74.11422700020583,40.549705999812794],[-74.11412300044877,40.5497339998357],[-74.11408999993849,40.5497309999069],[-74.11406900002208,40.54971800021407],[-74.11396899956465,40.54968400032289],[-74.11441800000154,40.55053000007458],[-74.1166120003357,40.55252199975725],[-74.11706699972207,40.55293799992482],[-74.11710899955486,40.553384999865905],[-74.11744199964077,40.55103799982909],[-74.11810699998773,40.55063199977285],[-74.11862900021956,40.55133999974048],[-74.11805199973614,40.55200800000395],[-74.1194009997983,40.55218299991145],[-74.11946400044582,40.5522250000942],[-74.11952800001993,40.55226700025064],[-74.12380100016222,40.55508500012904],[-74.12402000044534,40.55523099984853],[-74.12572699980947,40.55632800031998],[-74.12730100000253,40.557295000029626],[-74.12782999990704,40.5568020000786],[-74.12811699996222,40.55653499994913],[-74.12776600033293,40.556220999663935],[-74.12781099964047,40.556185999782215],[-74.12881599974604,40.55514500002425],[-74.12913899978622,40.554869000334094],[-74.12969199998018,40.55432400030753],[-74.1300440003327,40.55408699992508],[-74.13020199961812,40.55400500032894],[-74.13037499987048,40.55387699980968],[-74.13090600032315,40.55361300005625],[-74.13128600026474,40.55335400023807],[-74.13163799971893,40.55300200008874],[-74.1322629998829,40.552539000008366],[-74.13283799981818,40.55200999988844],[-74.13329700030081,40.55169099980644],[-74.13355500004366,40.551447999956714],[-74.13418699988033,40.55101800000841],[-74.13430900007909,40.550980000264296],[-74.13497699990074,40.55059399980973],[-74.1350999999244,40.550490000123695],[-74.1358320002185,40.55006999987975],[-74.13603300005995,40.5498880000936],[-74.13611800044877,40.54970099992939],[-74.1361550002587,40.549536000153864],[-74.1362110003352,40.54943700009342],[-74.13643499974285,40.549221999809696],[-74.13672900036904,40.54902899991322],[-74.13682899992817,40.54890800004106],[-74.13685800024048,40.54868800014771],[-74.13674899956223,40.548383999887676],[-74.1367119997523,40.548005000183814],[-74.136725999996,40.547899999886425],[-74.13670400025468,40.547811000188055],[-74.13666099969869,40.54775099986449],[-74.13662399988874,40.547603000201704],[-74.13663099956145,40.54753700032044],[-74.13683200030121,40.5473770000487],[-74.13694000025625,40.5472280002284],[-74.13698399973886,40.547118000001745],[-74.13700600037848,40.54696800027028],[-74.13744800024436,40.54730599988247],[-74.13820099955655,40.54803500023855],[-74.13864099977259,40.54847500017982],[-74.13737100025146,40.549577999949115],[-74.13608900013647,40.550423999674756],[-74.1345579996011,40.55125500033256],[-74.1349300000451,40.55156600017082],[-74.13382600020532,40.5523509998019],[-74.13411800028337,40.552590999986805],[-74.1352759996515,40.5518559997326],[-74.13591000003632,40.55237900008392],[-74.13655799976652,40.55290500023237],[-74.13671900032331,40.55303599966039],[-74.13688900020263,40.55317399967155],[-74.13723700035716,40.55293899985321],[-74.13783200038392,40.55342500013508],[-74.13819800008181,40.55319600006254],[-74.1382399999146,40.55323000021818],[-74.13850100003052,40.55344300007776],[-74.13877499966691,40.55366800031824],[-74.13854700006127,40.55384399989746],[-74.13858800006913,40.55387699980968],[-74.13848000011411,40.55395300008349],[-74.13936700021893,40.55467999994193],[-74.13947000015108,40.55462700031759],[-74.13969899958163,40.554522000165264],[-74.13977499974959,40.5544920002865],[-74.14047799973139,40.55417600015556],[-74.14042800040099,40.5543599997047],[-74.14025400032371,40.554794000318175],[-74.14054499967854,40.554845000010516],[-74.14080300031972,40.554616000016836],[-74.14117700041352,40.55426899990184],[-74.14195800021312,40.553872000237675],[-74.14263299970749,40.553586000208966],[-74.14324199997795,40.553363000219576],[-74.14370499976023,40.55324800021329],[-74.14377099988246,40.553250999984506],[-74.14381199989033,40.55331000023525],[-74.14385299989823,40.55349099967377],[-74.14389999975388,40.553608999700394],[-74.14396500005121,40.55370200023421],[-74.14413499993053,40.55380800022279],[-74.1442520001064,40.553913000129754],[-74.14430499980985,40.5540130003106],[-74.14436199971126,40.55409399998585],[-74.14506999971591,40.553931999854846],[-74.14554300044226,40.55385399972777],[-74.14174700032594,40.55695200030533],[-74.13966500014475,40.55864899987782],[-74.14258800039997,40.559893999749164],[-74.143125999627,40.56050799973826],[-74.14812500021563,40.5647100002336],[-74.1487799996185,40.5652500002451],[-74.1507780001341,40.56691199991071],[-74.151700000399,40.56785699993004],[-74.15086199979969,40.568528999998975],[-74.15090000033283,40.568547999670294],[-74.15182500007246,40.5692050002505],[-74.15200900019548,40.56916400017033],[-74.15209200003616,40.569188000137075],[-74.15181500002672,40.569903999849465],[-74.15176700034615,40.56997800032263],[-74.15263099998641,40.57038700011554],[-74.15525899979055,40.56941999982688],[-74.15687700036453,40.56882499997635],[-74.15716299969648,40.56872000025639],[-74.15766099963886,40.568537000292196],[-74.16256200031819,40.566732000311454],[-74.1642750004284,40.56569300024028],[-74.1643869996831,40.56562500028672],[-74.1644019997517,40.56551500025569],[-74.16443899956163,40.565253000160915],[-74.16466500041575,40.56535900028633],[-74.16481199983052,40.565560000166144],[-74.1650069998242,40.56613199974294],[-74.16544600021534,40.56672300007989],[-74.1659430003328,40.56699999975098],[-74.16675799956927,40.566831000048595],[-74.16961700025038,40.566237000111364],[-74.16961100040261,40.56644300008239],[-74.1696049996565,40.56664900010185],[-74.16983499981028,40.57087899998108],[-74.16845200031123,40.571633999999136]]]]}},{"type":"Feature","properties":{"zip":"10307","income":64159},"geometry":{"type":"MultiPolygon","coordinates":[[[[-74.2556289998721,40.5079190002635],[-74.2556849999486,40.507955999927546],[-74.25516899956456,40.508480999957364],[-74.25508499989898,40.508443999899924],[-74.2546639999495,40.508838999883245],[-74.2544100004046,40.508866000008105],[-74.25403499958755,40.5090909997152],[-74.25406300007495,40.509137999774225],[-74.25396900036363,40.509203000019596],[-74.25377199982182,40.5093810001062],[-74.25354699969091,40.509690999796874],[-74.25343500043624,40.50992499982163],[-74.25339699990309,40.51008400017812],[-74.25327499970437,40.51027200016476],[-74.25321899962786,40.51039400003399],[-74.25313499996227,40.510675000002436],[-74.2531159996957,40.51107800015011],[-74.25313499996227,40.51142499999083],[-74.25316299955136,40.51163099988335],[-74.25311400004587,40.512123999705594],[-74.2529469996413,40.51226900032947],[-74.25196300035043,40.51291600012125],[-74.25192499981729,40.51307500021545],[-74.25197199967296,40.51324399967885],[-74.25208499965086,40.51347800028157],[-74.2521220003591,40.51361900001399],[-74.2520660002826,40.51374999978073],[-74.25192499981729,40.51387200015175],[-74.25168299996794,40.51402300005171],[-74.25000400019292,40.51510900003784],[-74.25015399998074,40.51531600002957],[-74.24984400035933,40.51553099986242],[-74.24935700028762,40.51503399989297],[-74.24925400035546,40.515091000038026],[-74.24962000005335,40.515569999713705],[-74.24866299962835,40.51611299996249],[-74.2487000003366,40.51617800027608],[-74.24823199963312,40.51649700011357],[-74.2474910000165,40.51572799985994],[-74.24712500031862,40.51591599973031],[-74.24699399989905,40.516046999789694],[-74.24691000023346,40.516093999753856],[-74.24677100031629,40.5161460000245],[-74.24664800029264,40.51615800029136],[-74.246525000269,40.51616999987311],[-74.2465110000253,40.516308999823565],[-74.24656299990383,40.516468999856755],[-74.24660999975949,40.516591000060885],[-74.24671400041488,40.51671500029836],[-74.24682499984465,40.51683400001872],[-74.24699399989905,40.51694700014872],[-74.24718200022004,40.517087000317645],[-74.24738800008434,40.51735900020027],[-74.24745400020659,40.51743399979306],[-74.24761300021524,40.51757500008425],[-74.24764099980435,40.51762199966014],[-74.24764099980435,40.51767799988184],[-74.24751000028309,40.517641000118616],[-74.24735999959694,40.517508999984855],[-74.2470039999448,40.517106000244866],[-74.24679700025555,40.5169090001988],[-74.24665699961515,40.516796999789676],[-74.246553999683,40.51672200016722],[-74.24623300019094,40.51682499990952],[-74.24572900040079,40.51705000022825],[-74.24548500000333,40.51716299999426],[-74.2453720000254,40.517331000303514],[-74.24540999966024,40.517527999792506],[-74.24554100007983,40.51771600007886],[-74.24568699966967,40.517944999893466],[-74.24571900035504,40.51802499971292],[-74.24571000013421,40.51806299971326],[-74.24553199985898,40.518128000185015],[-74.24529699968234,40.51803399966104],[-74.2451100000846,40.51806299971326],[-74.2448570003646,40.51824100018275],[-74.24466900004361,40.51839100004265],[-74.24434099998058,40.518484000306266],[-74.24400399969667,40.51839999994164],[-74.2437879997866,40.51834400032296],[-74.24344999967781,40.518325000063754],[-74.24306600043657,40.51829699988743],[-74.24288800016133,40.51829699988743],[-74.24252199956513,40.518305999799054],[-74.24232499992164,40.5183809996982],[-74.24210999983647,40.51850299983757],[-74.24196900026946,40.51866300009805],[-74.24179099999425,40.5188500001788],[-74.24169700028293,40.5189060000577],[-74.24150999978686,40.51898099996853],[-74.24127499961021,40.51910299969894],[-74.2414429998397,40.51934800028919],[-74.24151900000768,40.519590999814625],[-74.24141600007552,40.51973099992531],[-74.24133200040994,40.51979699988584],[-74.24132200036419,40.51980600027892],[-74.24126100026483,40.51982500011848],[-74.2412169998839,40.519859000141366],[-74.24115800033266,40.51990499974321],[-74.24114900011183,40.51992299981632],[-74.24116300035554,40.51996600016111],[-74.24119099994462,40.51999799995518],[-74.24122399955658,40.52005900028845],[-74.24121900043204,40.52013400027515],[-74.2410829999896,40.520186000143816],[-74.24089600039184,40.52021400021401],[-74.24068999962921,40.52022299986821],[-74.24057199962841,40.52022299986822],[-74.24024899958823,40.520163000101824],[-74.23983699985958,40.520044999881],[-74.23971399983593,40.52003799967621],[-74.23946500031391,40.519968000319444],[-74.23935399998584,40.519992000165665],[-74.23927600016802,40.519995000060504],[-74.23880499998982,40.51988200028769],[-74.23846199985816,40.519833999824975],[-74.23843199972093,40.519864999942776],[-74.23804400028172,40.51976599973658],[-74.23724300039065,40.51963099977849],[-74.2369710004041,40.519584999988695],[-74.23644599979922,40.519531000165436],[-74.23482099955254,40.51951599990332],[-74.23462399990903,40.5185629997239],[-74.23427400010469,40.51746699988779],[-74.2341639996015,40.517317999786485],[-74.23282200011035,40.516337000147146],[-74.23260200000234,40.51583900020676],[-74.23252800038247,40.51554099994902],[-74.23229900005362,40.51467499975879],[-74.23221799986277,40.51436800003498],[-74.23219500029654,40.51429199992193],[-74.23166200019409,40.51252600017502],[-74.2316289996838,40.512444000240954],[-74.23160899959232,40.51239500006593],[-74.23146700020041,40.51182100003217],[-74.23139400040547,40.51160099991848],[-74.23119500021386,40.5109469999441],[-74.23115500003088,40.51082100021874],[-74.23092499987709,40.51023299996383],[-74.23062899960111,40.50937500004961],[-74.23055099978328,40.50914600033321],[-74.23031800015478,40.50847800023035],[-74.23005600021395,40.50772999990742],[-74.2299380002132,40.507376999836026],[-74.22950399984491,40.50608199987992],[-74.22923600005632,40.50529000003241],[-74.22857499990732,40.50333299981505],[-74.22839800035533,40.50280999977509],[-74.22830399974566,40.50253600030606],[-74.22833200023308,40.50223799967287],[-74.22845000023385,40.50223799967287],[-74.22856300021175,40.502209000290094],[-74.22882500015257,40.50220000026715],[-74.22906899965173,40.50219100024289],[-74.22923799970613,40.502125000028634],[-74.22961299962486,40.502031000294416],[-74.23004399962008,40.50188100003879],[-74.23013800022973,40.50184399975568],[-74.23030700028413,40.50177799988307],[-74.23043799980537,40.50179700004968],[-74.23063500034718,40.50180600012677],[-74.23079400035584,40.50181600021092],[-74.23092499987709,40.50180600012678],[-74.23097199973277,40.50178799997144],[-74.23109399993152,40.50169399976496],[-74.23121600013023,40.501637999855475],[-74.23137500013891,40.501666000157606],[-74.23148800011681,40.50167500025221],[-74.23169399998115,40.501646999953884],[-74.23176900032419,40.50162799974478],[-74.23190999989122,40.50156299967175],[-74.23208800016643,40.50148700007395],[-74.23217199983202,40.50146899983308],[-74.23247200030599,40.50137499986268],[-74.2326499996829,40.501262000130815],[-74.23278199992738,40.50110300003468],[-74.23286599959296,40.50097200015344],[-74.23292199966946,40.5007940002907],[-74.23295600000465,40.5006770001621],[-74.23299700001253,40.500677000162085],[-74.23345700032007,40.500558999802315],[-74.23373799962914,40.50058799989843],[-74.23429400019616,40.50060300029649],[-74.23454400044142,40.50067200003529],[-74.23464700037358,40.500681000263306],[-74.23481600042798,40.50059700013766],[-74.23498499958407,40.50053099972125],[-74.23512500022446,40.50051299990691],[-74.23533199991371,40.500475000207025],[-74.23552899955719,40.50043799983145],[-74.23574399964234,40.50033400016198],[-74.23591299969675,40.50026900020131],[-74.23600700030639,40.500146999674115],[-74.23605400016207,40.50008100018112],[-74.23611899956109,40.50000600030584],[-74.23628799961547,40.4998939996711],[-74.23651299974637,40.499941000027356],[-74.2365789998686,40.499968999671616],[-74.23661599967853,40.49997799999392],[-74.23666300043251,40.499977999993924],[-74.23685000003027,40.499903000003506],[-74.23704699967375,40.499752999771076],[-74.2372540002613,40.499565999712935],[-74.23736600041428,40.49940600033426],[-74.23745000007989,40.49927499987154],[-74.23748900043796,40.49916099996986],[-74.23743199963823,40.499069000279434],[-74.23743199963823,40.498965999904655],[-74.23743199963823,40.498956000078714],[-74.23745000007989,40.498919000231524],[-74.23750699998132,40.49884399974024],[-74.23762900018004,40.49881600030951],[-74.23777399994499,40.498830999737635],[-74.23789100012085,40.49888100031188],[-74.23810700003092,40.49893799984175],[-74.23826600003957,40.49890899971547],[-74.23848199994964,40.498788000184014],[-74.23878200042361,40.49850600022011],[-74.23952200021533,40.49768100015407],[-74.23975700039196,40.49749399978521],[-74.2401130000441,40.49745599974154],[-74.24031899990844,40.49750299975648],[-74.24052499977277,40.497606000328084],[-74.24069399982716,40.497644000286854],[-74.24091899995805,40.49762500031016],[-74.24107799996672,40.497524999984705],[-74.24141600007552,40.49755899970219],[-74.24162199993985,40.49751299979901],[-74.24198799963773,40.497427999731535],[-74.2421190000573,40.497390999724786],[-74.24231599970079,40.49746599979108],[-74.24238199982302,40.49749399978521],[-74.2425409998317,40.49751299979903],[-74.24293800039005,40.49752700012929],[-74.24382100029689,40.497480000131205],[-74.24473500016587,40.49734400031451],[-74.24492699978647,40.497291999809455],[-74.24517100018394,40.49718000010862],[-74.2456160004229,40.496869999973974],[-74.24589699973197,40.49662700008338],[-74.24621599957419,40.49638299990639],[-74.24650699982732,40.49617700031486],[-74.24676000044563,40.49608299976047],[-74.24699399989905,40.49605900023734],[-74.24762800028385,40.496044000189464],[-74.24802099974593,40.496064000024845],[-74.24876599956052,40.49616299970283],[-74.2496379995967,40.49683800007244],[-74.25019099979066,40.49725000002895],[-74.2505749999302,40.49770900005847],[-74.25086600018335,40.49799999986153],[-74.25096900011552,40.498233999689035],[-74.25105399960601,40.498375000049265],[-74.25113800016992,40.49853399978022],[-74.25120400029216,40.498647000008674],[-74.25128799995775,40.49874099970314],[-74.25159199973136,40.4989430000978],[-74.25213200040483,40.499191000034685],[-74.25258199976832,40.49941600009315],[-74.25290999983139,40.49961300029894],[-74.253257000161,40.49992200001809],[-74.25344399975877,40.50020300014521],[-74.2536789999354,40.500615999955755],[-74.2537070004228,40.50069099983213],[-74.25387499975399,40.50130900021164],[-74.25395000009705,40.501544000121896],[-74.25405399985412,40.50173100013083],[-74.25415699978629,40.50184399975567],[-74.25429900007653,40.50199800011669],[-74.25442899977286,40.50225599970741],[-74.25542200018286,40.504281000079295],[-74.25546900003853,40.50473100013222],[-74.25545999981769,40.50502200021197],[-74.25546900003853,40.50533100028765],[-74.25541700016001,40.505755000075155],[-74.25541299996203,40.50602500027304],[-74.25541299996203,40.50635300006819],[-74.25540399974119,40.506531000206],[-74.25543200022862,40.50673800004071],[-74.2554880003051,40.50691599983975],[-74.2555440003816,40.50710299989874],[-74.2556289998721,40.50726900028858],[-74.25565300016154,40.50744099981466],[-74.255713000436,40.50760899989486],[-74.25569400016943,40.50772999990742],[-74.2556289998721,40.5079190002635]]]]}},{"type":"Feature","properties":{"zip":"10308","income":61868},"geometry":{"type":"MultiPolygon","coordinates":[[[[-74.1649929995805,40.56144699992004],[-74.16489200019647,40.56206499984711],[-74.16485299983842,40.56234000011156],[-74.16476599979977,40.56295100016695],[-74.16453099962314,40.56461300027925],[-74.16443899956163,40.565253000160915],[-74.1644019997517,40.56551500025569],[-74.1643869996831,40.56562500028672],[-74.1642750004284,40.56569300024028],[-74.16256200031819,40.566732000311454],[-74.15766099963886,40.568537000292196],[-74.15716299969648,40.56872000025639],[-74.15687700036453,40.56882499997635],[-74.15525899979055,40.56941999982688],[-74.15263099998641,40.57038700011554],[-74.15176700034615,40.56997800032263],[-74.15181500002672,40.569903999849465],[-74.15209200003616,40.569188000137075],[-74.15200900019548,40.56916400017033],[-74.15182500007246,40.5692050002505],[-74.15090000033283,40.568547999670294],[-74.15086199979969,40.568528999998975],[-74.151700000399,40.56785699993004],[-74.1507780001341,40.56691199991071],[-74.1487799996185,40.5652500002451],[-74.14812500021563,40.5647100002336],[-74.143125999627,40.56050799973826],[-74.14258800039997,40.559893999749164],[-74.13966500014475,40.55864899987782],[-74.14174700032594,40.55695200030533],[-74.14554300044226,40.55385399972777],[-74.14506999971591,40.553931999854846],[-74.14436199971126,40.55409399998585],[-74.14430499980985,40.5540130003106],[-74.1442520001064,40.553913000129754],[-74.14413499993053,40.55380800022279],[-74.14396500005121,40.55370200023421],[-74.14389999975388,40.553608999700394],[-74.14385299989823,40.55349099967377],[-74.14381199989033,40.55331000023525],[-74.14377099988246,40.553250999984506],[-74.14370499976023,40.55324800021329],[-74.14324199997795,40.553363000219576],[-74.14263299970749,40.553586000208966],[-74.14195800021312,40.553872000237675],[-74.14117700041352,40.55426899990184],[-74.14080300031972,40.554616000016836],[-74.14054499967854,40.554845000010516],[-74.14025400032371,40.554794000318175],[-74.14042800040099,40.5543599997047],[-74.14047799973139,40.55417600015556],[-74.13977499974959,40.5544920002865],[-74.13969899958163,40.554522000165264],[-74.13947000015108,40.55462700031759],[-74.13936700021893,40.55467999994193],[-74.13848000011411,40.55395300008349],[-74.13858800006913,40.55387699980968],[-74.13854700006127,40.55384399989746],[-74.13877499966691,40.55366800031824],[-74.13850100003052,40.55344300007776],[-74.1382399999146,40.55323000021818],[-74.13819800008181,40.55319600006254],[-74.13783200038392,40.55342500013508],[-74.13723700035716,40.55293899985321],[-74.13688900020263,40.55317399967155],[-74.13671900032331,40.55303599966039],[-74.13655799976652,40.55290500023237],[-74.13591000003632,40.55237900008392],[-74.1352759996515,40.5518559997326],[-74.13411800028337,40.552590999986805],[-74.13382600020532,40.5523509998019],[-74.1349300000451,40.55156600017082],[-74.1345579996011,40.55125500033256],[-74.13608900013647,40.550423999674756],[-74.13737100025146,40.549577999949115],[-74.13864099977259,40.54847500017982],[-74.13820099955655,40.54803500023855],[-74.13744800024436,40.54730599988247],[-74.13700600037848,40.54696800027028],[-74.13568300025558,40.54637300016502],[-74.13643300009304,40.5460539998524],[-74.1372049996718,40.545725999744114],[-74.1383939999004,40.5450649999402],[-74.13891899960694,40.544695999717725],[-74.13969899958163,40.5441510001752],[-74.1405909997093,40.54385599969401],[-74.1399699997433,40.543390999722256],[-74.14147399961614,40.54225400020431],[-74.14196999990868,40.54255399996657],[-74.14172899988426,40.539340000118244],[-74.14212300006956,40.53922399979192],[-74.14188200004513,40.53859300018429],[-74.14212100041972,40.53803000015546],[-74.14214900000883,40.53759300033965],[-74.14216900010031,40.53729300020639],[-74.14332599964354,40.53669300000609],[-74.14355199959934,40.536644999976396],[-74.14517000017335,40.53575599986651],[-74.14609499991298,40.53551899999675],[-74.14695000023073,40.53593900000474],[-74.14723399991284,40.5357870001303],[-74.14729199963918,40.53575599986651],[-74.1498700001129,40.537209000201464],[-74.15006599993148,40.53700200022732],[-74.15051000034549,40.53726300011919],[-74.15070299979102,40.53710599969403],[-74.15110600019716,40.537327999722265],[-74.15080599972319,40.53765599999218],[-74.15163199972862,40.53812900000984],[-74.15186400043055,40.53836000001135],[-74.15221400023489,40.53814000028803],[-74.15230299992335,40.5382320003099],[-74.15249299989415,40.5384260000606],[-74.1526379996591,40.5385730000606],[-74.1527420003145,40.538679000101936],[-74.15240199965756,40.5389069998415],[-74.15375499991768,40.54027599985073],[-74.15412099961557,40.54006999991606],[-74.15424399963922,40.54019399972728],[-74.1543900001274,40.540340999943844],[-74.15402299970629,40.540558000291654],[-74.15488700024487,40.541426000114775],[-74.15595000007676,40.542517000282416],[-74.15632400017057,40.542302000311146],[-74.15644499964608,40.542426000086714],[-74.15650999994341,40.54249300031033],[-74.1565860001114,40.54256999993434],[-74.15668099964765,40.54266699974252],[-74.15633000001836,40.5428729998827],[-74.15744700027693,40.5440070003132],[-74.15780100027925,40.54379800005284],[-74.15789800036364,40.54389700025747],[-74.15807699956545,40.54407799988086],[-74.15821100035807,40.54421599992139],[-74.15832799963563,40.54433800013596],[-74.15800899979341,40.544564999675174],[-74.15882399992817,40.5453889997081],[-74.15894899960165,40.54539499995448],[-74.15927099981693,40.54597900020241],[-74.15929500010637,40.54602200021223],[-74.15886599976098,40.54625599970255],[-74.1589999996553,40.546811000064075],[-74.15936899972621,40.54732700014137],[-74.16113299989009,40.546414999896115],[-74.16142300031831,40.54679599976428],[-74.16159900004541,40.54671800019882],[-74.16174200016053,40.546986999918076],[-74.16148100004465,40.54708100010829],[-74.16137999976227,40.54712200006277],[-74.16151700002963,40.54741799982201],[-74.16125799956355,40.547449000149996],[-74.16162499998467,40.54913799974629],[-74.16203000004062,40.549091999731914],[-74.16209600016286,40.549084999830825],[-74.16213799999566,40.54928300016353],[-74.16217300015576,40.54944899986029],[-74.16170899965024,40.549511999966505],[-74.16206600002563,40.55129000006168],[-74.16255300009735,40.55122700026307],[-74.16267799977082,40.55179399972944],[-74.1633940001714,40.55331699969472],[-74.16389299993867,40.55545299986843],[-74.16396699955853,40.555807999757036],[-74.16398900019814,40.55591299994018],[-74.16358800034016,40.55592499991166],[-74.16305000021481,40.55594000021416],[-74.16303799962094,40.5561059997888],[-74.16302799957518,40.55623300026268],[-74.16314300010123,40.556691999880684],[-74.16281300038834,40.55673800013437],[-74.16287299976447,40.55696300022228],[-74.16321699972107,40.55693300007224],[-74.16375800021947,40.55695900006657],[-74.16382699981644,40.557269000165796],[-74.16426100018471,40.55722500000577],[-74.16428700012398,40.55734900013454],[-74.1643380001776,40.55759099986744],[-74.16452999979823,40.558306000265645],[-74.164683999784,40.55901000027358],[-74.16494099970197,40.56011200003663],[-74.16589399992901,40.56028299996251],[-74.16554999997241,40.560642000109866],[-74.1649929995805,40.56144699992004]]]]}},{"type":"Feature","properties":{"zip":"10309","income":65397},"geometry":{"type":"MultiPolygon","coordinates":[[[[-74.24770699992656,40.543525000219894],[-74.2476319995835,40.54350600027264],[-74.24669900034625,40.54485899971513],[-74.24617899976428,40.54563399977495],[-74.24359100014311,40.547649999881],[-74.24292499997127,40.54712500010843],[-74.24272099975676,40.547081000108314],[-74.24256500012115,40.54697999979699],[-74.2422179997915,40.54692500018517],[-74.24193199956125,40.546956000058806],[-74.24170700032866,40.54701299967889],[-74.24122899957945,40.547219000104946],[-74.24054400003934,40.54754699972744],[-74.2400000000662,40.54795000004859],[-74.239316000351,40.54846600022394],[-74.23862199969173,40.548980999849086],[-74.23822900022965,40.549356000245375],[-74.23797499978645,40.54968400032289],[-74.23780699955695,40.549881000275725],[-74.23765699976913,40.55009699977964],[-74.23738499978255,40.55020000010672],[-74.23716899987248,40.55023800029345],[-74.23682200044118,40.550340999721065],[-74.23659700031027,40.55048099975606],[-74.23643800030163,40.55064100012018],[-74.23633500036946,40.550827999707195],[-74.23622200039156,40.551034000001955],[-74.23616600031504,40.55125900014654],[-74.23617499963757,40.551474999983576],[-74.23624999998064,40.551644000232955],[-74.2365499995563,40.55199999978273],[-74.23656899982286,40.55207500019802],[-74.23654100023377,40.55216900007219],[-74.23637200017937,40.55233799993509],[-74.23506900014796,40.55296599996138],[-74.23487199960616,40.55296599996138],[-74.23467499996268,40.55293799992482],[-74.23463800015276,40.55293799992482],[-74.23443200028844,40.55284399976516],[-74.23434699989961,40.55273100009558],[-74.23424399996745,40.552693999890515],[-74.2341219997687,40.55264700033846],[-74.23394400039179,40.552562999793444],[-74.23372900030664,40.552458999752645],[-74.23351800041945,40.55242399995199],[-74.23329699958819,40.552468999789866],[-74.23316600006693,40.552534000336486],[-74.23294099993603,40.552674999814194],[-74.2327350000717,40.55285299981518],[-74.232424999552,40.553143999871374],[-74.23221000036516,40.55337799973101],[-74.23211599975551,40.55352800012097],[-74.2320499996333,40.5537249996858],[-74.23188200030211,40.55405300020464],[-74.23173199961596,40.554297000064345],[-74.23146899985024,40.55456899976625],[-74.23123500039681,40.55480300010609],[-74.23100000022016,40.55501900011396],[-74.23088800006718,40.55516900024027],[-74.23082199994494,40.55530000001656],[-74.23061600008062,40.55548800013329],[-74.23046600029281,40.55559099967574],[-74.23027899979672,40.55564700024845],[-74.23020400035197,40.555637999891424],[-74.23005399966583,40.55564700024845],[-74.22992200031966,40.55572199999138],[-74.22970700023451,40.55578799999602],[-74.22948200010362,40.555758999888255],[-74.22914099962178,40.555872999792356],[-74.22885399956658,40.556030999793485],[-74.22856300021175,40.556030999793485],[-74.22830000044603,40.55600299967358],[-74.22801900023862,40.55593799976453],[-74.22798200042871,40.555918999926185],[-74.22771000044214,40.55587199990778],[-74.22726000018035,40.55590899972173],[-74.22688500026163,40.556012999863974],[-74.22672500042806,40.55605899990168],[-74.22665000008499,40.5561059997888],[-74.22618800012762,40.55621999978459],[-74.22596600036978,40.55623800034092],[-74.22570400042895,40.55621899990521],[-74.22543999993998,40.55614699967794],[-74.22529099997706,40.5560779997003],[-74.2248690002027,40.55604099997974],[-74.22448500006314,40.555975000224514],[-74.2243350002753,40.55593799976453],[-74.22401600043307,40.55586300026349],[-74.22341600038345,40.55580599998598],[-74.22319100025254,40.55572199999138],[-74.22315400044263,40.55569399974226],[-74.2230880003204,40.55562800032755],[-74.2229469998551,40.555525000159484],[-74.22276899957984,40.555421999832966],[-74.22266599964769,40.55539400014093],[-74.22237500029286,40.55543100021902],[-74.22228200040645,40.55541300012825],[-74.22197199988673,40.555356000150084],[-74.22181299987808,40.55533800003913],[-74.22175699980158,40.5553659997546],[-74.22170999994592,40.55547799986445],[-74.22168200035684,40.55555299979674],[-74.22164399982368,40.55560899971873],[-74.22159699996801,40.55561899996798],[-74.22151300030242,40.55553399984915],[-74.22151300030242,40.55541300012825],[-74.22151300030242,40.55529100029542],[-74.22145700022593,40.555216000069656],[-74.2213719998371,40.55519700002643],[-74.22133500002718,40.555253000246125],[-74.22124999963836,40.55538399985807],[-74.22118500023937,40.55550600020395],[-74.22117500019361,40.55556300005435],[-74.22111200044442,40.55568799973615],[-74.22104399977407,40.55573100033709],[-74.22098799969754,40.55581600020581],[-74.22090400003198,40.555900000082474],[-74.22077199978749,40.55592800024545],[-74.22064100026624,40.55592800024545],[-74.22047200021184,40.55586300026349],[-74.2204350004019,40.555834000188234],[-74.22036799955644,40.555758999888255],[-74.22033199957143,40.555674999834686],[-74.220322000424,40.55561899996798],[-74.22030399998233,40.55546900016724],[-74.2202570001267,40.555280999997116],[-74.22016300041535,40.55496299969851],[-74.21993800028446,40.55470000003395],[-74.21982500030657,40.554624999828704],[-74.21969399988697,40.554606000300296],[-74.21939400031133,40.55472800001622],[-74.21927200011258,40.55475599998684],[-74.21918800044699,40.55476599968095],[-74.21895400009528,40.554708999834524],[-74.21886000038394,40.55475599998684],[-74.2188789997522,40.55484099972826],[-74.21893499982869,40.55492500014564],[-74.21896300031611,40.55508400023268],[-74.21888799997302,40.55512199969536],[-74.2188500003382,40.55512199969536],[-74.21877499999512,40.55501900011396],[-74.21871899991862,40.55485000019243],[-74.21861599998648,40.55473799971458],[-74.21853200032088,40.55478399994569],[-74.21853200032088,40.55494400026604],[-74.21859699971989,40.55517799997777],[-74.21869100032953,40.55540299984822],[-74.21876599977429,40.555693999742246],[-74.21875699955348,40.55584399972137],[-74.21858199965128,40.55598600030197],[-74.21838199963473,40.55604099997974],[-74.2181749999455,40.55590899972173],[-74.21794999981459,40.55582499985636],[-74.2178569999282,40.555666000163974],[-74.21794099959378,40.55548800013329],[-74.21789399973811,40.55524399983613],[-74.21778199958511,40.55497200014627],[-74.2174700003139,40.55513100012175],[-74.21666600004977,40.55543100021901],[-74.2164500001397,40.55548800013329],[-74.21628199991021,40.55551599978607],[-74.21606600000014,40.555544000109634],[-74.21586000013582,40.55564700024845],[-74.215710000348,40.55575000022882],[-74.21546599995052,40.555918999926185],[-74.21511000029838,40.556030999793485],[-74.21499700032048,40.55611599996383],[-74.21490400043405,40.55627200031685],[-74.21489400038831,40.556321999688095],[-74.21490400043405,40.55643400024627],[-74.21494999956649,40.55651899990499],[-74.21495999961222,40.55659400003613],[-74.21490400043405,40.55675300025477],[-74.21479999977869,40.556883999661785],[-74.21472500033391,40.556902999908765],[-74.21457499964778,40.55697800029226],[-74.21460399996008,40.55711899996677],[-74.21446300039308,40.55717499994388],[-74.21433199997352,40.55697800029226],[-74.21428500011784,40.55699699983006],[-74.2142380002622,40.55708100027249],[-74.21418200018567,40.55711899996676],[-74.21390000015339,40.55718400009429],[-74.21370299961158,40.55722500000577],[-74.21369400028907,40.557315999886015],[-74.21384400007688,40.55741900002873],[-74.21394700000904,40.557474999754916],[-74.21407900025353,40.55755000018014],[-74.21417200013994,40.55763399992872],[-74.21418200018567,40.55770000009602],[-74.21400399991046,40.55773800012143],[-74.21388199971172,40.55765299996287],[-74.21371299965733,40.55752200001301],[-74.213506999793,40.55735300026696],[-74.2134220003025,40.557240999881145],[-74.2133939998151,40.55718400009429],[-74.21346900015817,40.55704399974123],[-74.21351600001383,40.55680899985549],[-74.213506999793,40.556744000046436],[-74.21357200009032,40.556612999682905],[-74.2135910003569,40.55652800014357],[-74.2135350002804,40.55652800014355],[-74.21338499959425,40.556658999990844],[-74.21329099988293,40.55682800012378],[-74.21320700021735,40.55694999988591],[-74.21314100009509,40.55703399970482],[-74.21306599975203,40.55713800014706],[-74.21280399981121,40.557259000162986],[-74.21270000005414,40.557399999928194],[-74.21271000009989,40.557483999864985],[-74.21263499975682,40.55765299996287],[-74.21241100034912,40.55790499986973],[-74.21216600012676,40.55772800018867],[-74.21197899963069,40.55741900002873],[-74.21179100020804,40.55725000002267],[-74.21153799958972,40.55720300025613],[-74.21124700023489,40.5573059998902],[-74.21096600002751,40.55742800014634],[-74.21043200010013,40.557605999796735],[-74.20989700034784,40.557681000075206],[-74.20942899964437,40.557775000269174],[-74.20871599961683,40.557924999680864],[-74.20812499978805,40.55807500012152],[-74.2079099997029,40.55813099998145],[-74.20758199963983,40.55815899989387],[-74.20727200001843,40.55816899976223],[-74.20639199958633,40.55810200020606],[-74.20703199981892,40.55761599974772],[-74.20646100008162,40.557590000008545],[-74.20570399967315,40.557502000081485],[-74.20514499963143,40.557346999726974],[-74.20830899991105,40.55652800014357],[-74.20961600014044,40.55616899977454],[-74.21140000039578,40.55564300001408],[-74.21305300023154,40.554890000268884],[-74.21316399966132,40.554838999928315],[-74.21308199964555,40.55464900023112],[-74.2129150001393,40.55426099995075],[-74.21094500011111,40.555054999819994],[-74.21078799975227,40.55474800009393],[-74.21040699998576,40.553779999855784],[-74.21012900015143,40.553177000128606],[-74.2098310002256,40.552423999952],[-74.20951700040624,40.55160300031662],[-74.20921100008448,40.55086900009804],[-74.20888100037159,40.54997499981678],[-74.20857000002697,40.54926099985211],[-74.20827100027623,40.5485269999012],[-74.20764699993717,40.54692900025778],[-74.20708500042069,40.545605000047836],[-74.20680000001533,40.54488899981384],[-74.20646500027958,40.54410899970701],[-74.2061289998206,40.54354200002444],[-74.20509799977576,40.5437910002811],[-74.20423800033345,40.543993000129966],[-74.20361700036743,40.544146999936686],[-74.20309799961035,40.54429000012282],[-74.20272400041483,40.54350600027264],[-74.20218200009154,40.54238199973019],[-74.2020740001365,40.54242899966005],[-74.20195299976268,40.54246299982114],[-74.20184700035578,40.54247799972604],[-74.20182800008922,40.54248099997972],[-74.20171000008844,40.54248400023324],[-74.2010880002975,40.54108999971173],[-74.20153500018624,40.540965000086544],[-74.20143599955374,40.540743999932786],[-74.20134799969019,40.540546000297084],[-74.20104800011453,40.5398970000052],[-74.20075199983852,40.53921399982502],[-74.2004689999813,40.5385300000475],[-74.20016600003262,40.537851000199105],[-74.1998499996651,40.53718000024029],[-74.19954500006659,40.53648299996369],[-74.1992220000264,40.53583500009196],[-74.19887200022202,40.53515399985105],[-74.19858099996888,40.53448099978237],[-74.19891200040499,40.534247000121454],[-74.19930999988995,40.533984999875656],[-74.19966200024247,40.53376999983112],[-74.19995400032052,40.53360100022327],[-74.2003560000034,40.533383000333835],[-74.20070499998286,40.533207000237695],[-74.20309299958748,40.532483000115896],[-74.20301999979253,40.53220600032957],[-74.20299700022632,40.532119000056845],[-74.20296200006624,40.531986999756974],[-74.20289000009619,40.53171199977642],[-74.2021450002816,40.53185199983306],[-74.20023499962959,40.53185300007625],[-74.19962500043253,40.5319210001923],[-74.19871800023624,40.53210500012008],[-74.1974839998018,40.5324209999304],[-74.19711599955576,40.53177000032306],[-74.19675900007873,40.531105999962016],[-74.19632700025858,40.530368000054295],[-74.19608399968602,40.52991199971813],[-74.19497900002133,40.53043699989324],[-74.19453999963018,40.530620000220495],[-74.19456800011758,40.530435000047376],[-74.19564500019318,40.52923699969198],[-74.195386999552,40.5288919997539],[-74.19322800027626,40.52600399996731],[-74.19231000020932,40.5263809999115],[-74.19114100007221,40.52686000017593],[-74.1895769999249,40.524679999981856],[-74.18846800006226,40.52312799971319],[-74.18922499957239,40.52285300025326],[-74.19000399972215,40.52257200010657],[-74.18874699972149,40.520887999885986],[-74.18822700003783,40.52020100025603],[-74.18767300001896,40.519456999932316],[-74.18494099955944,40.52040999969483],[-74.1838240001992,40.5208550001095],[-74.18362400018265,40.52056599990332],[-74.18316800007307,40.51990400000455],[-74.18344099988454,40.519806000278926],[-74.18386299965893,40.519749999786086],[-74.18419099972199,40.51964699975738],[-74.18450000041678,40.519459000105805],[-74.18475300013678,40.51930000012702],[-74.18547500038514,40.51880300009801],[-74.18596300028176,40.518456000196416],[-74.18677800041655,40.517808999913],[-74.18812800030362,40.51654399976221],[-74.18875599994233,40.51592499996153],[-74.18898100007324,40.5155969998602],[-74.18909400005114,40.515362999823225],[-74.18915000012763,40.51527799983814],[-74.18929999991548,40.51528799996248],[-74.18948800023642,40.515297000278025],[-74.18965599956763,40.515259000075815],[-74.1897590003981,40.515184000098806],[-74.19005899997374,40.5148749996636],[-74.19095899959902,40.51400300010707],[-74.19116600018657,40.51374999978073],[-74.19135299978431,40.51354400025134],[-74.19155000032612,40.51330000014259],[-74.19163399999171,40.51317800009669],[-74.19191600002402,40.512963000231274],[-74.19215899969826,40.512841000255214],[-74.19227199967617,40.51274699983118],[-74.19249699980708,40.512662999791175],[-74.19260899996009,40.51264399997081],[-74.19266599986146,40.512577999798054],[-74.19274100020455,40.512400000001804],[-74.19280599960356,40.51229700029137],[-74.1928719997258,40.5122029997877],[-74.19294700006886,40.51209999977468],[-74.1931889999182,40.511932000017374],[-74.19344400018633,40.511705999736805],[-74.19374399976199,40.51130299994838],[-74.19384699969413,40.51115299993908],[-74.19400599970281,40.51090900000849],[-74.19422199961286,40.51066599974947],[-74.19432500044336,40.510580999956865],[-74.19464400028558,40.51031900007908],[-74.19480300029424,40.51014099975022],[-74.19503400027291,40.509993000329494],[-74.19519699958121,40.50989700023525],[-74.195871000149,40.50975700007915],[-74.19648100024436,40.509775000144856],[-74.19681900035316,40.509916000150994],[-74.19719400027189,40.51012199989821],[-74.19750300006838,40.51031900007908],[-74.19778400027577,40.51052499995431],[-74.19840299969366,40.510899999786965],[-74.19870300016763,40.51104999967918],[-74.19900299974329,40.51118099968397],[-74.19930300021726,40.51130299994836],[-74.19944799998221,40.51130399981525],[-74.19962200005948,40.51134999982308],[-74.199750000106,40.511445000021425],[-74.19994099990171,40.51224099967294],[-74.20027800018559,40.51230600032541],[-74.20119700007744,40.51293400002198],[-74.20191900032582,40.512859000176064],[-74.20378399987368,40.51245599980447],[-74.20461900009995,40.51229700029137],[-74.20505500011804,40.512252000103025],[-74.20531299986091,40.51225899975486],[-74.20579099971181,40.51221299968769],[-74.2073189998741,40.51190300004512],[-74.20810600041979,40.51161300031585],[-74.20867799998202,40.511369000010085],[-74.20934400015386,40.510983999986486],[-74.20968100043777,40.510740999999236],[-74.20997000014276,40.51047499986372],[-74.21042200005438,40.50994399972941],[-74.2105719998422,40.5096719998174],[-74.21059100010878,40.50962500013264],[-74.2106560004061,40.509427999961986],[-74.210769000384,40.50922200013192],[-74.21092800039267,40.50896900020753],[-74.21110599976959,40.50878099998301],[-74.21145300009923,40.50851899990277],[-74.21172500008579,40.50822799996952],[-74.21183800006371,40.50814399973277],[-74.2119870000266,40.508012999942345],[-74.21210900022534,40.50783399972112],[-74.21224099957149,40.50769400003938],[-74.21236299977026,40.50755300014255],[-74.21267199956672,40.507272000069634],[-74.2131689996842,40.50686900027255],[-74.213366000226,40.50661599966772],[-74.21345900011241,40.506522000079926],[-74.21351600001383,40.50645600002901],[-74.21370299961158,40.50641900022046],[-74.21397499959814,40.506399999997],[-74.21433100014859,40.50633399982609],[-74.21459399991434,40.506240999785405],[-74.21508099998606,40.50597800008147],[-74.21555899983694,40.50557500002235],[-74.21585900031091,40.505238000222285],[-74.21614100034323,40.50485299983586],[-74.2164500001397,40.50449699974381],[-74.21681599983759,40.504065999694],[-74.21725600005365,40.503502999905926],[-74.21736900003155,40.50338099979598],[-74.21738800029814,40.50330600019494],[-74.21739699962065,40.50322199994115],[-74.21749999955281,40.503213000054046],[-74.21775300017111,40.503250000265105],[-74.21794099959378,40.50323099982697],[-74.21827899970258,40.50304399990136],[-74.21846600019863,40.50301600017441],[-74.21873800018521,40.50295900001118],[-74.21902900043834,40.50286600007225],[-74.21929100037916,40.50277200001027],[-74.21957199968824,40.50264999993693],[-74.2200129997292,40.50263100001189],[-74.22024700008093,40.50263100001189],[-74.22070700038847,40.50260300011254],[-74.22095000006273,40.502575000201624],[-74.22112900016286,40.502518999661476],[-74.22133500002718,40.502433999789126],[-74.22155000011234,40.50234099980532],[-74.22165399986942,40.50236899981402],[-74.22171900016674,40.50239699981103],[-74.22177500024323,40.502415999802324],[-74.22191400016041,40.50242099979915],[-74.22215000016197,40.50245299976995],[-74.22255400039302,40.50239699981103],[-74.22281600033382,40.502358999812245],[-74.2231440003969,40.502265999724536],[-74.2234349997517,40.50213400006171],[-74.22352900036135,40.50207799983645],[-74.22369699969254,40.50192799968593],[-74.2239129996026,40.50182500028545],[-74.22415700000008,40.50170299985583],[-74.2245040003297,40.50160000010987],[-74.22467199966087,40.50155300023291],[-74.22493500032492,40.50160000010987],[-74.22524400012142,40.501666000157606],[-74.22555399974281,40.50170299985583],[-74.22582499990446,40.501787999971455],[-74.22599399995886,40.50184399975567],[-74.22632200002192,40.501984000036416],[-74.22666900035156,40.50210599995492],[-74.22676300006289,40.50214400009696],[-74.22699700041461,40.50219100024292],[-74.22706299963853,40.50223799967287],[-74.22745699982384,40.50227499973863],[-74.22818800029304,40.50223799967287],[-74.22833200023308,40.50223799967287],[-74.22830399974566,40.50253600030606],[-74.22839800035533,40.50280999977509],[-74.22857499990732,40.50333299981505],[-74.22923600005632,40.50529000003241],[-74.22950399984491,40.50608199987992],[-74.2299380002132,40.507376999836026],[-74.23005600021395,40.50772999990742],[-74.23031800015478,40.50847800023035],[-74.23055099978328,40.50914600033321],[-74.23062899960111,40.50937500004961],[-74.23092499987709,40.51023299996383],[-74.23115500003088,40.51082100021874],[-74.23119500021386,40.5109469999441],[-74.23139400040547,40.51160099991848],[-74.23146700020041,40.51182100003217],[-74.23160899959232,40.51239500006593],[-74.2316289996838,40.512444000240954],[-74.23166200019409,40.51252600017502],[-74.23219500029654,40.51429199992193],[-74.23221799986277,40.51436800003498],[-74.23229900005362,40.51467499975879],[-74.23252800038247,40.51554099994902],[-74.23260200000234,40.51583900020676],[-74.23282200011035,40.516337000147146],[-74.2341639996015,40.517317999786485],[-74.23427400010469,40.51746699988779],[-74.23462399990903,40.5185629997239],[-74.23482099955254,40.51951599990332],[-74.23644599979922,40.519531000165436],[-74.2369710004041,40.519584999988695],[-74.23724300039065,40.51963099977849],[-74.23804400028172,40.51976599973658],[-74.23843199972093,40.519864999942776],[-74.23846199985816,40.519833999824975],[-74.23880499998982,40.51988200028769],[-74.23927600016802,40.519995000060504],[-74.23935399998584,40.519992000165665],[-74.23946500031391,40.519968000319444],[-74.23971399983593,40.52003799967621],[-74.23983699985958,40.520044999881],[-74.24024899958823,40.520163000101824],[-74.24057199962841,40.52022299986822],[-74.24068999962921,40.52022299986821],[-74.24089600039184,40.52021400021401],[-74.2410829999896,40.520186000143816],[-74.24121900043204,40.52013400027515],[-74.24122399955658,40.52005900028845],[-74.24119099994462,40.51999799995518],[-74.24116300035554,40.51996600016111],[-74.24114900011183,40.51992299981632],[-74.24115800033266,40.51990499974321],[-74.2412169998839,40.519859000141366],[-74.24126100026483,40.51982500011848],[-74.24132200036419,40.51980600027892],[-74.24147200015202,40.52001300010943],[-74.24165999957468,40.51997499984865],[-74.24175400018432,40.51996600016111],[-74.24181899958336,40.520003000006945],[-74.24187499965983,40.52007800005631],[-74.24192200041382,40.52018100010568],[-74.24196000004865,40.52028399999679],[-74.24241600015823,40.520324999962476],[-74.24278600005408,40.52069600002734],[-74.24286100039716,40.52116400029854],[-74.24294400023783,40.521250000051374],[-74.24298299969759,40.52134900011459],[-74.24298199987264,40.521484000027286],[-74.24298199987264,40.5215129999528],[-74.24292499997127,40.52169100013928],[-74.24285999967393,40.521849999909946],[-74.24276599996259,40.52205599986798],[-74.24269999984035,40.52228099970212],[-74.2427099998861,40.522469000316704],[-74.24277500018341,40.52266599973032],[-74.24283299990975,40.522782999738816],[-74.24285999967393,40.52300300003647],[-74.24284100030566,40.52326599988857],[-74.24284999962818,40.52352799970702],[-74.24283200008483,40.52387499998564],[-74.24292499997127,40.52417500010496],[-74.24304700017,40.52437199996732],[-74.24317900041447,40.52455899982793],[-74.24343200013446,40.52476600000361],[-74.24362200010525,40.52482500008176],[-74.2437879997866,40.52488800013104],[-74.2438790000232,40.52495999982213],[-74.24393799957444,40.525066000232016],[-74.24399399965093,40.52512199969801],[-74.24404999972742,40.525197000165456],[-74.2440410004049,40.525253000204785],[-74.24396600006185,40.525253000204785],[-74.24385399990885,40.52523399985526],[-74.24376900041834,40.525365999800435],[-74.24362899977794,40.525778000005594],[-74.24357199987654,40.52604099989447],[-74.24345999972356,40.52627500021575],[-74.24329300021728,40.52654200012719],[-74.2431040000714,40.52682800024359],[-74.24299100009348,40.52704399966103],[-74.24294400023783,40.52723100026041],[-74.24293199964394,40.52751700016789],[-74.24295400028356,40.527774999906335],[-74.24294400023783,40.52796300013288],[-74.24292499997127,40.52800900031869],[-74.24285999967393,40.52810299982832],[-74.24260000028124,40.52841299967369],[-74.24241899963296,40.52912500007895],[-74.24222700001233,40.52962899993605],[-74.24203500039172,40.52994100009388],[-74.24183799984992,40.53025899971857],[-74.24172499987202,40.53043800015755],[-74.24155699964251,40.530719000099694],[-74.2414629999312,40.531066000018036],[-74.24148200019775,40.531394000219144],[-74.24156599986334,40.53178799994102],[-74.24168800006208,40.532237999742236],[-74.24184700007073,40.53252799969698],[-74.24204399971424,40.532659000065486],[-74.24226899984512,40.53291300026397],[-74.2422880001117,40.53308100001676],[-74.24227899989089,40.533204999791685],[-74.24224100025604,40.53339100004794],[-74.24221299976863,40.53344700006803],[-74.24212900010305,40.53353100001041],[-74.24205399975999,40.53359700003754],[-74.24201600012515,40.53377500022109],[-74.24200699990432,40.53401900022603],[-74.24206299998082,40.534271999841245],[-74.24215699969214,40.53444099980491],[-74.24233499996737,40.534638000214244],[-74.24252199956513,40.53479699999402],[-74.24268200029702,40.53504099969088],[-74.2427380003735,40.535209000252785],[-74.24286899989474,40.53542499996603],[-74.2431040000714,40.535575000286485],[-74.24328200034664,40.535733999890894],[-74.2435819999223,40.535959000232],[-74.24393799957444,40.536128000036896],[-74.24433199975974,40.536221999764045],[-74.24469699963272,40.53632500026509],[-74.24500700015243,40.53639100027094],[-74.24520399979592,40.53663400013546],[-74.24536299980458,40.5367559998222],[-74.2455689996689,40.536868999820754],[-74.24570000008846,40.5371500001025],[-74.2457379997233,40.537243999761216],[-74.24575699998988,40.5374689998103],[-74.24574699994415,40.537619000333464],[-74.24566300027855,40.53783400031565],[-74.24552199981323,40.53811600011315],[-74.24542899992682,40.53819099969243],[-74.24524200032906,40.5382479999446],[-74.24510000003885,40.538227999717904],[-74.24497899966504,40.53820900031628],[-74.2448570003646,40.53820900031628],[-74.24489400017453,40.538246999796876],[-74.24498799988585,40.538358999865316],[-74.24502499969579,40.538433999855236],[-74.24515699994025,40.538705999815214],[-74.24526900009323,40.53893099973303],[-74.24531599994891,40.539119000064936],[-74.24539100029199,40.53944699975849],[-74.24543800014766,40.53966300014495],[-74.24546599973675,40.539944000313255],[-74.24543800014766,40.540233999683494],[-74.24547499995757,40.540534000300376],[-74.24553199985898,40.540722000229685],[-74.24575699998988,40.54099399977461],[-74.2459350002651,40.54120899984811],[-74.24611299964202,40.54155600005424],[-74.2462440000616,40.5418560002119],[-74.2464409997051,40.54216599991907],[-74.24664800029264,40.54229799996229],[-74.24710699987695,40.542708999749614],[-74.24768799965999,40.54310299983413],[-74.24792200001173,40.54305599969457],[-74.24800700040055,40.543093999838995],[-74.24770699992656,40.543525000219894]]]]}},{"type":"Feature","properties":{"zip":"10310","income":46198},"geometry":{"type":"MultiPolygon","coordinates":[[[[-74.13203899957692,40.623754000126596],[-74.13154499983251,40.623789000116666],[-74.13164000026707,40.62400400014036],[-74.131496000327,40.624554000286004],[-74.13139099984672,40.62481299994886],[-74.13118199960935,40.62478999970618],[-74.1310369998444,40.6253470003034],[-74.13128999956439,40.6253219998241],[-74.131496000327,40.62535300019882],[-74.13141000011329,40.62557699977387],[-74.13139000002181,40.62562999978561],[-74.13111700021035,40.62562800005607],[-74.13101299955495,40.62592899992582],[-74.13141299958802,40.62601999976206],[-74.13130999965585,40.626327999913656],[-74.13113599957859,40.62689899984385],[-74.13073499972059,40.62682500030854],[-74.13044000016782,40.62677000018621],[-74.13036599964965,40.6275610001283],[-74.13017999987683,40.62830399981425],[-74.1300529996552,40.62864299987023],[-74.13000999999751,40.62876000014166],[-74.1299609995937,40.628890000202865],[-74.1295020000094,40.62874999991668],[-74.12918800019004,40.62865499975017],[-74.12917499977124,40.628721000073924],[-74.12913100028864,40.628952999826836],[-74.1292989996198,40.629418999939546],[-74.12934899984852,40.629555999746195],[-74.1294469997578,40.63000899996724],[-74.1296569998201,40.630531000140465],[-74.12986000020967,40.63051000008688],[-74.12992700015683,40.63070800013479],[-74.13016099961025,40.630923999827345],[-74.13019099974746,40.63124500007762],[-74.13000900017259,40.63169799974869],[-74.12970899969862,40.632294000046144],[-74.1301659996331,40.63237099997107],[-74.12944599993291,40.63365999976558],[-74.12844300037547,40.63367300019257],[-74.12789799967909,40.63643399970548],[-74.12784699962549,40.637276999977836],[-74.12688800044897,40.63720999989845],[-74.12691500021315,40.637428999776525],[-74.12695899969577,40.63782699987913],[-74.12703200038901,40.63837700002088],[-74.12701499977226,40.63931899975142],[-74.1269620000688,40.64018100017227],[-74.12374400026083,40.64020199991081],[-74.12065899962388,40.64119599974454],[-74.12092800013569,40.6418129996933],[-74.12037400011683,40.64235100025151],[-74.11842900020302,40.6427770002552],[-74.11631400040989,40.64352699991403],[-74.11409800033441,40.644351999892955],[-74.1130420001752,40.644694999944846],[-74.1126410003172,40.64454700002144],[-74.11223799991106,40.64478700002663],[-74.11092400000902,40.645549999751424],[-74.1099160004287,40.645657999873386],[-74.10680499985251,40.64590300016478],[-74.10623099974214,40.64592500004961],[-74.1047829999458,40.645981999872205],[-74.10475299980855,40.645708999813436],[-74.10465200042452,40.64529999997247],[-74.10497700011453,40.64464499983245],[-74.10500499970364,40.644578000331876],[-74.1050459997115,40.64452199991447],[-74.10510000013817,40.64447099974899],[-74.10517499958296,40.64442499984698],[-74.10523999988027,40.64439799984529],[-74.10533799978955,40.64437500021388],[-74.10596100030372,40.644305999908944],[-74.10654700010964,40.64424199984878],[-74.10634999956784,40.64332499994813],[-74.10607099990858,40.64203799990825],[-74.10593700001426,40.641355999924336],[-74.10559600043074,40.63972900010919],[-74.10542200035346,40.638899000215446],[-74.10480999970997,40.63897700002719],[-74.10467499999075,40.63824700002451],[-74.10457000040878,40.63770200029949],[-74.10451299960904,40.63741600008088],[-74.10446599975337,40.63718199967233],[-74.1043269998362,40.637202000321956],[-74.10355899955708,40.637314999789545],[-74.10313299958474,40.63735300026132],[-74.10301200010923,40.63695299998755],[-74.10298600016996,40.63683200028638],[-74.10285300010057,40.63619699980308],[-74.10268999989394,40.635435000249174],[-74.10252599986242,40.634663000157616],[-74.1035379996407,40.634698999954125],[-74.10398899972739,40.634698999954125],[-74.10454799976914,40.634698999954125],[-74.10552299973749,40.63470100009371],[-74.10550699984395,40.63462500019987],[-74.1054809999047,40.63450100015148],[-74.10572899960182,40.634467999786416],[-74.10591100007501,40.63444400006847],[-74.10591000025009,40.63433999982748],[-74.10590900042519,40.634148000110656],[-74.10547500005691,40.632083999985504],[-74.10567300042362,40.632060000092395],[-74.10598399986993,40.63202200001671],[-74.10576799995987,40.63056899970117],[-74.1053610002541,40.63034099996724],[-74.105213999941,40.630258000292415],[-74.10482899997655,40.62815800002019],[-74.10435799979834,40.62821500001514],[-74.10417200002551,40.627276000285015],[-74.10404900000185,40.626595999872734],[-74.10392099995533,40.62589700029856],[-74.10377899966511,40.625181000027396],[-74.10364599959571,40.62451300004464],[-74.10351699972429,40.623757000145915],[-74.10425599969109,40.62368200030361],[-74.10445300023291,40.622913000070795],[-74.10564400011131,40.62232100025288],[-74.10601599965699,40.62213799966449],[-74.10682199957094,40.62179400004797],[-74.10758499982718,40.62153099988355],[-74.10843500012206,40.621259999924504],[-74.1100150001629,40.62068799991666],[-74.11094400010049,40.621194999999865],[-74.11153400010437,40.621602999979636],[-74.11330900013888,40.62304199967802],[-74.11538999959684,40.6238869997186],[-74.11712699999651,40.62453299971649],[-74.11840599973847,40.62376099971695],[-74.11853200013516,40.6228369997151],[-74.11857200031814,40.62254400019908],[-74.1196689995869,40.62174500009323],[-74.12007799984084,40.621666999924116],[-74.120773000325,40.62229199966405],[-74.12147100028393,40.62287299975084],[-74.12180199982171,40.62351700021767],[-74.12204399967104,40.624183999707306],[-74.12239000017577,40.62411799967243],[-74.12245600029802,40.62410500011242],[-74.12235199964263,40.62377599981079],[-74.12460299987819,40.623342000053036],[-74.12451599983956,40.623028999908605],[-74.1248699998419,40.62300000030898],[-74.12615600015488,40.62289599997181],[-74.12629000004918,40.62383699970308],[-74.1264549999056,40.6238240000884],[-74.12654699996712,40.623816000271816],[-74.12649799956333,40.623463999892834],[-74.12814100025169,40.62333799977506],[-74.1281089995663,40.62309700014311],[-74.12856100037622,40.62305500012674],[-74.12854299993457,40.62291999974927],[-74.12895700021136,40.622892999913766],[-74.12903400020424,40.62326199990295],[-74.13055300014572,40.623095999899526],[-74.13056400001638,40.623171999960526],[-74.13061000004714,40.623494999766315],[-74.13096200039963,40.62347700025941],[-74.13205799984351,40.62338699992485],[-74.13205399964552,40.62366199969503],[-74.13203899957692,40.623754000126596]]]]}},{"type":"Feature","properties":{"zip":"10312","income":67728},"geometry":{"type":"MultiPolygon","coordinates":[[[[-74.21305300023154,40.554890000268884],[-74.21140000039578,40.55564300001408],[-74.20961600014044,40.55616899977454],[-74.20830899991105,40.55652800014357],[-74.20514499963143,40.557346999726974],[-74.20570399967315,40.557502000081485],[-74.20646100008162,40.557590000008545],[-74.20703199981892,40.55761599974772],[-74.20639199958633,40.55810200020606],[-74.20585400035931,40.558453000314614],[-74.20559999991609,40.55858600017825],[-74.20524300043903,40.55874799996834],[-74.20481099972059,40.558901000130504],[-74.20411699995962,40.559046999718305],[-74.20378300004879,40.55907999979605],[-74.20368000011662,40.55910999966647],[-74.2027009999503,40.55929300015471],[-74.202382999933,40.55935400020627],[-74.20211799961912,40.55942099987437],[-74.201869999922,40.559500000171106],[-74.20165800020992,40.55958100003296],[-74.20148099975958,40.55966000014084],[-74.20128300029117,40.559759999927735],[-74.20107800025175,40.55988000015728],[-74.20088599973282,40.56000999976511],[-74.2007009997849,40.560154999843576],[-74.19990699956652,40.5608539997832],[-74.19906300001773,40.56160099985477],[-74.19836000003595,40.562236000243594],[-74.19764799983334,40.5628969998037],[-74.19697300033896,40.563539999707665],[-74.19628399970256,40.564215000092325],[-74.19566399956145,40.564837999831596],[-74.1950610000371,40.5654600001724],[-74.19442400017755,40.566133999887995],[-74.19435600040548,40.5662079997531],[-74.19389799974776,40.56670600001842],[-74.19337800006409,40.56728500008327],[-74.1926829995799,40.56805599972653],[-74.19229900033866,40.56853500021899],[-74.19177999958158,40.569216999886365],[-74.19067400009197,40.57075899968169],[-74.1902599998152,40.5715610003251],[-74.1901190002482,40.572242999859334],[-74.19004300008022,40.5729670000828],[-74.19003700023244,40.57370300017434],[-74.19006800019459,40.574081999746625],[-74.19022300000528,40.57485699999852],[-74.19040999960302,40.57568200006489],[-74.19053199980176,40.57621100008085],[-74.19035900044771,40.57623899993547],[-74.19019000039334,40.57625500004209],[-74.18995900041463,40.57627699967071],[-74.18973099991068,40.576285999981906],[-74.18955799965833,40.576269999882726],[-74.18931300033425,40.57438400010316],[-74.1893889996039,40.57255799968277],[-74.18429299982924,40.57285100000479],[-74.18395200024571,40.5725120000653],[-74.18369799980249,40.57235499970872],[-74.18281999991851,40.572096000071184],[-74.18000799999137,40.57143699991112],[-74.17957199997329,40.571047000038696],[-74.17907700040396,40.56987499971543],[-74.17786600043405,40.5649940003329],[-74.17761799983863,40.56380399989827],[-74.17659400036479,40.563241000235145],[-74.17539900028844,40.562964999799036],[-74.17488799992726,40.56282599971474],[-74.17421799955743,40.56256799983403],[-74.17348500033674,40.562266999853684],[-74.17225500010026,40.56170400022931],[-74.17187799963338,40.56156600005584],[-74.17154299989764,40.56143900014423],[-74.17128599997969,40.56134300002961],[-74.16982700031267,40.56107799988026],[-74.16976899968805,40.56268199974522],[-74.16974500029691,40.56344699987334],[-74.1697240003805,40.563911999800204],[-74.1697019997409,40.56437600015117],[-74.1696599999081,40.56530699998828],[-74.16961700025038,40.566237000111364],[-74.16675799956927,40.566831000048595],[-74.1659430003328,40.56699999975098],[-74.16544600021534,40.56672300007989],[-74.1650069998242,40.56613199974294],[-74.16481199983052,40.565560000166144],[-74.16466500041575,40.56535900028633],[-74.16443899956163,40.565253000160915],[-74.16453099962314,40.56461300027925],[-74.16476599979977,40.56295100016695],[-74.16485299983842,40.56234000011156],[-74.16489200019647,40.56206499984711],[-74.1649929995805,40.56144699992004],[-74.16554999997241,40.560642000109866],[-74.16589399992901,40.56028299996251],[-74.16494099970197,40.56011200003663],[-74.164683999784,40.55901000027358],[-74.16452999979823,40.558306000265645],[-74.1643380001776,40.55759099986744],[-74.16428700012398,40.55734900013454],[-74.16426100018471,40.55722500000577],[-74.16382699981644,40.557269000165796],[-74.16375800021947,40.55695900006657],[-74.16321699972107,40.55693300007224],[-74.16287299976447,40.55696300022228],[-74.16281300038834,40.55673800013437],[-74.16314300010123,40.556691999880684],[-74.16302799957518,40.55623300026268],[-74.16303799962094,40.5561059997888],[-74.16305000021481,40.55594000021416],[-74.16358800034016,40.55592499991166],[-74.16398900019814,40.55591299994018],[-74.16396699955853,40.555807999757036],[-74.16389299993867,40.55545299986843],[-74.1633940001714,40.55331699969472],[-74.16267799977082,40.55179399972944],[-74.16255300009735,40.55122700026307],[-74.16206600002563,40.55129000006168],[-74.16170899965024,40.549511999966505],[-74.16217300015576,40.54944899986029],[-74.16213799999566,40.54928300016353],[-74.16209600016286,40.549084999830825],[-74.16203000004062,40.549091999731914],[-74.16162499998467,40.54913799974629],[-74.16125799956355,40.547449000149996],[-74.16151700002963,40.54741799982201],[-74.16137999976227,40.54712200006277],[-74.16148100004465,40.54708100010829],[-74.16174200016053,40.546986999918076],[-74.16159900004541,40.54671800019882],[-74.16142300031831,40.54679599976428],[-74.16113299989009,40.546414999896115],[-74.15936899972621,40.54732700014137],[-74.1589999996553,40.546811000064075],[-74.15886599976098,40.54625599970255],[-74.15929500010637,40.54602200021223],[-74.15927099981693,40.54597900020241],[-74.15894899960165,40.54539499995448],[-74.15882399992817,40.5453889997081],[-74.15800899979341,40.544564999675174],[-74.15832799963563,40.54433800013596],[-74.15821100035807,40.54421599992139],[-74.15807699956545,40.54407799988086],[-74.15789800036364,40.54389700025747],[-74.15780100027925,40.54379800005284],[-74.15744700027693,40.5440070003132],[-74.15633000001836,40.5428729998827],[-74.15668099964765,40.54266699974252],[-74.1565860001114,40.54256999993434],[-74.15650999994341,40.54249300031033],[-74.15644499964608,40.542426000086714],[-74.15632400017057,40.542302000311146],[-74.15595000007676,40.542517000282416],[-74.15488700024487,40.541426000114775],[-74.15402299970629,40.540558000291654],[-74.1543900001274,40.540340999943844],[-74.15424399963922,40.54019399972728],[-74.15412099961557,40.54006999991606],[-74.15375499991768,40.54027599985073],[-74.15240199965756,40.5389069998415],[-74.1527420003145,40.538679000101936],[-74.1526379996591,40.5385730000606],[-74.15249299989415,40.5384260000606],[-74.15230299992335,40.5382320003099],[-74.15221400023489,40.53814000028803],[-74.15186400043055,40.53836000001135],[-74.15163199972862,40.53812900000984],[-74.15080599972319,40.53765599999218],[-74.15110600019716,40.537327999722265],[-74.15070299979102,40.53710599969403],[-74.15051000034549,40.53726300011919],[-74.15006599993148,40.53700200022732],[-74.1498700001129,40.537209000201464],[-74.14729199963918,40.53575599986651],[-74.14723399991284,40.5357870001303],[-74.14695000023073,40.53593900000474],[-74.14609499991298,40.53551899999675],[-74.14712699978273,40.535233000103574],[-74.14793299969668,40.5348999999549],[-74.14855000036304,40.53461599987154],[-74.14922599968234,40.534244999706566],[-74.1493980001098,40.53411399970779],[-74.14953299982902,40.534035999712],[-74.14970899955611,40.53395299993179],[-74.14978200024935,40.53385999996548],[-74.14979700031797,40.533720000007726],[-74.14978200024935,40.53366299999964],[-74.14976100033296,40.53361099966253],[-74.14973500039368,40.53354899983804],[-74.14973500039368,40.533485999737394],[-74.14982300025723,40.533388000069976],[-74.15003999999222,40.533216999735714],[-74.15053700010967,40.532778999704036],[-74.15070000031629,40.53259400002932],[-74.15072600025556,40.53257899995949],[-74.15082400016485,40.53255799985612],[-74.15088100006626,40.532574000163024],[-74.15099499986908,40.53266200007616],[-74.15108299973262,40.532728999823846],[-74.15125199978702,40.53268000013723],[-74.15151899975073,40.53249999999156],[-74.15159400009378,40.53244399986277],[-74.1516590003911,40.53239699975514],[-74.15177200036901,40.53230300012374],[-74.1518839996237,40.53222800009811],[-74.15200599982244,40.5321630003266],[-74.15214700028774,40.532105999676794],[-74.15243699981765,40.532031000113385],[-74.15263400035947,40.53192799983884],[-74.15293399993512,40.5316660000841],[-74.15355300025132,40.53113100017086],[-74.15417199966919,40.53066299984803],[-74.15433099967787,40.53052199977538],[-74.15435900016524,40.53043800015755],[-74.15457500007531,40.53025899971859],[-74.15460299966443,40.530240999689966],[-74.1546589997409,40.53014699976527],[-74.15480000020622,40.530194000085494],[-74.15489399991755,40.53020299976532],[-74.15505299992623,40.53018400013633],[-74.15519400039152,40.53008099975389],[-74.1554189996241,40.52991199971813],[-74.15559699989934,40.52973400019728],[-74.15580299976367,40.52952799993915],[-74.15607499975022,40.52928399996761],[-74.1564310003007,40.52893799998481],[-74.15652500001202,40.52890000000411],[-74.15665100040871,40.52893299991673],[-74.15690900015159,40.52897500034059],[-74.15697500027382,40.52898400018414],[-74.15711599984081,40.528918999997146],[-74.15743399985813,40.52876899979771],[-74.1575369997903,40.52872199984363],[-74.15775299970036,40.528627999836694],[-74.15795899956468,40.528524999793845],[-74.15806200039515,40.52842200027552],[-74.15823099955125,40.528272000329295],[-74.15848400016955,40.52804599982177],[-74.15904700040925,40.52770900029008],[-74.15932799971834,40.52752199965886],[-74.15950599999356,40.52740000022909],[-74.15956200007008,40.52735299999776],[-74.15967500004798,40.52732500017843],[-74.15970299963706,40.52734399993518],[-74.15973100012447,40.52737199974658],[-74.1598829995621,40.5273690001819],[-74.15994399966148,40.52736399999676],[-74.16001099960862,40.527343000307496],[-74.16005599981447,40.52734500024566],[-74.1600840003019,40.52736099974892],[-74.1601069998681,40.52738099980544],[-74.16013100015753,40.52740200016559],[-74.16016799996748,40.527448000053624],[-74.16020700032553,40.527508000127334],[-74.16026500005184,40.527553000318036],[-74.16030400040991,40.52755599987447],[-74.16034100021983,40.527550000078676],[-74.1604089999919,40.52753000007263],[-74.16047500011413,40.52750400026063],[-74.16061800022926,40.527466999775534],[-74.1606919998491,40.527433999823856],[-74.16081499987276,40.527378999868304],[-74.16087500014723,40.527347999811404],[-74.16093500042166,40.52731099992299],[-74.16119900001232,40.5271859998535],[-74.16127099998234,40.52715999990808],[-74.16133799992949,40.527128000119006],[-74.16139800020393,40.527091999740534],[-74.16152700007538,40.52702899971453],[-74.16158200032696,40.52701300013199],[-74.16164699972597,40.527013999764634],[-74.1616919999318,40.527024000186785],[-74.16182699965103,40.52707099996603],[-74.16196700029143,40.52710400009644],[-74.16209799981269,40.5271570003339],[-74.16214399984344,40.52718000002456],[-74.1622259998592,40.527202000077516],[-74.16227199988995,40.52719400030743],[-74.16232999961626,40.52716599973882],[-74.16238499986788,40.52712600017432],[-74.16244099994435,40.52709500000038],[-74.1625070000666,40.5270679997051],[-74.16256499979292,40.527037000187114],[-74.16276300015964,40.52694400018169],[-74.1628950004041,40.52689000014129],[-74.16301800042775,40.52681700015664],[-74.1631260003828,40.526761000058386],[-74.16317200041355,40.52671499969886],[-74.16322699976682,40.52667499986518],[-74.16340900024001,40.52656699999026],[-74.16351600037012,40.52649499997698],[-74.16356400005071,40.52645199972351],[-74.16371999968632,40.52635000007581],[-74.16378900018161,40.52633400033124],[-74.16404399955141,40.52629400027018],[-74.16419400023756,40.52628399973909],[-74.16436300029196,40.52628399973909],[-74.16461600001196,40.52619100005435],[-74.16484100014284,40.52605899968557],[-74.16499099993067,40.525947000224086],[-74.165196999795,40.525740999933284],[-74.16530899994798,40.5256380002332],[-74.1656189995694,40.5255340000374],[-74.16594699963245,40.52537500012863],[-74.16615300039508,40.52527199986616],[-74.16688399996596,40.52480699995924],[-74.16715599995253,40.52462499981484],[-74.16753099987125,40.524400000337536],[-74.16779399963698,40.52425000026639],[-74.1680189997679,40.524156000132656],[-74.16818799982228,40.52408099986608],[-74.16841299995319,40.524015000026345],[-74.16854400037276,40.52400600019833],[-74.16865599962742,40.52397799966355],[-74.16876899960535,40.523883999831206],[-74.16886300021497,40.52380000008742],[-74.16899399973623,40.52363099991815],[-74.16907800030013,40.52355599974695],[-74.1692380001337,40.52346299969119],[-74.16950000007452,40.523340999701404],[-74.16963099959577,40.52325600027135],[-74.16994100011549,40.52312499995857],[-74.1700340000019,40.52308799978738],[-74.17018399978973,40.52304999990399],[-74.17047500004287,40.523058999860375],[-74.17070000017377,40.523153000166815],[-74.17084099974078,40.52330299996152],[-74.1710750000925,40.52349099975827],[-74.17119700029123,40.52347200027493],[-74.17173100021861,40.523340999701404],[-74.17200599967991,40.523263000140155],[-74.17275300004262,40.52287899982093],[-74.17346600007016,40.52243100008245],[-74.17600600001074,40.520688000163595],[-74.17642799978512,40.520340999775726],[-74.17678400033559,40.520003000006945],[-74.1772999998213,40.51958100033202],[-74.17747800009654,40.519384000046834],[-74.1774970003631,40.51933800008751],[-74.17752499995221,40.51929099966593],[-74.17760000029527,40.51928100013866],[-74.17768399996086,40.51935600031286],[-74.17773099981653,40.51939400024162],[-74.17775900030394,40.5194309997203],[-74.17788999982518,40.519462000024475],[-74.17807800014617,40.51957199990873],[-74.17815299959094,40.5196279998674],[-74.17824700020057,40.5196279998674],[-74.17835000013274,40.51965600017065],[-74.17842499957749,40.519815999727975],[-74.1784530000649,40.51989999968407],[-74.17857500026362,40.51997499984865],[-74.17871599983062,40.52005900028845],[-74.17891300037242,40.52010600017157],[-74.17915600004669,40.520078000056294],[-74.17925899997883,40.520096999818776],[-74.17955000023198,40.52037800009743],[-74.17988800034078,40.52051899965982],[-74.1799810002272,40.52052799995601],[-74.18038399973501,40.520547000273815],[-74.18071299962297,40.52059399981476],[-74.1810590001277,40.52065899988116],[-74.18138800001569,40.52064100000563],[-74.18165900017733,40.520527999956016],[-74.18175299988867,40.52049099971706],[-74.18194100020963,40.52038800014397],[-74.1820440001418,40.520350000095775],[-74.18219399992964,40.52034099977574],[-74.18230600008262,40.5202839999968],[-74.18257800006919,40.5201249999261],[-74.18287799964484,40.51997499984865],[-74.18316800007307,40.51990400000455],[-74.18362400018265,40.52056599990332],[-74.1838240001992,40.5208550001095],[-74.18494099955944,40.52040999969483],[-74.18767300001896,40.519456999932316],[-74.18822700003783,40.52020100025603],[-74.18874699972149,40.520887999885986],[-74.19000399972215,40.52257200010657],[-74.18922499957239,40.52285300025326],[-74.18846800006226,40.52312799971319],[-74.1895769999249,40.524679999981856],[-74.19114100007221,40.52686000017593],[-74.19231000020932,40.5263809999115],[-74.19322800027626,40.52600399996731],[-74.195386999552,40.5288919997539],[-74.19564500019318,40.52923699969198],[-74.19456800011758,40.530435000047376],[-74.19453999963018,40.530620000220495],[-74.19497900002133,40.53043699989324],[-74.19608399968602,40.52991199971813],[-74.19632700025858,40.530368000054295],[-74.19675900007873,40.531105999962016],[-74.19711599955576,40.53177000032306],[-74.1974839998018,40.5324209999304],[-74.19871800023624,40.53210500012008],[-74.19962500043253,40.5319210001923],[-74.20023499962959,40.53185300007625],[-74.2021450002816,40.53185199983306],[-74.20289000009619,40.53171199977642],[-74.20296200006624,40.531986999756974],[-74.20299700022632,40.532119000056845],[-74.20301999979253,40.53220600032957],[-74.20309299958748,40.532483000115896],[-74.20070499998286,40.533207000237695],[-74.2003560000034,40.533383000333835],[-74.19995400032052,40.53360100022327],[-74.19966200024247,40.53376999983112],[-74.19930999988995,40.533984999875656],[-74.19891200040499,40.534247000121454],[-74.19858099996888,40.53448099978237],[-74.19887200022202,40.53515399985105],[-74.1992220000264,40.53583500009196],[-74.19954500006659,40.53648299996369],[-74.1998499996651,40.53718000024029],[-74.20016600003262,40.537851000199105],[-74.2004689999813,40.5385300000475],[-74.20075199983852,40.53921399982502],[-74.20104800011453,40.5398970000052],[-74.20134799969019,40.540546000297084],[-74.20143599955374,40.540743999932786],[-74.20153500018624,40.540965000086544],[-74.2010880002975,40.54108999971173],[-74.20171000008844,40.54248400023324],[-74.20182800008922,40.54248099997972],[-74.20184700035578,40.54247799972604],[-74.20195299976268,40.54246299982114],[-74.2020740001365,40.54242899966005],[-74.20218200009154,40.54238199973019],[-74.20272400041483,40.54350600027264],[-74.20309799961035,40.54429000012282],[-74.20361700036743,40.544146999936686],[-74.20423800033345,40.543993000129966],[-74.20509799977576,40.5437910002811],[-74.2061289998206,40.54354200002444],[-74.20646500027958,40.54410899970701],[-74.20680000001533,40.54488899981384],[-74.20708500042069,40.545605000047836],[-74.20764699993717,40.54692900025778],[-74.20827100027623,40.5485269999012],[-74.20857000002697,40.54926099985211],[-74.20888100037159,40.54997499981678],[-74.20921100008448,40.55086900009804],[-74.20951700040624,40.55160300031662],[-74.2098310002256,40.552423999952],[-74.21012900015143,40.553177000128606],[-74.21040699998576,40.553779999855784],[-74.21078799975227,40.55474800009393],[-74.21094500011111,40.555054999819994],[-74.2129150001393,40.55426099995075],[-74.21308199964555,40.55464900023112],[-74.21316399966132,40.554838999928315],[-74.21305300023154,40.554890000268884]]]]}},{"type":"Feature","properties":{"zip":"10314","income":59560},"geometry":{"type":"MultiPolygon","coordinates":[[[[-74.20502800035386,40.58172399983006],[-74.20364199958348,40.58531699973991],[-74.20410699991388,40.58679200011875],[-74.20438399992331,40.58841299968048],[-74.2040590002333,40.58963300026664],[-74.20233600007731,40.59148300001726],[-74.19905600034505,40.59489899993113],[-74.19800000018584,40.59661700018679],[-74.19739299956521,40.59687800029027],[-74.19743799977105,40.59846000022764],[-74.19702299966936,40.59875899987944],[-74.19704000028611,40.599983000265226],[-74.19838199977727,40.60067899983777],[-74.19879100003118,40.600891000208065],[-74.19945200018017,40.60180599993874],[-74.20014900031417,40.603682999910326],[-74.2026299998052,40.60586099995745],[-74.20231299961279,40.60888700018699],[-74.20245999992588,40.609740999820474],[-74.20235799981863,40.613155000269174],[-74.20077199993001,40.61423000025817],[-74.20044499969185,40.61607799988263],[-74.20038299976758,40.61643099997671],[-74.20129199961369,40.619045999878736],[-74.20109099977223,40.62019899978971],[-74.20157600019414,40.62304199967802],[-74.20167199955529,40.62360499990511],[-74.20154500023197,40.625019999731194],[-74.20145999984318,40.62595000005637],[-74.20115500024465,40.629351000005755],[-74.20051400018716,40.63147099989736],[-74.19933699965412,40.63288600008985],[-74.19876599991682,40.63313800019249],[-74.19848600043264,40.633057000092805],[-74.19787399978915,40.63281299978776],[-74.19747600030419,40.632785999861355],[-74.19736499997613,40.632826999795874],[-74.19713099962438,40.6331010001423],[-74.19698199966146,40.63316999975876],[-74.19651700022938,40.63335500029516],[-74.19645000028223,40.63344099979514],[-74.1964610001529,40.633509999741946],[-74.19676800029954,40.633696000102866],[-74.19684100009447,40.63385699993465],[-74.1968290003989,40.63402399985806],[-74.19657900015365,40.63436300018967],[-74.19662600000932,40.634455000195906],[-74.1967859998429,40.634532999746185],[-74.19598800032486,40.63517199994626],[-74.19251799972346,40.6333639997407],[-74.19242499983704,40.63330700005045],[-74.19231400040728,40.63324900022002],[-74.19241700033945,40.633183000281164],[-74.19270600004444,40.632973999703545],[-74.1935060001106,40.63260600029961],[-74.19483099988332,40.632101999899774],[-74.19511899976341,40.631937000163695],[-74.19538599972711,40.631651999907255],[-74.19543599995582,40.631503999698424],[-74.19540699964351,40.63139900021281],[-74.19527000027446,40.63126200009666],[-74.19501099980839,40.63112900019284],[-74.19474399984468,40.6310630002037],[-74.19409500028956,40.63105800026388],[-74.19327400030703,40.6311570002305],[-74.19284099976366,40.63118400013393],[-74.19260200028737,40.6311510001747],[-74.19240200027083,40.631058000263856],[-74.19220700027715,40.630848999852276],[-74.19210599999482,40.63057999978526],[-74.1920769996825,40.63030600000195],[-74.19201899995618,40.62988299992529],[-74.19198299997117,40.629569999755425],[-74.19204099969748,40.62910299986105],[-74.19204099969748,40.62892699985938],[-74.19192600006977,40.62877300015917],[-74.1917379997488,40.62864699983043],[-74.19156500039476,40.6286030002548],[-74.19135600015737,40.62864199970968],[-74.19112600000359,40.62874599996263],[-74.19087300028363,40.628960000235864],[-74.19082300005489,40.629009999824966],[-74.19038299983883,40.629777999935996],[-74.19021700015752,40.6299599999034],[-74.18979799985783,40.63063000020667],[-74.18965399991778,40.63075000011079],[-74.18945999974902,40.63082699977093],[-74.18933000005268,40.63083299985579],[-74.18909200040132,40.63074500014746],[-74.18893400021756,40.63063000020668],[-74.1888039996229,40.63035499981186],[-74.18871699958427,40.62971800016018],[-74.18858799971284,40.629459999896234],[-74.18845200016872,40.629306000061625],[-74.18824200010643,40.62921300030828],[-74.188113000235,40.629201999999026],[-74.18793900015773,40.629245999861745],[-74.18670399989838,40.630108000125546],[-74.18653099964604,40.630209999866615],[-74.18646200004905,40.63024999988297],[-74.18642000021624,40.63029399973694],[-74.18447899960206,40.629227999859395],[-74.1835160002276,40.62876500025357],[-74.18167900026883,40.62778999998232],[-74.18031500013804,40.62695900010712],[-74.17884499970206,40.62610599984549],[-74.17766999971717,40.62506600005023],[-74.17782200005311,40.62499600002642],[-74.17792400016039,40.62494900012516],[-74.1785519997991,40.624661000065785],[-74.17766800006734,40.62324100029085],[-74.17757000015806,40.6230080002233],[-74.17748300011941,40.62275499982648],[-74.17742000037022,40.622520999856846],[-74.17736599994356,40.62225200033581],[-74.17733599980632,40.62201400029235],[-74.17732699958549,40.62187200006874],[-74.17732400011077,40.621816999958654],[-74.17731999991281,40.621758000112564],[-74.17731999991281,40.62173300033538],[-74.17732499993566,40.621469999930795],[-74.1773480004002,40.6212080001262],[-74.17739000023299,40.620949000121335],[-74.17906099961213,40.616005000300795],[-74.17923999971227,40.61554199972229],[-74.1794320002312,40.61509800011415],[-74.17962600039996,40.614687999898344],[-74.1798399997619,40.61427500013112],[-74.18011900031946,40.613786000114295],[-74.18035799979575,40.613399000111855],[-74.18062599958435,40.612995999735666],[-74.18101200027205,40.61246400032929],[-74.18116500043291,40.61228800012654],[-74.18135299985558,40.61209900029148],[-74.1815799996363,40.61190100031301],[-74.18182499985868,40.61171700008955],[-74.18207000008107,40.61155899996029],[-74.18223999996039,40.61146000026724],[-74.18246400026636,40.61130800000536],[-74.18269900044301,40.61112799984028],[-74.18292000037594,40.61093900013392],[-74.18312000039248,40.610746999971454],[-74.18329500029468,40.610559000300775],[-74.18345599995315,40.610365999976246],[-74.18356200025836,40.610224999980346],[-74.18195299990519,40.60973299968127],[-74.18178800004877,40.609682999983164],[-74.18122200033433,40.6095550002582],[-74.18015600012939,40.609287999893525],[-74.18004800017435,40.60950199976748],[-74.17991299955682,40.60980399977483],[-74.17979499955605,40.610111999681855],[-74.17969400017202,40.61043299971036],[-74.17961299998117,40.61074799971802],[-74.17955000023198,40.61107299974997],[-74.17950599985105,40.6114179997539],[-74.17948599975955,40.61169600025788],[-74.17948199956159,40.61194900025833],[-74.1794809997367,40.61204000004581],[-74.17946300019334,40.6121529998118],[-74.17941399978955,40.61238799967867],[-74.17935600006322,40.61259699989607],[-74.17928099972015,40.612818000139235],[-74.17916600009242,40.613085999749615],[-74.1790310003732,40.61334599994228],[-74.17889400010586,40.61356800014017],[-74.17845200023999,40.614246999834904],[-74.17788200032759,40.615123000328694],[-74.17743899973848,40.61580399992828],[-74.17740899960125,40.615851999797385],[-74.17615699962347,40.61779599995113],[-74.1759969997899,40.61802699983119],[-74.17583000028364,40.618236999772876],[-74.17561799967322,40.61847500031792],[-74.17540799961093,40.61868300027762],[-74.17519699972374,40.618868999660315],[-74.17498300036182,40.61904099972107],[-74.17478400017018,40.61918999989539],[-74.17451800003141,40.61937099977903],[-74.17423199980112,40.61954600011942],[-74.17396099963948,40.61969400023658],[-74.17368100015531,40.61983300012175],[-74.17335499974207,40.61997600019713],[-74.17305299961829,40.620096000153],[-74.17270100016408,40.620217000179984],[-74.17242099978162,40.62030000006046],[-74.17211299981004,40.62037900006451],[-74.17183199960263,40.6204400003317],[-74.1715250003543,40.62049500021188],[-74.17121499983458,40.62053899967432],[-74.17090299966505,40.62057200010443],[-74.17059999971636,40.62059200027455],[-74.17026400015568,40.62060299995638],[-74.16990900032843,40.620599000196265],[-74.16956700002167,40.620582999789605],[-74.16918700008009,40.62054699988337],[-74.16890900024575,40.62095700028131],[-74.16886300021497,40.62102400030502],[-74.16880799996339,40.62108999998789],[-74.16872500012272,40.621208999716224],[-74.16848200044846,40.62156199997229],[-74.1668300004376,40.62086199993914],[-74.165344999933,40.620231999705965],[-74.165168000381,40.62091200013608],[-74.16510100043385,40.62118100028053],[-74.1649850000829,40.621619000141976],[-74.1647890002643,40.62158100026155],[-74.1647390000356,40.621702999908614],[-74.16464299977613,40.62183199980723],[-74.16406799984087,40.62192099993035],[-74.16257200036392,40.62167300015019],[-74.16246100003586,40.6221790000001],[-74.16238499986788,40.62238800027218],[-74.16232899979137,40.622380999856006],[-74.16234200021016,40.622337999816395],[-74.16240499995934,40.62197100001643],[-74.15699500036531,40.62158800007966],[-74.15154100039035,40.62120199985843],[-74.15130600021371,40.62135299984312],[-74.15094800001341,40.62158800007964],[-74.15067000017908,40.621836000175385],[-74.1503210001996,40.62215000003138],[-74.15000599965703,40.622434999930086],[-74.14961400001987,40.62279299972083],[-74.14950299969178,40.6229229998061],[-74.14939100043709,40.62310300024072],[-74.14924099975097,40.62332899966013],[-74.1491510002376,40.62359800029841],[-74.14909000013822,40.6237239999257],[-74.14898800003097,40.6241899997072],[-74.14876799992294,40.62510399999345],[-74.14669999998547,40.62491400006114],[-74.1463290002647,40.624922999962465],[-74.14614500014167,40.62493000011213],[-74.14633599993739,40.62441600022139],[-74.14648700044845,40.62399099987636],[-74.14674199981826,40.62354600027465],[-74.1470539999878,40.62297100001488],[-74.14738899972355,40.62247600008341],[-74.14769000002244,40.622072000335244],[-74.14822700032286,40.621502000315346],[-74.14793199987177,40.62133600002898],[-74.14721800001934,40.62093200020433],[-74.14743700030246,40.62070900033137],[-74.14750199970146,40.620643000272054],[-74.14690400019998,40.62031700013829],[-74.1466949999626,40.62033400021174],[-74.14658500035775,40.62034300004838],[-74.14508800015757,40.62027999980296],[-74.14509400000537,40.62023100010133],[-74.14513699966307,40.619903999711056],[-74.14495000006531,40.61990100020056],[-74.14467999972858,40.61989699971649],[-74.14476699976721,40.619225999851004],[-74.14479299970648,40.619047000182945],[-74.14512999999036,40.61905899974143],[-74.14526499970958,40.61906399989778],[-74.14529599967172,40.618778000309305],[-74.14553699969615,40.618670999969765],[-74.14658600018265,40.61868500021512],[-74.14664499973388,40.61854400004527],[-74.14691199969758,40.617902000007064],[-74.1469059998498,40.617462999993606],[-74.14690099982691,40.6170509999851],[-74.14603499963853,40.61701300023368],[-74.14512400014259,40.61696600017033],[-74.14419500020502,40.61687100028945],[-74.14326200006943,40.61674100001825],[-74.14233700032979,40.61660799983567],[-74.14221400030615,40.617755000334704],[-74.14215099965865,40.6181879999364],[-74.1416469998685,40.618114000296245],[-74.14142699976047,40.61886600010334],[-74.14135300014063,40.61977399988695],[-74.14155999982987,40.61980800030596],[-74.14190799998441,40.61986699982885],[-74.14187899967209,40.62009100007391],[-74.14178300031092,40.62084199984987],[-74.14167899965555,40.621627000221714],[-74.14029199995855,40.62140700006641],[-74.13942199957219,40.62127800002884],[-74.13937800008958,40.621542999677644],[-74.13932600021104,40.62186700012258],[-74.1386130001835,40.62177299997438],[-74.13836700013621,40.62173800029156],[-74.13756100022226,40.621632999769496],[-74.13754000030586,40.62178200029896],[-74.1375079996205,40.62201400029235],[-74.13704099964028,40.62196700033821],[-74.13689300040058,40.623086999752005],[-74.13643999976573,40.62312500013935],[-74.136401000306,40.62341400024251],[-74.13639399973498,40.62346699992518],[-74.13569300030133,40.62306499984086],[-74.13555500020908,40.62298600028615],[-74.13471499995994,40.622523999931545],[-74.13401100015324,40.622143000272196],[-74.13385799999237,40.622059999954324],[-74.1339869998638,40.62116300015009],[-74.13375699971004,40.621136999877265],[-74.13304700005554,40.62108800012247],[-74.13231499976145,40.62104300006544],[-74.13180400029859,40.62102100016293],[-74.13190700023075,40.62165399988708],[-74.1315170002434,40.62168400033593],[-74.13153599961167,40.62199800022461],[-74.13126000032547,40.62201999980538],[-74.13140000006756,40.62297700012377],[-74.13101500010309,40.623005000170274],[-74.13102900034679,40.623114000190924],[-74.13067000032159,40.6231409999371],[-74.13066199992566,40.62308499994635],[-74.13055300014572,40.623095999899526],[-74.12903400020424,40.62326199990295],[-74.12895700021136,40.622892999913766],[-74.12854299993457,40.62291999974927],[-74.12856100037622,40.62305500012674],[-74.1281089995663,40.62309700014311],[-74.12814100025169,40.62333799977506],[-74.12649799956333,40.623463999892834],[-74.12654699996712,40.623816000271816],[-74.1264549999056,40.6238240000884],[-74.12629000004918,40.62383699970308],[-74.12615600015488,40.62289599997181],[-74.1248699998419,40.62300000030898],[-74.12451599983956,40.623028999908605],[-74.12460299987819,40.623342000053036],[-74.12235199964263,40.62377599981079],[-74.12245600029802,40.62410500011242],[-74.12239000017577,40.62411799967243],[-74.12204399967104,40.624183999707306],[-74.12180199982171,40.62351700021767],[-74.12147100028393,40.62287299975084],[-74.120773000325,40.62229199966405],[-74.12007799984084,40.621666999924116],[-74.1196689995869,40.62174500009323],[-74.11878900005313,40.61981400001713],[-74.11850600019591,40.619193000119715],[-74.1181820003308,40.61852900014026],[-74.11793499956029,40.61784500007507],[-74.11470400023181,40.61807500014877],[-74.11452500013165,40.617459999691576],[-74.11443999974286,40.6166470001576],[-74.11439500043531,40.61583699996985],[-74.11435100005438,40.61515899974827],[-74.11414600001498,40.61374200029565],[-74.11337500026112,40.61380499988755],[-74.11319600016098,40.613051000289],[-74.11318699994015,40.612995999735666],[-74.11316000017597,40.61292600001989],[-74.11311800034318,40.61285900005767],[-74.11306100044176,40.61279799968752],[-74.1129939995963,40.612746999838414],[-74.1129090001058,40.61270099990101],[-74.11312300036606,40.612650999695894],[-74.11308200035816,40.612455000113236],[-74.11298500027378,40.611427999846036],[-74.11296099998435,40.61116999985397],[-74.1127600001429,40.61113799997582],[-74.112162999568,40.61098900025617],[-74.11148499970058,40.61077399994241],[-74.11134699960832,40.610731999679835],[-74.11095599979606,40.610617999808234],[-74.11040400032532,40.61047099979439],[-74.11010800004932,40.610410999723605],[-74.10996199956114,40.61039199966733],[-74.10915300017245,40.61031300012875],[-74.10806100002824,40.610279000333115],[-74.10791999956292,40.61027400020125],[-74.10742199962057,40.61029199985587],[-74.1066509998667,40.61034600015453],[-74.10610600006868,40.61037499979171],[-74.10578899987628,40.610391999667314],[-74.1055090003921,40.61040700003526],[-74.10539999971384,40.61041299990872],[-74.10534899966024,40.61021499970811],[-74.10543400004903,40.60982699972173],[-74.10717599957327,40.60965900022391],[-74.10809700001326,40.60942899982055],[-74.10853399985626,40.609293000099164],[-74.1087830002766,40.60912199994636],[-74.10901500008018,40.60889000019205],[-74.10905500026315,40.608732999974826],[-74.11009600035375,40.60872600017374],[-74.11031800011159,40.60858100032972],[-74.1106289995579,40.60830999966948],[-74.11087999962808,40.6080920002433],[-74.11100699984968,40.60782699975173],[-74.11120199984337,40.607136999756804],[-74.11113200042146,40.60666299986075],[-74.11119299962253,40.60623699996923],[-74.11168700026528,40.60566399973253],[-74.11241799983611,40.605639000070994],[-74.11282899973986,40.605369000265966],[-74.11336100001742,40.60490399997732],[-74.11366399996614,40.60453799972759],[-74.11394400034861,40.60409899988897],[-74.11419200004573,40.60360200023634],[-74.11434000018373,40.60319000001316],[-74.1142599998178,40.602711000072205],[-74.1141960002437,40.60243500012656],[-74.11487099973806,40.602136999740964],[-74.11684400013931,40.60189500013939],[-74.11678200021503,40.60117299972943],[-74.11672500031361,40.600457999691486],[-74.11670799969686,40.59974900033934],[-74.1166409997497,40.59906199992565],[-74.1178159997346,40.59902600001912],[-74.11781699955951,40.598385999883824],[-74.11942799956248,40.5983600002966],[-74.11945000020211,40.598975999813526],[-74.11947100011851,40.59970099981608],[-74.11949500040797,40.60042600014058],[-74.11953700024074,40.60113100025345],[-74.1195759997005,40.60181699998529],[-74.1205959998747,40.60181000014192],[-74.12056999993541,40.6012360002581],[-74.1205540000419,40.60102299972581],[-74.12077199960179,40.600671999875175],[-74.1222939999163,40.5996869996854],[-74.12264299989577,40.5994190002236],[-74.12578899973376,40.59426699979566],[-74.1262850000263,40.59345499981156],[-74.1263849995854,40.59072500011157],[-74.12782099968621,40.589437000033605],[-74.12779999976982,40.58831900022266],[-74.12778200022647,40.587449000291464],[-74.1291019999763,40.586291000284994],[-74.12898099960248,40.58536199997819],[-74.12893700011989,40.58501400016725],[-74.12914100033437,40.58416499984183],[-74.12917800014428,40.58404000012769],[-74.12924000006858,40.58391000012261],[-74.12932200008434,40.58378799969908],[-74.12942400019159,40.583675999886054],[-74.13039999998485,40.582759000034336],[-74.1305449997498,40.58289899981453],[-74.13072200020012,40.58304299994546],[-74.13090700014804,40.583169000317405],[-74.13109899976867,40.583277999825],[-74.13125399957937,40.58335500030269],[-74.13146399964167,40.583441000040345],[-74.13165100013772,40.58350400022226],[-74.13187299989559,40.58356500003856],[-74.1319740001779,40.58358699999229],[-74.13216099977565,40.583608999938676],[-74.1323170003096,40.58363599995612],[-74.13248100034112,40.58367499973458],[-74.13266200009107,40.58372999985583],[-74.13282699994753,40.58379299976554],[-74.1329929996289,40.583870999798926],[-74.13316599988121,40.58397000010385],[-74.13329399992774,40.584056999878776],[-74.13343399966985,40.58416899973607],[-74.13351999988356,40.584249000298946],[-74.13360000024952,40.58436099983478],[-74.13366200017379,40.584484000034706],[-74.13370200035676,40.58461200001371],[-74.13371900007519,40.58471999976285],[-74.13372099972501,40.584836999862844],[-74.13370099963352,40.58496800024493],[-74.1336629999987,40.585086000041464],[-74.1336279998386,40.58516100022591],[-74.13356799956415,40.58527499985412],[-74.13352900010439,40.585391000221804],[-74.133508000188,40.58551399989205],[-74.13350900001291,40.58564799999633],[-74.1335359997771,40.585784000072074],[-74.13358400035597,40.58590699970179],[-74.13365200012804,40.58602399977193],[-74.13374599983936,40.58613799997573],[-74.13384899977153,40.586232999883414],[-74.13394000000812,40.58629899981889],[-74.13408399994817,40.58638300032467],[-74.13866699971187,40.589020000153475],[-74.13909600005725,40.589003000299506],[-74.13948199984664,40.58897799986433],[-74.13996399989549,40.58893300001262],[-74.14040999995935,40.58887700000314],[-74.14084199977948,40.58880999980847],[-74.14101000000895,40.588780000290065],[-74.14136099963824,40.58875499977159],[-74.14177599973992,40.58873699977449],[-74.14194899999228,40.588734000229294],[-74.14207700003881,40.58873200007762],[-74.14273900001274,40.58870199984202],[-74.1427819996704,40.58869999968938],[-74.14419900040296,40.58863700030876],[-74.14583399979708,40.588564000085924],[-74.14632199969371,40.58607000033234],[-74.14761999970223,40.58501900014207],[-74.14880300008306,40.58405699987876],[-74.14963199956321,40.583369999915845],[-74.15252800005425,40.58061700015385],[-74.15309799996665,40.58025099998272],[-74.15370999971185,40.57987199987796],[-74.15417300039242,40.57959800022727],[-74.15476800041917,40.579252000200455],[-74.15537799961623,40.57891199972047],[-74.15614599989534,40.578500000178416],[-74.15641500040716,40.57835100002897],[-74.15734299962153,40.57783899984335],[-74.1591560001892,40.5767910000378],[-74.16034799989254,40.576149000117375],[-74.16179099966601,40.575370000082216],[-74.16393399994656,40.574174000202945],[-74.16455499991258,40.573787000122486],[-74.16468100030927,40.573717000286734],[-74.16622199999206,40.57285600020639],[-74.16667700027672,40.57260199999933],[-74.16778199994143,40.57199800026041],[-74.16845200031123,40.571633999999136],[-74.16983499981028,40.57087899998108],[-74.1696049996565,40.56664900010185],[-74.16961100040261,40.56644300008239],[-74.16961700025038,40.566237000111364],[-74.1696599999081,40.56530699998828],[-74.1697019997409,40.56437600015117],[-74.1697240003805,40.563911999800204],[-74.16974500029691,40.56344699987334],[-74.16976899968805,40.56268199974522],[-74.16982700031267,40.56107799988026],[-74.17128599997969,40.56134300002961],[-74.17154299989764,40.56143900014423],[-74.17187799963338,40.56156600005584],[-74.17225500010026,40.56170400022931],[-74.17348500033674,40.562266999853684],[-74.17421799955743,40.56256799983403],[-74.17488799992726,40.56282599971474],[-74.17539900028844,40.562964999799036],[-74.17659400036479,40.563241000235145],[-74.17761799983863,40.56380399989827],[-74.17786600043405,40.5649940003329],[-74.17907700040396,40.56987499971543],[-74.17957199997329,40.571047000038696],[-74.18000799999137,40.57143699991112],[-74.18281999991851,40.572096000071184],[-74.18369799980249,40.57235499970872],[-74.18395200024571,40.5725120000653],[-74.18429299982924,40.57285100000479],[-74.1893889996039,40.57255799968277],[-74.18931300033425,40.57438400010316],[-74.18955799965833,40.576269999882726],[-74.18973099991068,40.576285999981906],[-74.18995900041463,40.57627699967071],[-74.19019000039334,40.57625500004209],[-74.19035900044771,40.57623899993547],[-74.19053199980176,40.57621100008085],[-74.19054799969528,40.57628200029863],[-74.19064200030492,40.57668500028],[-74.19068999998551,40.57687200012572],[-74.1908099996361,40.57739299968661],[-74.19208099988046,40.577509000077754],[-74.19501699965616,40.57947700034057],[-74.19953800039389,40.57977200012053],[-74.20047800020214,40.57992699971493],[-74.20356299994076,40.58043399997747],[-74.20596200031433,40.58004699994657],[-74.20552700012114,40.58149999992691],[-74.20502800035386,40.58172399983006]],[[-74.18041300004732,40.6029270002726],[-74.178123000352,40.604507999763634],[-74.17775900030394,40.60475199980765],[-74.17737900036235,40.605043999773905],[-74.17715699970617,40.605341000329865],[-74.17701699996408,40.60572799994197],[-74.1769619997125,40.60598899993775],[-74.17703600023067,40.60602200005279],[-74.17742299984496,40.60639300010055],[-74.17917500031326,40.60786700021499],[-74.17942600038342,40.60748399989454],[-74.17973000015704,40.60705900026398],[-74.1799679998084,40.60674600021199],[-74.18024499981783,40.60640199976915],[-74.18057700007886,40.60601599978509],[-74.18089300044636,40.60567099985434],[-74.18123400002989,40.60532099968632],[-74.18157399978851,40.60499099979771],[-74.18187000006454,40.604718999747554],[-74.18227500012048,40.60436699968432],[-74.18246400026636,40.60420999975389],[-74.18041300004732,40.6029270002726]]]]}},{"type":"Feature","properties":{"zip":"10451","income":20307},"geometry":{"type":"MultiPolygon","coordinates":[[[[-73.93294799994992,40.82816500033812],[-73.9325450004421,40.82823299997326],[-73.93217299999813,40.82823499974149],[-73.93145999997058,40.82829500023952],[-73.9312840002435,40.82830100021839],[-73.9311429997782,40.828315999823204],[-73.93095600018044,40.828335000314766],[-73.93085200042336,40.82836000009464],[-73.92993199980829,40.82863600032804],[-73.92977199997472,40.82867999970742],[-73.92889599974059,40.829115999889034],[-73.92875599999849,40.82918600032771],[-73.92865100041651,40.829282999861896],[-73.9276220000215,40.830233999691934],[-73.9272639998212,40.830565000156014],[-73.92715800041431,40.83067399992053],[-73.92680299968873,40.831039000296606],[-73.9245039997726,40.830283999849506],[-73.92481199974416,40.829783000114894],[-73.92497199957774,40.82952299977414],[-73.92584199996412,40.82796399999936],[-73.92592700035294,40.82781199982222],[-73.92494399998864,40.82751100014713],[-73.9240469998381,40.827243999761585],[-73.92266900036195,40.82685399990906],[-73.92260900008749,40.826970000338356],[-73.92222499994791,40.827715000175516],[-73.92174200007416,40.828599999949],[-73.92117100033687,40.82962799975995],[-73.92046099978408,40.83091500007945],[-73.92032000021706,40.8308609996603],[-73.91956700000657,40.83057599985353],[-73.9202249997825,40.82930899983201],[-73.92063999988422,40.82865199973495],[-73.92033899958533,40.82854900000166],[-73.9204420004158,40.82836299974133],[-73.92011799965238,40.828250000041095],[-73.92020100039139,40.82810000029184],[-73.91933600002788,40.82782499975707],[-73.91846800018966,40.827546999757885],[-73.91753300040428,40.827249999835495],[-73.91623500039574,40.82684199968899],[-73.91541799971283,40.82657900032481],[-73.91531599960558,40.826545999917435],[-73.9147599999369,40.82755600016735],[-73.91363099998276,40.82692400001661],[-73.91216899994268,40.82790200010333],[-73.91203199967534,40.82786099987711],[-73.91194800000974,40.827835999909134],[-73.91186500016907,40.82781000004117],[-73.91169399956652,40.82775900016598],[-73.91179400002397,40.826428000283215],[-73.9099179997071,40.825849000123924],[-73.91056999963526,40.82464800022602],[-73.91010900040114,40.82452500023353],[-73.90870900028534,40.824067000266915],[-73.90843200027591,40.8239949999667],[-73.90860100033032,40.823597999683166],[-73.90840299996358,40.82355099978682],[-73.90879399977585,40.822629999710195],[-73.9088950000582,40.822654000312966],[-73.90897899972379,40.822458000121706],[-73.9093190003807,40.82253899978191],[-73.90941300009204,40.82241799990051],[-73.90949699975764,40.822438000014095],[-73.90990900038459,40.82124100016672],[-73.91001399996658,40.82092599997968],[-73.91050000021339,40.82100200018547],[-73.91090899956899,40.82108600024004],[-73.91101400004929,40.82078499994866],[-73.91108099999644,40.82079699990515],[-73.91125400024879,40.82012000032787],[-73.91151500036472,40.82016999995357],[-73.911677999673,40.82020200012931],[-73.9117620002369,40.81964300027712],[-73.9118390002298,40.81966999996111],[-73.91215899989695,40.81978600003952],[-73.91189000028342,40.82025599971107],[-73.91168000022114,40.82062500032186],[-73.91210000034572,40.82073600010399],[-73.9126140001816,40.81996099978568],[-73.91306299972018,40.82013299973113],[-73.91396300024377,40.82039400017981],[-73.91419400022247,40.82045400029404],[-73.91410899983364,40.82064100030193],[-73.91429299995669,40.820688000221004],[-73.91422799965933,40.82080999985551],[-73.91441400033048,40.82085800033004],[-73.91434200036045,40.820994000239494],[-73.91468200011907,40.82108100028024],[-73.91490800007489,40.82064000030329],[-73.91560900040687,40.82082299980333],[-73.91736000015193,40.821261999944724],[-73.91741700005333,40.821276999782015],[-73.91749499987115,40.82110800005874],[-73.91703799993664,40.82098100032519],[-73.91724200015115,40.82052399967892],[-73.91739600013693,40.820563999682705],[-73.91763399978831,40.819896999865996],[-73.91784100037586,40.81995099969607],[-73.91801100025518,40.81999500007906],[-73.91803200017156,40.81994600033054],[-73.91827599967074,40.81937800020189],[-73.91857000029691,40.81869100013852],[-73.91889900018487,40.81796699968743],[-73.91845999979375,40.817854999989855],[-73.91870599984102,40.81730000027044],[-73.91915000025506,40.817412000225204],[-73.91923800011861,40.8172199997014],[-73.91954500026524,40.816554999692514],[-73.91985999990952,40.81586500009447],[-73.92034899963107,40.81462899985753],[-73.92048199970046,40.81456400014229],[-73.92091299969567,40.81433299996952],[-73.92121099962151,40.814173999833535],[-73.92208799968056,40.81373099996342],[-73.92287500022626,40.81331500008577],[-73.92347299972776,40.81300699977066],[-73.92382900027822,40.81282399978483],[-73.92468299987274,40.81238400010858],[-73.9255530002591,40.81194099984474],[-73.92644299983863,40.81150699989031],[-73.92669700028185,40.81171799976371],[-73.92728800011064,40.811077999850966],[-73.92789300018315,40.81058499969283],[-73.92801399965865,40.81048599970488],[-73.9288060002272,40.80989899983941],[-73.92921899978077,40.80956400027829],[-73.92933199975867,40.80947099976939],[-73.9294399997137,40.80938400014036],[-73.92952199972946,40.80932199987405],[-73.9301080004337,40.8088769998923],[-73.93093799973877,40.80825300002247],[-73.93180099955414,40.80787599977907],[-73.93182499984358,40.807901999981866],[-73.93211199989875,40.80818199974176],[-73.93234600025049,40.80858599972216],[-73.93247699977174,40.80886400032316],[-73.93256999965816,40.80925600022871],[-73.93258599955169,40.80967599969467],[-73.932614999864,40.810015000005635],[-73.93262999993262,40.81060600012453],[-73.93260499981827,40.81151699989298],[-73.93260200034351,40.811987999808856],[-73.93249299966526,40.81288399994724],[-73.93242499989321,40.8135659997929],[-73.93241700039559,40.81402500030099],[-73.9324099998246,40.814060000335346],[-73.93240099960376,40.8141510003382],[-73.93239599958088,40.81419499980922],[-73.93239399993105,40.814216999873715],[-73.9323899997331,40.814253999996616],[-73.93237999968736,40.81431900001557],[-73.9323679999918,40.81439900000382],[-73.93236499961874,40.814590999853884],[-73.93235600029622,40.81468000031124],[-73.93234899972522,40.81475400002004],[-73.93233299983169,40.81492300029492],[-73.93233299983169,40.815100000117205],[-73.93226300040982,40.81800199968157],[-73.93232500033409,40.81946300029006],[-73.9323269999839,40.81949000004731],[-73.9323269999839,40.81950300025383],[-73.93232899963373,40.819553999679805],[-73.93233299983169,40.819653999746784],[-73.93240099960376,40.821192999969355],[-73.93240700034985,40.821283999705],[-73.93242499989321,40.82156100014132],[-73.93246799955091,40.82220300016778],[-73.93249100001545,40.82255400001028],[-73.93252000032776,40.822800000280125],[-73.93253799987112,40.823051000129034],[-73.93256700018343,40.82324999980542],[-73.93256800000833,40.82348799988791],[-73.93259099957456,40.82366599992268],[-73.93263199958244,40.82413400007959],[-73.9326430003514,40.824355999949155],[-73.93266099989475,40.824538000132975],[-73.93271899962106,40.82511600025105],[-73.9327279998419,40.82518299968374],[-73.93273600023781,40.8252900002809],[-73.9327489997583,40.825386000148896],[-73.9327489997583,40.82543899966242],[-73.9327489997583,40.825491999813316],[-73.93278100044367,40.82571499981754],[-73.93279300013923,40.8258300002796],[-73.93281300023072,40.825941000187655],[-73.93282499992628,40.826077999787465],[-73.93289799972122,40.82655800019107],[-73.93300300020154,40.82767600029853],[-73.93302099974485,40.827834000128796],[-73.93303300033874,40.82791300024259],[-73.93304699968412,40.827994999925636],[-73.933059000278,40.82815600001132],[-73.93294799994992,40.82816500033812]]]]}},{"type":"Feature","properties":{"zip":"10452","income":20606},"geometry":{"type":"MultiPolygon","coordinates":[[[[-73.93314399976852,40.83481499978008],[-73.93300599967625,40.83567899997849],[-73.93065400005665,40.839598999818335],[-73.93060600037607,40.83967899989793],[-73.93040600035954,40.84027900013581],[-73.93036799982637,40.840650000183174],[-73.93003899993842,40.84124999978678],[-73.92972699976887,40.841848999716966],[-73.92957899963088,40.84204699971055],[-73.92969499998183,40.84219499982061],[-73.92963499970736,40.8422560002703],[-73.9296089997681,40.84227999988597],[-73.92959700007253,40.8422920000303],[-73.9295030003612,40.8423810000137],[-73.92900600024375,40.844079000332194],[-73.92825300003325,40.84533500014126],[-73.92824499963733,40.84534899966417],[-73.92815900032191,40.84549199971792],[-73.92815000010108,40.84550700019037],[-73.92810599972015,40.84557900023636],[-73.9280320001003,40.84566999980517],[-73.92739699989059,40.846436000138404],[-73.92729599960825,40.846556999682896],[-73.92678699979523,40.846312999790904],[-73.92645500043251,40.846159999935075],[-73.92632800021092,40.84610100026937],[-73.92622600010365,40.846059999745144],[-73.92604399963047,40.845983999717355],[-73.92581699984974,40.845889999687564],[-73.92550100038056,40.84573399999456],[-73.92438800031994,40.845222000146556],[-73.92380599981371,40.84501300010566],[-73.92324099992416,40.84497600015332],[-73.9225470001632,40.845022000182766],[-73.92251799985087,40.84511000026841],[-73.92244699970576,40.845215000032326],[-73.92230600013879,40.84549300002129],[-73.9218140000442,40.845972000241474],[-73.92104400011524,40.846519999913056],[-73.92059899987632,40.84628600008185],[-73.91970500009883,40.84611200010743],[-73.91918399969192,40.84609800006614],[-73.91891099988045,40.84613500007166],[-73.91899299989622,40.84651800001671],[-73.916774000346,40.846833999875045],[-73.91666399984284,40.84684299970486],[-73.91675400025451,40.846734000022614],[-73.9170279998909,40.84639800001122],[-73.91684200011807,40.84644199983459],[-73.91647300004715,40.84652800017727],[-73.9162110001063,40.84658900003657],[-73.91605399974746,40.8462300000462],[-73.91527899979566,40.84639999991119],[-73.9147750000055,40.84619699990598],[-73.91498300041796,40.84584800009384],[-73.9148179996632,40.84578000017742],[-73.91397499993934,40.84542999990353],[-73.91408399971928,40.84527700004779],[-73.91419900024533,40.84511499977551],[-73.9131919995916,40.84511600008465],[-73.9120009997132,40.845086999948435],[-73.91133299989151,40.84506800018033],[-73.91114299992071,40.845062999990105],[-73.91132000037105,40.84478300028732],[-73.91170299978735,40.84389999972171],[-73.91192700009336,40.84326700008196],[-73.91198999984253,40.84307100033541],[-73.91222500001918,40.84233500018993],[-73.91247199989141,40.84161600006524],[-73.9126979998472,40.840929999677314],[-73.91313700023835,40.839814000238086],[-73.91371600037158,40.838810000198656],[-73.91375499983131,40.83874300026267],[-73.91383299964912,40.838641000300996],[-73.91423799970507,40.838108999889286],[-73.91478000002839,40.837516999711134],[-73.91532800019945,40.836953999992616],[-73.91587100034769,40.83639299977239],[-73.91646700019935,40.835777999749475],[-73.91762999959035,40.834587999960476],[-73.91770599975834,40.8345100001125],[-73.91777600007853,40.83443800027594],[-73.91838899964863,40.83380899987003],[-73.91902899988122,40.83308999969944],[-73.91985599971156,40.831948999672896],[-73.92046099978408,40.83091500007945],[-73.92117100033687,40.82962799975995],[-73.92174200007416,40.828599999949],[-73.92222499994791,40.827715000175516],[-73.92260900008749,40.826970000338356],[-73.92266900036195,40.82685399990906],[-73.9240469998381,40.827243999761585],[-73.92494399998864,40.82751100014713],[-73.92592700035294,40.82781199982222],[-73.92584199996412,40.82796399999936],[-73.92497199957774,40.82952299977414],[-73.92481199974416,40.829783000114894],[-73.9245039997726,40.830283999849506],[-73.92680299968873,40.831039000296606],[-73.92715800041431,40.83067399992053],[-73.9272639998212,40.830565000156014],[-73.9276220000215,40.830233999691934],[-73.92865100041651,40.829282999861896],[-73.92875599999849,40.82918600032771],[-73.92889599974059,40.829115999889034],[-73.92977199997472,40.82867999970742],[-73.92993199980829,40.82863600032804],[-73.93085200042336,40.82836000009464],[-73.93095600018044,40.828335000314766],[-73.9311429997782,40.828315999823204],[-73.9312840002435,40.82830100021839],[-73.93145999997058,40.82829500023952],[-73.93217299999813,40.82823499974149],[-73.9325450004421,40.82823299997326],[-73.93294799994992,40.82816500033812],[-73.933059000278,40.82815600001132],[-73.93306199975274,40.828202000158186],[-73.93307400034662,40.828274999852965],[-73.93313999957056,40.82862899982155],[-73.93315999966202,40.82888599996652],[-73.93318200030166,40.82898499968521],[-73.93319300017232,40.82916100017956],[-73.93326299959419,40.82950400030272],[-73.93341699957999,40.831376999677964],[-73.9334590003111,40.83318400021114],[-73.93314399976852,40.83481499978008]]]]}},{"type":"Feature","properties":{"zip":"10453","income":21109},"geometry":{"type":"MultiPolygon","coordinates":[[[[-73.92503600005014,40.84918000022038],[-73.92390399972297,40.85048800016732],[-73.923646999805,40.85090200018203],[-73.92297800015842,40.85202199991445],[-73.92270600017186,40.85247900022965],[-73.92219900000866,40.853112000209705],[-73.92162599972322,40.85396600000562],[-73.92158100041569,40.85404599972974],[-73.92153600020985,40.85412700020978],[-73.92140499979027,40.85435799970108],[-73.92121499981945,40.85469299995316],[-73.92095799990152,40.85511200030372],[-73.9202730003614,40.856233999813604],[-73.92000499967448,40.85667900003639],[-73.91928999999713,40.85747499976578],[-73.91790099975199,40.856937000277675],[-73.9175919999555,40.856812000133516],[-73.91742499955093,40.856773999841835],[-73.91687499973003,40.85800899986215],[-73.91664200010152,40.85798800017249],[-73.91615900022776,40.85878499990204],[-73.91563799982087,40.85915799981362],[-73.91524899965843,40.85927899990565],[-73.91481199981541,40.85940400015047],[-73.91451300006469,40.859452999953845],[-73.91444600011754,40.859435000321476],[-73.914494999623,40.859368000174825],[-73.91479400027208,40.85922099978804],[-73.91508899982486,40.85905999973424],[-73.91515800032013,40.858910999821106],[-73.91418699965145,40.859190000196335],[-73.91328399965313,40.85961900018286],[-73.91254600040953,40.86004000011791],[-73.91225799963115,40.860190000290636],[-73.91190700000186,40.86027900001511],[-73.91158200031187,40.86034299968204],[-73.91125000005084,40.86047699997331],[-73.91092899966047,40.860646999972985],[-73.91078499972042,40.86056399983981],[-73.91055499956664,40.86041000020123],[-73.91050299968813,40.86030999977659],[-73.91010600002808,40.86074000005593],[-73.91022400002886,40.860807000173544],[-73.91002200036249,40.861017000062574],[-73.9096359996748,40.860812999927276],[-73.90985499995793,40.86057399991868],[-73.90944900007705,40.86032799985058],[-73.90934100012201,40.86034299968204],[-73.90925900010626,40.86033200016829],[-73.90911699981604,40.86029399985769],[-73.90860899982792,40.86004000011791],[-73.90777299977674,40.85960799986946],[-73.90725800011595,40.859354000216754],[-73.90707099961988,40.85936200029025],[-73.90679799980839,40.85937400005889],[-73.9062699997288,40.85918699990635],[-73.90613400018468,40.859406000337316],[-73.90574400019732,40.85927199991759],[-73.90587100041893,40.85904500029164],[-73.90572300028094,40.85899299988769],[-73.90486799996319,40.85869299989599],[-73.90390800006344,40.85836799990041],[-73.90369100032846,40.8587090002016],[-73.90277900010933,40.85839000025773],[-73.90191299992091,40.85809400002619],[-73.90093899977748,40.85775899998648],[-73.9001379998864,40.85748500031092],[-73.8999489997405,40.85741999979757],[-73.90077899994391,40.856047000309005],[-73.90085199973883,40.85593699999414],[-73.90186000021747,40.854585999926954],[-73.90271800000995,40.853522000086855],[-73.90359099987106,40.85249499999771],[-73.90368100028273,40.852389000018384],[-73.90374400003192,40.85227999994607],[-73.90422100005789,40.851661999929604],[-73.90467399979441,40.85110099984792],[-73.90513300027706,40.85053000021778],[-73.90562000034878,40.84992499986515],[-73.90594900023675,40.84946299974312],[-73.90599899956715,40.8493920000845],[-73.90605899984159,40.84932099967026],[-73.90676699984625,40.848540999863516],[-73.9074870004448,40.84780399971803],[-73.90811599990845,40.84727599988862],[-73.90863200029246,40.84696500014651],[-73.90866200042969,40.84694600023729],[-73.90946199959753,40.84640100020087],[-73.91074299988763,40.84545899988969],[-73.91104400018651,40.84520999985315],[-73.91114299992071,40.845062999990105],[-73.91133299989151,40.84506800018033],[-73.9120009997132,40.845086999948435],[-73.9131919995916,40.84511600008465],[-73.91419900024533,40.84511499977551],[-73.91408399971928,40.84527700004779],[-73.91397499993934,40.84542999990353],[-73.9148179996632,40.84578000017742],[-73.91498300041796,40.84584800009384],[-73.9147750000055,40.84619699990598],[-73.91527899979566,40.84639999991119],[-73.91605399974746,40.8462300000462],[-73.9162110001063,40.84658900003657],[-73.91647300004715,40.84652800017727],[-73.91684200011807,40.84644199983459],[-73.9170279998909,40.84639800001122],[-73.91675400025451,40.846734000022614],[-73.91666399984284,40.84684299970486],[-73.916774000346,40.846833999875045],[-73.91899299989622,40.84651800001671],[-73.91891099988045,40.84613500007166],[-73.91918399969192,40.84609800006614],[-73.91970500009883,40.84611200010743],[-73.92059899987632,40.84628600008185],[-73.92104400011524,40.846519999913056],[-73.9218140000442,40.845972000241474],[-73.92230600013879,40.84549300002129],[-73.92244699970576,40.845215000032326],[-73.92251799985087,40.84511000026841],[-73.9225470001632,40.845022000182766],[-73.92324099992416,40.84497600015332],[-73.92380599981371,40.84501300010566],[-73.92438800031994,40.845222000146556],[-73.92550100038056,40.84573399999456],[-73.92581699984974,40.845889999687564],[-73.92604399963047,40.845983999717355],[-73.92622600010365,40.846059999745144],[-73.92632800021092,40.84610100026937],[-73.92645500043251,40.846159999935075],[-73.92678699979523,40.846312999790904],[-73.92729599960825,40.846556999682896],[-73.92503600005014,40.84918000022038]]]]}},{"type":"Feature","properties":{"zip":"10454","income":14271},"geometry":{"type":"MultiPolygon","coordinates":[[[[-73.93093799973877,40.80825300002247],[-73.9301080004337,40.8088769998923],[-73.92952199972946,40.80932199987405],[-73.9294399997137,40.80938400014036],[-73.92933199975867,40.80947099976939],[-73.92921899978077,40.80956400027829],[-73.9288060002272,40.80989899983941],[-73.92801399965865,40.81048599970488],[-73.92789300018315,40.81058499969283],[-73.92728800011064,40.811077999850966],[-73.92669700028185,40.81171799976371],[-73.92644299983863,40.81150699989031],[-73.9255530002591,40.81194099984474],[-73.92468299987274,40.81238400010858],[-73.92382900027822,40.81282399978483],[-73.92347299972776,40.81300699977066],[-73.92287500022626,40.81331500008577],[-73.92208799968056,40.81373099996342],[-73.92121099962151,40.814173999833535],[-73.92091299969567,40.81433299996952],[-73.920801000441,40.81425700028128],[-73.92048300042369,40.814122999670765],[-73.92039800003488,40.814236999740565],[-73.91992699985667,40.814040999833345],[-73.92015299981249,40.813728000334876],[-73.91965800024317,40.81351999969287],[-73.91959799996872,40.81349699997075],[-73.9192670004309,40.813727000232],[-73.91672199956915,40.81275300031575],[-73.91675599990435,40.81241900032876],[-73.91646999967408,40.812310999920236],[-73.91631099966541,40.81258299983221],[-73.9162810004265,40.81263399981902],[-73.91495199955752,40.81219900019232],[-73.9151130001143,40.81186100029213],[-73.91487600028783,40.81178300022753],[-73.91447399970662,40.81165100032774],[-73.91484699997554,40.810994000041504],[-73.91517800041164,40.81042700024619],[-73.91433300013964,40.81025500029177],[-73.91403100001584,40.81017399990978],[-73.91380800043308,40.81015199986451],[-73.91367600018859,40.810137999708274],[-73.91358599977691,40.810119000122874],[-73.91348899969253,40.810074999988544],[-73.91341500007269,40.8100170003232],[-73.91335499979823,40.80991300004609],[-73.91331899981321,40.80975099970805],[-73.91330200009477,40.809655999812726],[-73.91247899956407,40.809343000025564],[-73.91156999971798,40.809070000257],[-73.91069299965893,40.808809000130374],[-73.91036600031907,40.80964500004512],[-73.90944499987909,40.809457000149415],[-73.90853000018521,40.809265999890755],[-73.9075369997752,40.80905999988547],[-73.90670900011993,40.808891000314595],[-73.90621600020043,40.8087900001644],[-73.9049600000247,40.80853099997883],[-73.9030739996621,40.809880000185565],[-73.90305699994366,40.80978300015032],[-73.90304199987504,40.80969699973417],[-73.90303000017948,40.80963099978191],[-73.90300199969207,40.80948600023313],[-73.90298800034668,40.80936400017042],[-73.90295200036167,40.809145999767395],[-73.90243299960457,40.80658400009471],[-73.90229399968743,40.80593499967828],[-73.90218400008256,40.80487700022182],[-73.9023919995967,40.8046239998041],[-73.9022929998625,40.804553999961634],[-73.90247000031283,40.80438400023114],[-73.90261199970473,40.804426000253066],[-73.90334700037188,40.80384699979414],[-73.90370700022198,40.80381100024005],[-73.90458400028105,40.80311100011794],[-73.90488100038198,40.8027930000814],[-73.90510599961455,40.80251800002306],[-73.90588499976431,40.801711999769296],[-73.90618100004033,40.80149599996359],[-73.90853000018521,40.79909199970002],[-73.90988500009514,40.79799500031829],[-73.9114099998844,40.796686000058195],[-73.91362400031007,40.79678599990965],[-73.91380199968698,40.796834000084075],[-73.91390299996932,40.796842999900385],[-73.91446200001106,40.79704199998537],[-73.9157540001718,40.797588999776934],[-73.91625200011417,40.79783799980043],[-73.91630599964253,40.797881000226084],[-73.91866900003112,40.798801000145374],[-73.91881200014625,40.79885300017109],[-73.9189009998347,40.79890300018357],[-73.91905300017068,40.79898799998229],[-73.91909800037652,40.79901299994241],[-73.91986099973444,40.79935299996093],[-73.92035700002698,40.79967199979297],[-73.92072799974777,40.80010100012793],[-73.92105199961286,40.80064200011323],[-73.92120399994883,40.80101100033525],[-73.92162200042357,40.80144700015227],[-73.92174200007416,40.801689000034365],[-73.92233999957566,40.80196200024717],[-73.92302199964104,40.802424999839445],[-73.92363299956132,40.80255400027847],[-73.92374800008736,40.802548000010596],[-73.9238009997908,40.80250400029618],[-73.9240689995794,40.802468000013654],[-73.925081000256,40.80252100015839],[-73.9264190004475,40.80247600015368],[-73.92656199966433,40.80247600015369],[-73.9267369995665,40.802499999888],[-73.9272499995775,40.80255800000344],[-73.9275249999371,40.80276399979272],[-73.92822500044414,40.80384999986945],[-73.92840100017126,40.80410599990154],[-73.92998600023498,40.805793000200325],[-73.93034699990999,40.806196000229505],[-73.93040600035954,40.8064789996646],[-73.93116600024273,40.80720500009652],[-73.93180099955414,40.80787599977907],[-73.93093799973877,40.80825300002247]]]]}},{"type":"Feature","properties":{"zip":"10455","income":19389},"geometry":{"type":"MultiPolygon","coordinates":[[[[-73.92048199970046,40.81456400014229],[-73.92034899963107,40.81462899985753],[-73.91985999990952,40.81586500009447],[-73.91954500026524,40.816554999692514],[-73.91923800011861,40.8172199997014],[-73.91915000025506,40.817412000225204],[-73.91870599984102,40.81730000027044],[-73.91845999979375,40.817854999989855],[-73.91889900018487,40.81796699968743],[-73.91857000029691,40.81869100013852],[-73.91827599967074,40.81937800020189],[-73.91803200017156,40.81994600033054],[-73.91801100025518,40.81999500007906],[-73.91784100037586,40.81995099969607],[-73.91763399978831,40.819896999865996],[-73.91739600013693,40.820563999682705],[-73.91724200015115,40.82052399967892],[-73.91703799993664,40.82098100032519],[-73.91749499987115,40.82110800005874],[-73.91741700005333,40.821276999782015],[-73.91736000015193,40.821261999944724],[-73.91560900040687,40.82082299980333],[-73.91490800007489,40.82064000030329],[-73.91468200011907,40.82108100028024],[-73.91434200036045,40.820994000239494],[-73.91441400033048,40.82085800033004],[-73.91422799965933,40.82080999985551],[-73.91429299995669,40.820688000221004],[-73.91410899983364,40.82064100030193],[-73.91419400022247,40.82045400029404],[-73.91396300024377,40.82039400017981],[-73.91306299972018,40.82013299973113],[-73.9126140001816,40.81996099978568],[-73.91210000034572,40.82073600010399],[-73.91168000022114,40.82062500032186],[-73.91189000028342,40.82025599971107],[-73.91215899989695,40.81978600003952],[-73.9118390002298,40.81966999996111],[-73.9117620002369,40.81964300027712],[-73.911677999673,40.82020200012931],[-73.91151500036472,40.82016999995357],[-73.91125400024879,40.82012000032787],[-73.9113389997393,40.819808000289356],[-73.91051100008404,40.8195000002064],[-73.91061200036637,40.81922400002072],[-73.90973899960696,40.81899499980529],[-73.90875000029324,40.81875899997025],[-73.90782300000545,40.81853799975237],[-73.90754699982094,40.8184709997254],[-73.90699700000002,40.81834000024841],[-73.90691699963408,40.81853300028034],[-73.90685300005998,40.81868599999816],[-73.90609200035189,40.81850700016433],[-73.9062420001397,40.81815800005262],[-73.90531300020211,40.8179250000779],[-73.90499900038274,40.81805999984493],[-73.90347000039553,40.81873700005233],[-73.90343699988526,40.8189679998465],[-73.9029899999965,40.82002700033921],[-73.90160199957629,40.81969500028819],[-73.90166799969852,40.81953400005624],[-73.90183199973006,40.81914699979605],[-73.90123500005348,40.819007000085556],[-73.90138700038945,40.818859999901605],[-73.90137499979556,40.81869200016654],[-73.90087000018049,40.81839199992128],[-73.90074499960872,40.81851200031817],[-73.9003630000173,40.818279000227236],[-73.9002519996892,40.81838200027499],[-73.90002300025867,40.818595000097424],[-73.89981800021926,40.81846999969411],[-73.89928500011678,40.81814700033482],[-73.89962200040068,40.81782200000042],[-73.89884599972567,40.81737100031228],[-73.89852100003563,40.817685999705816],[-73.89778600026679,40.817246000321795],[-73.89704499975186,40.81680199983296],[-73.89621299989865,40.81631900001485],[-73.89580100016998,40.81606599971024],[-73.89542799990109,40.815845000038514],[-73.89684999975819,40.81446000019348],[-73.89844800024069,40.81317699984767],[-73.89835199998124,40.813137000148686],[-73.89821499971387,40.81307999987309],[-73.89810599993393,40.81303400011593],[-73.89802899994105,40.813000000334064],[-73.89795799979592,40.812968000083515],[-73.90298800034668,40.80936400017042],[-73.90300199969207,40.80948600023313],[-73.90303000017948,40.80963099978191],[-73.90304199987504,40.80969699973417],[-73.90305699994366,40.80978300015032],[-73.9030739996621,40.809880000185565],[-73.9049600000247,40.80853099997883],[-73.90621600020043,40.8087900001644],[-73.90670900011993,40.808891000314595],[-73.9075369997752,40.80905999988547],[-73.90853000018521,40.809265999890755],[-73.90944499987909,40.809457000149415],[-73.91036600031907,40.80964500004512],[-73.91069299965893,40.808809000130374],[-73.91156999971798,40.809070000257],[-73.91247899956407,40.809343000025564],[-73.91330200009477,40.809655999812726],[-73.91331899981321,40.80975099970805],[-73.91335499979823,40.80991300004609],[-73.91341500007269,40.8100170003232],[-73.91348899969253,40.810074999988544],[-73.91358599977691,40.810119000122874],[-73.91367600018859,40.810137999708274],[-73.91380800043308,40.81015199986451],[-73.91403100001584,40.81017399990978],[-73.91433300013964,40.81025500029177],[-73.91517800041164,40.81042700024619],[-73.91484699997554,40.810994000041504],[-73.91447399970662,40.81165100032774],[-73.91487600028783,40.81178300022753],[-73.9151130001143,40.81186100029213],[-73.91495199955752,40.81219900019232],[-73.9162810004265,40.81263399981902],[-73.91631099966541,40.81258299983221],[-73.91646999967408,40.812310999920236],[-73.91675599990435,40.81241900032876],[-73.91672199956915,40.81275300031575],[-73.9192670004309,40.813727000232],[-73.91959799996872,40.81349699997075],[-73.91965800024317,40.81351999969287],[-73.92015299981249,40.813728000334876],[-73.91992699985667,40.814040999833345],[-73.92039800003488,40.814236999740565],[-73.92048300042369,40.814122999670765],[-73.920801000441,40.81425700028128],[-73.92091299969567,40.81433299996952],[-73.92048199970046,40.81456400014229]]]]}},{"type":"Feature","properties":{"zip":"10456","income":16664},"geometry":{"type":"MultiPolygon","coordinates":[[[[-73.9202249997825,40.82930899983201],[-73.91956700000657,40.83057599985353],[-73.92032000021706,40.8308609996603],[-73.92046099978408,40.83091500007945],[-73.91985599971156,40.831948999672896],[-73.91902899988122,40.83308999969944],[-73.91838899964863,40.83380899987003],[-73.91777600007853,40.83443800027594],[-73.91770599975834,40.8345100001125],[-73.91762999959035,40.834587999960476],[-73.91646700019935,40.835777999749475],[-73.91587100034769,40.83639299977239],[-73.91532800019945,40.836953999992616],[-73.91478000002839,40.837516999711134],[-73.91423799970507,40.838108999889286],[-73.91383299964912,40.838641000300996],[-73.91375499983131,40.83874300026267],[-73.91371600037158,40.838810000198656],[-73.91313700023835,40.839814000238086],[-73.9129720003819,40.83975800017066],[-73.91207900042932,40.839453000137716],[-73.9126700002581,40.838426000154286],[-73.91212600028499,40.838241999882776],[-73.91153100025822,40.83800500015814],[-73.91138999979292,40.83786599989672],[-73.91072399962108,40.83899799981988],[-73.90988199972209,40.83870900006633],[-73.9100499999516,40.83842300028324],[-73.91010900040114,40.83832299997292],[-73.90959999968979,40.83814900016064],[-73.90956299987988,40.83821199972359],[-73.90946599979549,40.83817899966873],[-73.9092830003957,40.83850299974327],[-73.90920999970244,40.83847799971003],[-73.90891000012678,40.83837600002027],[-73.90898600029477,40.839162000210756],[-73.90906300028766,40.83994700020869],[-73.90911699981604,40.840171000235586],[-73.90939399982548,40.84125399989729],[-73.90957899977339,40.84202700007446],[-73.9096280001772,40.842395999831204],[-73.90958999964404,40.84275300019316],[-73.9086570004068,40.84271999968072],[-73.90774400036274,40.84270299992517],[-73.90684600038728,40.842668000054886],[-73.90600199994017,40.842629000138814],[-73.90500000020766,40.84253500010747],[-73.90503199999472,40.84226300001754],[-73.90510499978966,40.84126000006259],[-73.9051640002392,40.84086699997921],[-73.9053120003772,40.84045499987314],[-73.90559000021155,40.839915999753984],[-73.90560699993,40.839843999672226],[-73.905382999624,40.83976899970217],[-73.90597900037396,40.838504999881486],[-73.9052289996382,40.83826499985968],[-73.90484200002392,40.83815599966197],[-73.90469300006099,40.83809399978127],[-73.90450899993797,40.83801800013345],[-73.90333800015105,40.83764200023613],[-73.90283900038376,40.8374709999099],[-73.90308100023312,40.83701199989365],[-73.90228299981676,40.83675200003506],[-73.9019670003476,40.83717200008391],[-73.90127600006136,40.83687799971744],[-73.90112600027354,40.8368139998116],[-73.90056700023182,40.836592000190336],[-73.90121199958894,40.83549800024156],[-73.89963400009626,40.835015999741024],[-73.89845300026356,40.83472100022152],[-73.89809300041345,40.83462900010515],[-73.89701499961463,40.83439099990622],[-73.89696600010915,40.83434299971119],[-73.89636900043257,40.8335099998396],[-73.89675400039705,40.83332200028704],[-73.89689800033709,40.83325399975362],[-73.8969629997361,40.83322899977981],[-73.8966670003584,40.83287199977851],[-73.89671800041202,40.8326340000691],[-73.89728499995138,40.832590999733476],[-73.89822399993471,40.83201599967858],[-73.898209999691,40.83187999994119],[-73.8988919997564,40.83182200030815],[-73.898842000426,40.83175100010236],[-73.8987860003495,40.83142099995734],[-73.89908000007738,40.83139800032471],[-73.89937899982812,40.83118000027813],[-73.89922700039047,40.83106100021223],[-73.89929099996458,40.83101400016734],[-73.89888900028167,40.830699000177944],[-73.89896399972642,40.830645000262564],[-73.89893699996225,40.83059600022576],[-73.89862700034085,40.830506000202554],[-73.8985670000664,40.83022700003389],[-73.89850599996701,40.82994600033414],[-73.8987939998471,40.83010500004926],[-73.8989200002438,40.82980300004661],[-73.89948000011046,40.82994300007932],[-73.8996809999519,40.82946099997631],[-73.89972699998266,40.82947299972247],[-73.89994500044085,40.82901999998293],[-73.89975399974684,40.82896899967889],[-73.89932100010179,40.82885300002746],[-73.89979700030285,40.82768500001077],[-73.90022599974996,40.82667600027376],[-73.90054100029252,40.82594399994379],[-73.90117599960395,40.82438900008676],[-73.90124199972618,40.82440399989673],[-73.90134499965833,40.824428999799004],[-73.90146100000929,40.824157000192464],[-73.90165199980501,40.82420199976949],[-73.90167400044461,40.824148000001465],[-73.90187199991303,40.824195000154525],[-73.90243099995476,40.82284000027092],[-73.9018769999359,40.82270500003534],[-73.901988000264,40.82243999995717],[-73.90210999956442,40.82246899980443],[-73.9022500002048,40.82250200020113],[-73.90240699966533,40.82210999970071],[-73.90224299963378,40.8220709999265],[-73.9026229995754,40.82115500032667],[-73.90275399999494,40.821186000036846],[-73.90288600023943,40.82085800033003],[-73.90266799978123,40.820802999882595],[-73.9029899999965,40.82002700033921],[-73.90314200033248,40.820062999933576],[-73.90324400043973,40.81990399993461],[-73.90352999977168,40.81997299989118],[-73.90361500016049,40.819766999817865],[-73.90364399957448,40.819772999888464],[-73.90368299993256,40.819681000106186],[-73.90385299981186,40.81972099993855],[-73.90395699956893,40.819452000108825],[-73.90405000035366,40.81947399978963],[-73.90417000000427,40.81914599977487],[-73.90343699988526,40.8189679998465],[-73.90347000039553,40.81873700005233],[-73.90499900038274,40.81805999984493],[-73.90531300020211,40.8179250000779],[-73.9062420001397,40.81815800005262],[-73.90609200035189,40.81850700016433],[-73.90685300005998,40.81868599999816],[-73.90691699963408,40.81853300028034],[-73.90699700000002,40.81834000024841],[-73.90754699982094,40.8184709997254],[-73.90782300000545,40.81853799975237],[-73.90875000029324,40.81875899997025],[-73.90973899960696,40.81899499980529],[-73.91061200036637,40.81922400002072],[-73.91051100008404,40.8195000002064],[-73.9113389997393,40.819808000289356],[-73.91125400024879,40.82012000032787],[-73.91108099999644,40.82079699990515],[-73.91101400004929,40.82078499994866],[-73.91090899956899,40.82108600024004],[-73.91050000021339,40.82100200018547],[-73.91001399996658,40.82092599997968],[-73.90990900038459,40.82124100016672],[-73.90949699975764,40.822438000014095],[-73.90941300009204,40.82241799990051],[-73.9093190003807,40.82253899978191],[-73.90897899972379,40.822458000121706],[-73.9088950000582,40.822654000312966],[-73.90879399977585,40.822629999710195],[-73.90840299996358,40.82355099978682],[-73.90860100033032,40.823597999683166],[-73.90843200027591,40.8239949999667],[-73.90870900028534,40.824067000266915],[-73.91010900040114,40.82452500023353],[-73.91056999963526,40.82464800022602],[-73.9099179997071,40.825849000123924],[-73.91179400002397,40.826428000283215],[-73.91169399956652,40.82775900016598],[-73.91186500016907,40.82781000004117],[-73.91194800000974,40.827835999909134],[-73.91203199967534,40.82786099987711],[-73.91216899994268,40.82790200010333],[-73.91363099998276,40.82692400001661],[-73.9147599999369,40.82755600016735],[-73.91531599960558,40.826545999917435],[-73.91541799971283,40.82657900032481],[-73.91623500039574,40.82684199968899],[-73.91753300040428,40.827249999835495],[-73.91846800018966,40.827546999757885],[-73.91933600002788,40.82782499975707],[-73.92020100039139,40.82810000029184],[-73.92011799965238,40.828250000041095],[-73.9204420004158,40.82836299974133],[-73.92033899958533,40.82854900000166],[-73.92063999988422,40.82865199973495],[-73.9202249997825,40.82930899983201]]]]}},{"type":"Feature","properties":{"zip":"10457","income":19233},"geometry":{"type":"MultiPolygon","coordinates":[[[[-73.9126979998472,40.840929999677314],[-73.91247199989141,40.84161600006524],[-73.91222500001918,40.84233500018993],[-73.91198999984253,40.84307100033541],[-73.91192700009336,40.84326700008196],[-73.91170299978735,40.84389999972171],[-73.91132000037105,40.84478300028732],[-73.91114299992071,40.845062999990105],[-73.91104400018651,40.84520999985315],[-73.91074299988763,40.84545899988969],[-73.90946199959753,40.84640100020087],[-73.90866200042969,40.84694600023729],[-73.90863200029246,40.84696500014651],[-73.90811599990845,40.84727599988862],[-73.9074870004448,40.84780399971803],[-73.90676699984625,40.848540999863516],[-73.90605899984159,40.84932099967026],[-73.90599899956715,40.8493920000845],[-73.90594900023675,40.84946299974312],[-73.90562000034878,40.84992499986515],[-73.90513300027706,40.85053000021778],[-73.90467399979441,40.85110099984792],[-73.90422100005789,40.851661999929604],[-73.90374400003192,40.85227999994607],[-73.90368100028273,40.852389000018384],[-73.90359099987106,40.85249499999771],[-73.90271800000995,40.853522000086855],[-73.90186000021747,40.854585999926954],[-73.90085199973883,40.85593699999414],[-73.90077899994391,40.856047000309005],[-73.8999489997405,40.85741999979757],[-73.89977700021137,40.857360999966296],[-73.89906699965859,40.85711900002778],[-73.89817200005616,40.856812000133516],[-73.89829900027779,40.8565069997703],[-73.89817500042925,40.85646899998311],[-73.89766599971789,40.85629500024997],[-73.89754500024236,40.8565069997703],[-73.897512999557,40.85658199982275],[-73.89730699969269,40.85651000018172],[-73.89726300021007,40.85632999971754],[-73.89723499972266,40.85638200017367],[-73.89687400004763,40.85706100005716],[-73.89619700000512,40.856793000330086],[-73.8961669998679,40.85684300015867],[-73.89605999973777,40.856742000330236],[-73.89590099972912,40.856682999895064],[-73.8962799998458,40.856093000127096],[-73.89580000034509,40.85590899998363],[-73.89576299963686,40.8559670002834],[-73.89558100006198,40.85624600014892],[-73.89477599997294,40.8559300003323],[-73.89461699996428,40.85586400018463],[-73.89443200001635,40.85578600023422],[-73.89461699996428,40.85548599998693],[-73.89374499992809,40.85513700017765],[-73.89366600028538,40.855246000305804],[-73.8932739997499,40.85507899983064],[-73.89313599965763,40.8552439999934],[-73.89249999962301,40.85497500022932],[-73.89180099983918,40.85461099999934],[-73.89167100014284,40.85453900025453],[-73.8909020000388,40.8541169998371],[-73.89038900002782,40.854688999974314],[-73.89003000000262,40.85422100010583],[-73.8897179998331,40.853750999971226],[-73.88962199957362,40.853594999759125],[-73.88960700040333,40.853238000047604],[-73.88891199991915,40.85297900015865],[-73.88807300039325,40.85273399993788],[-73.8882059995643,40.85247100000443],[-73.8873739997111,40.8522189998897],[-73.88803200038535,40.850997000117566],[-73.88751799965114,40.85094899971658],[-73.8869300001954,40.85114999967738],[-73.88647400008583,40.851265000188704],[-73.88595100002908,40.851184000286594],[-73.88554299960009,40.85199799974983],[-73.88471499994482,40.85175899987266],[-73.88382000034242,40.8514990001047],[-73.88419899956078,40.85070499968846],[-73.88447800011836,40.85004400004407],[-73.88480199998347,40.84930900011915],[-73.88455699976109,40.84915899977066],[-73.8844389997603,40.84908700021666],[-73.88469099965539,40.8488289999832],[-73.88450599970746,40.84871200017047],[-73.88533400026101,40.84774200002816],[-73.88561100027046,40.847877999841906],[-73.88575299966237,40.847748000285605],[-73.88601700015133,40.847877999841906],[-73.88669699966859,40.84708200032562],[-73.88734000027422,40.84632899968882],[-73.88783599966847,40.84574299997376],[-73.88800999974573,40.84553899969196],[-73.88804800027889,40.84549400032472],[-73.88794799982145,40.84544999987194],[-73.88748400021427,40.84522099983907],[-73.8877129996448,40.844954999730355],[-73.88775700002573,40.84489800029629],[-73.88831900044053,40.84517899982136],[-73.88901700039943,40.84436999973863],[-73.88955200015174,40.84377100016643],[-73.889169999662,40.84358299981185],[-73.88931100012732,40.843415000186],[-73.88917499968488,40.84334899980393],[-73.88945000004448,40.84290599975971],[-73.8900359998504,40.84319500024242],[-73.89034200017215,40.84283099985638],[-73.89042500001285,40.842741000132285],[-73.89055399988426,40.842678000116805],[-73.89150200008842,40.84169900015173],[-73.89216900008522,40.841050000069295],[-73.89017399994266,40.83987399977243],[-73.8886909999862,40.839157999974034],[-73.88852199993181,40.83905599997137],[-73.88844900013687,40.839004000189384],[-73.88839600043342,40.83884700019519],[-73.88841200032694,40.83855299978155],[-73.8887410002149,40.83796799969164],[-73.89060099973993,40.83689800022754],[-73.89084299958927,40.8367779997949],[-73.89112899981953,40.83671599998468],[-73.89148100017205,40.8366870002509],[-73.89337699968206,40.836539999834805],[-73.8936400003461,40.836511999783305],[-73.89394599976957,40.83643100019891],[-73.89433400010707,40.836226000036476],[-73.89463000038307,40.83599199988195],[-73.89494599985225,40.83566499977239],[-73.8951390001961,40.83542900012538],[-73.89696600010915,40.83434299971119],[-73.89701499961463,40.83439099990622],[-73.89809300041345,40.83462900010515],[-73.89845300026356,40.83472100022152],[-73.89963400009626,40.835015999741024],[-73.90121199958894,40.83549800024156],[-73.90056700023182,40.836592000190336],[-73.90112600027354,40.8368139998116],[-73.90127600006136,40.83687799971744],[-73.9019670003476,40.83717200008391],[-73.90228299981676,40.83675200003506],[-73.90308100023312,40.83701199989365],[-73.90283900038376,40.8374709999099],[-73.90333800015105,40.83764200023613],[-73.90450899993797,40.83801800013345],[-73.90469300006099,40.83809399978127],[-73.90484200002392,40.83815599966197],[-73.9052289996382,40.83826499985968],[-73.90597900037396,40.838504999881486],[-73.905382999624,40.83976899970217],[-73.90560699993,40.839843999672226],[-73.90559000021155,40.839915999753984],[-73.9053120003772,40.84045499987314],[-73.9051640002392,40.84086699997921],[-73.90510499978966,40.84126000006259],[-73.90503199999472,40.84226300001754],[-73.90500000020766,40.84253500010747],[-73.90600199994017,40.842629000138814],[-73.90684600038728,40.842668000054886],[-73.90774400036274,40.84270299992517],[-73.9086570004068,40.84271999968072],[-73.90958999964404,40.84275300019316],[-73.9096280001772,40.842395999831204],[-73.90957899977339,40.84202700007446],[-73.90939399982548,40.84125399989729],[-73.90911699981604,40.840171000235586],[-73.90906300028766,40.83994700020869],[-73.90898600029477,40.839162000210756],[-73.90891000012678,40.83837600002027],[-73.90920999970244,40.83847799971003],[-73.9092830003957,40.83850299974327],[-73.90946599979549,40.83817899966873],[-73.90956299987988,40.83821199972359],[-73.90959999968979,40.83814900016064],[-73.91010900040114,40.83832299997292],[-73.9100499999516,40.83842300028324],[-73.90988199972209,40.83870900006633],[-73.91072399962108,40.83899799981988],[-73.91138999979292,40.83786599989672],[-73.91153100025822,40.83800500015814],[-73.91212600028499,40.838241999882776],[-73.9126700002581,40.838426000154286],[-73.91207900042932,40.839453000137716],[-73.9129720003819,40.83975800017066],[-73.91313700023835,40.839814000238086],[-73.9126979998472,40.840929999677314]]]]}},{"type":"Feature","properties":{"zip":"10458","income":22072},"geometry":{"type":"MultiPolygon","coordinates":[[[[-73.89920399992592,40.85867500005709],[-73.89883200038027,40.85930499966079],[-73.89827699963816,40.86033200016829],[-73.89772900036539,40.861348999738716],[-73.8970680002164,40.862533999813586],[-73.89577699988055,40.86422699992816],[-73.8949219995628,40.86534999994472],[-73.89443700003923,40.865986999876064],[-73.89437599993985,40.866067000028416],[-73.89430300014492,40.86616299994774],[-73.89299599991554,40.86788200014567],[-73.89242099998029,40.86862400020604],[-73.89173700026507,40.869510999830275],[-73.89097599965865,40.870158999736255],[-73.89042199963978,40.870490999776464],[-73.88867300044286,40.87149699988652],[-73.8879160000344,40.87207199976858],[-73.88785099973708,40.872120999709516],[-73.88778600033807,40.87220299972375],[-73.88737700008414,40.872723000100514],[-73.88708900020406,40.87337599990968],[-73.88679299992805,40.87401999985867],[-73.8865290003374,40.8746110001049],[-73.88649300035239,40.87469100002706],[-73.88645499981924,40.87477499997715],[-73.88618100018286,40.87538400033326],[-73.88589699960241,40.876017999985265],[-73.88532900023816,40.877340999864465],[-73.88527800018453,40.87742700016994],[-73.88478199989197,40.878419000165415],[-73.88470999992197,40.87829500029978],[-73.88383000038817,40.876783000080735],[-73.883423999609,40.8757420000795],[-73.88343600020286,40.87538400033326],[-73.88344000040082,40.87479400005614],[-73.88340000021785,40.87394700028053],[-73.88295699962875,40.87305199984923],[-73.88246999955703,40.87212799969814],[-73.88222000021011,40.87122700032179],[-73.88197599981262,40.87038699991836],[-73.8817420003592,40.86955200010766],[-73.8814689996494,40.868572999805146],[-73.88037499985539,40.86919400017555],[-73.87986000019457,40.86827399968823],[-73.87973799999583,40.86805699997347],[-73.8796519997821,40.8680039998881],[-73.87955399987281,40.86796999975976],[-73.87947699987993,40.867955000296945],[-73.87938700036655,40.86795099976034],[-73.87928799973405,40.8679620000467],[-73.87919700039575,40.86798799978994],[-73.87911000035713,40.868030000294134],[-73.87954899984996,40.86771900015015],[-73.88035200028916,40.867244000125524],[-73.88070100026862,40.866989999865595],[-73.880790999782,40.86639500025393],[-73.88054800010774,40.86651700001859],[-73.88028600016692,40.866697999956905],[-73.87997999984516,40.86691600002909],[-73.87936899992488,40.86724900000053],[-73.87898700033348,40.867451000068904],[-73.87860999986661,40.867593000003694],[-73.87851699998019,40.867593000003694],[-73.87844599983508,40.86754999993118],[-73.8780249998856,40.8670469999953],[-73.87780200030284,40.8668340002607],[-73.87763200042352,40.86672000026479],[-73.87745199960017,40.8667250001793],[-73.87729400031472,40.866790999695304],[-73.87703700039678,40.866911000129015],[-73.87675899966412,40.86693800026455],[-73.87661100042443,40.86692699980809],[-73.87646400011133,40.86687800009933],[-73.87621200021626,40.86675800028522],[-73.87573199981723,40.866507000157675],[-73.8750890001099,40.86619399967258],[-73.87392699964549,40.86306699985044],[-73.87661999974695,40.85985100031344],[-73.87663999983843,40.85959800032419],[-73.87770699986828,40.85947199967369],[-73.87774899970107,40.85942799967045],[-73.87788699979335,40.859320999818536],[-73.87793199999919,40.85921399979385],[-73.87796299996133,40.85911499969957],[-73.87785500000629,40.85879500024941],[-73.87788500014352,40.858580999686644],[-73.87808199978701,40.8582189997895],[-73.87808199978701,40.85809600025255],[-73.87803499993136,40.85782500028449],[-73.87771299971608,40.85717499969347],[-73.87771299971608,40.857010999713744],[-73.8778490001585,40.856796000049094],[-73.87788000012064,40.856647999934566],[-73.87787900029575,40.85646899998311],[-73.87744900012541,40.8557990001191],[-73.87738800002609,40.85560999976463],[-73.87740300009466,40.855487000139526],[-73.87712000023745,40.855465000176935],[-73.87676600023512,40.85551400017619],[-73.87676899970987,40.85540700011712],[-73.87716100024534,40.855359999668224],[-73.87741800016327,40.85538000003678],[-73.87764499994401,40.85536800022407],[-73.87825099984143,40.8556019999175],[-73.87885599991391,40.855901000172615],[-73.87935700022933,40.856159000046596],[-73.87990100020247,40.85644500007051],[-73.88062599992554,40.856756000160935],[-73.88071399978908,40.85679800031465],[-73.88166799984107,40.85334800008764],[-73.88273300022108,40.85365000018507],[-73.88328100039217,40.85256400001494],[-73.88382000034242,40.8514990001047],[-73.88471499994482,40.85175899987266],[-73.88554299960009,40.85199799974983],[-73.88595100002908,40.851184000286594],[-73.88647400008583,40.851265000188704],[-73.8869300001954,40.85114999967738],[-73.88751799965114,40.85094899971658],[-73.88803200038535,40.850997000117566],[-73.8873739997111,40.8522189998897],[-73.8882059995643,40.85247100000443],[-73.88807300039325,40.85273399993788],[-73.88891199991915,40.85297900015865],[-73.88960700040333,40.853238000047604],[-73.88962199957362,40.853594999759125],[-73.8897179998331,40.853750999971226],[-73.89003000000262,40.85422100010583],[-73.89038900002782,40.854688999974314],[-73.8909020000388,40.8541169998371],[-73.89167100014284,40.85453900025453],[-73.89180099983918,40.85461099999934],[-73.89249999962301,40.85497500022932],[-73.89313599965763,40.8552439999934],[-73.8932739997499,40.85507899983064],[-73.89366600028538,40.855246000305804],[-73.89374499992809,40.85513700017765],[-73.89461699996428,40.85548599998693],[-73.89443200001635,40.85578600023422],[-73.89461699996428,40.85586400018463],[-73.89477599997294,40.8559300003323],[-73.89558100006198,40.85624600014892],[-73.89576299963686,40.8559670002834],[-73.89580000034509,40.85590899998363],[-73.8962799998458,40.856093000127096],[-73.89590099972912,40.856682999895064],[-73.89605999973777,40.856742000330236],[-73.8961669998679,40.85684300015867],[-73.89619700000512,40.856793000330086],[-73.89687400004763,40.85706100005716],[-73.89723499972266,40.85638200017367],[-73.89726300021007,40.85632999971754],[-73.89730699969269,40.85651000018172],[-73.897512999557,40.85658199982275],[-73.89754500024236,40.8565069997703],[-73.89766599971789,40.85629500024997],[-73.89817500042925,40.85646899998311],[-73.89829900027779,40.8565069997703],[-73.89817200005616,40.856812000133516],[-73.89906699965859,40.85711900002778],[-73.89977700021137,40.857360999966296],[-73.8999489997405,40.85741999979757],[-73.89920399992592,40.85867500005709]]]]}},{"type":"Feature","properties":{"zip":"10459","income":17498},"geometry":{"type":"MultiPolygon","coordinates":[[[[-73.90266799978123,40.820802999882595],[-73.90288600023943,40.82085800033003],[-73.90275399999494,40.821186000036846],[-73.9026229995754,40.82115500032667],[-73.90224299963378,40.8220709999265],[-73.90240699966533,40.82210999970071],[-73.9022500002048,40.82250200020113],[-73.90210999956442,40.82246899980443],[-73.901988000264,40.82243999995717],[-73.9018769999359,40.82270500003534],[-73.90243099995476,40.82284000027092],[-73.90187199991303,40.824195000154525],[-73.90167400044461,40.824148000001465],[-73.90165199980501,40.82420199976949],[-73.90146100000929,40.824157000192464],[-73.90134499965833,40.824428999799004],[-73.90124199972618,40.82440399989673],[-73.90117599960395,40.82438900008676],[-73.90054100029252,40.82594399994379],[-73.90022599974996,40.82667600027376],[-73.89979700030285,40.82768500001077],[-73.89932100010179,40.82885300002746],[-73.89975399974684,40.82896899967889],[-73.89994500044085,40.82901999998293],[-73.89972699998266,40.82947299972247],[-73.8996809999519,40.82946099997631],[-73.89948000011046,40.82994300007932],[-73.8989200002438,40.82980300004661],[-73.8987939998471,40.83010500004926],[-73.89850599996701,40.82994600033414],[-73.8985670000664,40.83022700003389],[-73.89862700034085,40.830506000202554],[-73.89893699996225,40.83059600022576],[-73.89896399972642,40.830645000262564],[-73.89888900028167,40.830699000177944],[-73.89929099996458,40.83101400016734],[-73.89922700039047,40.83106100021223],[-73.89937899982812,40.83118000027813],[-73.89908000007738,40.83139800032471],[-73.8987860003495,40.83142099995734],[-73.898842000426,40.83175100010236],[-73.8988919997564,40.83182200030815],[-73.898209999691,40.83187999994119],[-73.89822399993471,40.83201599967858],[-73.89728499995138,40.832590999733476],[-73.89671800041202,40.8326340000691],[-73.8966670003584,40.83287199977851],[-73.8969629997361,40.83322899977981],[-73.89689800033709,40.83325399975362],[-73.89675400039705,40.83332200028704],[-73.89636900043257,40.8335099998396],[-73.89642200013601,40.83327000008529],[-73.89580799984269,40.833337000115456],[-73.89557400038929,40.83344999998244],[-73.89575199976619,40.8336710001281],[-73.89524799997604,40.83388999993935],[-73.89512300030258,40.83319699977246],[-73.89419099999192,40.83329100013246],[-73.89437799958971,40.834367000152895],[-73.89442600016858,40.83463800023303],[-73.89415599983182,40.834981999672074],[-73.89408600040994,40.83491599972842],[-73.89378199973801,40.834750000135685],[-73.89370800011817,40.83469000004143],[-73.89312800016002,40.833421999985205],[-73.89215800021455,40.833644999829325],[-73.89173700026507,40.83266400003384],[-73.89162699976191,40.83273300030904],[-73.89071399971783,40.832408999900856],[-73.88979099962802,40.83208999975838],[-73.8899220000476,40.8318519999606],[-73.88997300010121,40.83175900011021],[-73.88956100037258,40.83161399998823],[-73.88952299983943,40.83167700032395],[-73.88909299966912,40.83152700017063],[-73.88906000005714,40.83158400022809],[-73.88893600020859,40.831798000304566],[-73.88808099989083,40.831502000225406],[-73.88722899994615,40.831201000307615],[-73.88637600017653,40.83090100022674],[-73.88563300001178,40.830642000039404],[-73.88566099960086,40.83047699979139],[-73.8854520002618,40.830503999822994],[-73.88526099956778,40.83103799977503],[-73.88493500005283,40.83173500008381],[-73.88458500024849,40.83228100023475],[-73.88420199993384,40.83280400014294],[-73.8838119999465,40.83323000026833],[-73.88324100020922,40.83381899990911],[-73.88269800006098,40.83448000030339],[-73.88220699979131,40.83514500002384],[-73.88202299966828,40.83539699982056],[-73.88189299997194,40.83535399991761],[-73.88126000031036,40.835126000124376],[-73.87998300021823,40.834680000133744],[-73.8823540001044,40.83150499972992],[-73.88388700028958,40.82980899988903],[-73.88357799959476,40.82951100003705],[-73.88355699967838,40.82893800020791],[-73.88383200003798,40.82827100031872],[-73.8845309998218,40.82564700031942],[-73.88456799963176,40.824928000010374],[-73.88441100017121,40.82296999973452],[-73.88505800007651,40.82291600032295],[-73.88558100013324,40.8228620001876],[-73.88651599991861,40.82273599970089],[-73.8869870000968,40.82264799982318],[-73.88720100035704,40.82259999996429],[-73.8872830003728,40.82249900028939],[-73.88748500003918,40.82230300031987],[-73.88818299999808,40.82175400031863],[-73.88883900012422,40.82132699989523],[-73.88931100012732,40.821019000067565],[-73.88980099967377,40.820707000178835],[-73.88986299959805,40.82066500026476],[-73.88993499956806,40.82061400033336],[-73.89005000009412,40.82052699968004],[-73.89018399998842,40.82041700023001],[-73.89035999971551,40.82027299978436],[-73.89043800043163,40.82020200012931],[-73.8905560004324,40.82008400008457],[-73.89196499987071,40.818704999849636],[-73.89265100013407,40.81805400029926],[-73.89302500022788,40.81769900026595],[-73.89361500023173,40.81719399975063],[-73.8947240000944,40.81614400017843],[-73.89515799956436,40.81568299990687],[-73.89524100030334,40.815733000157586],[-73.89534699971024,40.8157959999439],[-73.89542799990109,40.815845000038514],[-73.89580100016998,40.81606599971024],[-73.89621299989865,40.81631900001485],[-73.89704499975186,40.81680199983296],[-73.89778600026679,40.817246000321795],[-73.89852100003563,40.817685999705816],[-73.89884599972567,40.81737100031228],[-73.89962200040068,40.81782200000042],[-73.89928500011678,40.81814700033482],[-73.89981800021926,40.81846999969411],[-73.90002300025867,40.818595000097424],[-73.9002519996892,40.81838200027499],[-73.9003630000173,40.818279000227236],[-73.90074499960872,40.81851200031817],[-73.90087000018049,40.81839199992128],[-73.90137499979556,40.81869200016654],[-73.90138700038945,40.818859999901605],[-73.90123500005348,40.819007000085556],[-73.90183199973006,40.81914699979605],[-73.90166799969852,40.81953400005624],[-73.90160199957629,40.81969500028819],[-73.9029899999965,40.82002700033921],[-73.90266799978123,40.820802999882595]]],[[[-73.90395699956893,40.819452000108825],[-73.90385299981186,40.81972099993855],[-73.90368299993256,40.819681000106186],[-73.90364399957448,40.819772999888464],[-73.90361500016049,40.819766999817865],[-73.90352999977168,40.81997299989118],[-73.90324400043973,40.81990399993461],[-73.90314200033248,40.820062999933576],[-73.9029899999965,40.82002700033921],[-73.90343699988526,40.8189679998465],[-73.90417000000427,40.81914599977487],[-73.90405000035366,40.81947399978963],[-73.90395699956893,40.819452000108825]]]]}},{"type":"Feature","properties":{"zip":"10460","income":19517},"geometry":{"type":"MultiPolygon","coordinates":[[[[-73.8951390001961,40.83542900012538],[-73.89494599985225,40.83566499977239],[-73.89463000038307,40.83599199988195],[-73.89433400010707,40.836226000036476],[-73.89394599976957,40.83643100019891],[-73.8936400003461,40.836511999783305],[-73.89337699968206,40.836539999834805],[-73.89148100017205,40.8366870002509],[-73.89112899981953,40.83671599998468],[-73.89084299958927,40.8367779997949],[-73.89060099973993,40.83689800022754],[-73.8887410002149,40.83796799969164],[-73.88841200032694,40.83855299978155],[-73.88839600043342,40.83884700019519],[-73.88844900013687,40.839004000189384],[-73.88852199993181,40.83905599997137],[-73.8886909999862,40.839157999974034],[-73.89017399994266,40.83987399977243],[-73.89216900008522,40.841050000069295],[-73.89150200008842,40.84169900015173],[-73.89055399988426,40.842678000116805],[-73.89042500001285,40.842741000132285],[-73.89034200017215,40.84283099985638],[-73.8900359998504,40.84319500024242],[-73.88945000004448,40.84290599975971],[-73.88917499968488,40.84334899980393],[-73.88931100012732,40.843415000186],[-73.889169999662,40.84358299981185],[-73.88955200015174,40.84377100016643],[-73.88901700039943,40.84436999973863],[-73.88831900044053,40.84517899982136],[-73.88775700002573,40.84489800029629],[-73.8877129996448,40.844954999730355],[-73.88748400021427,40.84522099983907],[-73.88794799982145,40.84544999987194],[-73.88804800027889,40.84549400032472],[-73.88800999974573,40.84553899969196],[-73.88783599966847,40.84574299997376],[-73.88734000027422,40.84632899968882],[-73.88669699966859,40.84708200032562],[-73.88601700015133,40.847877999841906],[-73.88575299966237,40.847748000285605],[-73.88561100027046,40.847877999841906],[-73.88533400026101,40.84774200002816],[-73.88450599970746,40.84871200017047],[-73.88469099965539,40.8488289999832],[-73.8844389997603,40.84908700021666],[-73.88455699976109,40.84915899977066],[-73.88480199998347,40.84930900011915],[-73.88447800011836,40.85004400004407],[-73.88419899956078,40.85070499968846],[-73.88382000034242,40.8514990001047],[-73.88328100039217,40.85256400001494],[-73.88273300022108,40.85365000018507],[-73.88166799984107,40.85334800008764],[-73.88071399978908,40.85679800031465],[-73.88062599992554,40.856756000160935],[-73.87990100020247,40.85644500007051],[-73.87935700022933,40.856159000046596],[-73.87885599991391,40.855901000172615],[-73.87825099984143,40.8556019999175],[-73.87764499994401,40.85536800022407],[-73.87741800016327,40.85538000003678],[-73.87716100024534,40.855359999668224],[-73.87676899970987,40.85540700011712],[-73.87539399970844,40.85563500013005],[-73.87408099963129,40.85589700026668],[-73.87276900027734,40.856159000046596],[-73.87246499960541,40.856226000041815],[-73.87234300030502,40.856252999777354],[-73.87231200034287,40.85611399973803],[-73.87228700022851,40.85604500002077],[-73.87195999999037,40.85474599981955],[-73.87176300034686,40.854112999823485],[-73.87166200006453,40.85358499998561],[-73.87135900011585,40.85221100031258],[-73.87131399990999,40.85186800012259],[-73.87128200012293,40.851544000150625],[-73.87126299985636,40.851237999779336],[-73.87118699968838,40.84997800014826],[-73.87118699968838,40.84834800018706],[-73.87121099997783,40.84745399994087],[-73.87121900037376,40.84714500023199],[-73.87122100002357,40.84711800018237],[-73.87131399990999,40.84562600014873],[-73.87156400015523,40.844593999768215],[-73.87165000036894,40.84424000009631],[-73.87181900042336,40.84346499991691],[-73.87186200008105,40.84328100004166],[-73.87163000027748,40.84348699978656],[-73.87144799980429,40.84369599988288],[-73.87121799965051,40.84401499990371],[-73.87095900008276,40.84438899970683],[-73.87071700023341,40.84477899971024],[-73.87056400007253,40.84507599994026],[-73.87041000008674,40.84540499976473],[-73.86836399989058,40.844908000021675],[-73.86828299969972,40.844967000069964],[-73.86801900010909,40.84484100013359],[-73.86812700006413,40.844787000184624],[-73.86776800003892,40.84445400009333],[-73.8681250004143,40.84423400020075],[-73.86723499993644,40.84340300024499],[-73.86717200018725,40.84343300009353],[-73.86703200044515,40.843350000139736],[-73.86661700034347,40.84355700000277],[-73.86642499982455,40.84346299992841],[-73.86591099998864,40.84319700023899],[-73.86572699986561,40.843011000297174],[-73.86549500006203,40.842786000009646],[-73.86586300030807,40.84256100031744],[-73.86552400037435,40.8422449997923],[-73.8654420003586,40.84229600007796],[-73.86516699999896,40.84246599984051],[-73.86470300039178,40.84155199997665],[-73.8644649998421,40.84108799986502],[-73.86426200035082,40.840688000208175],[-73.86477199998876,40.840545999681424],[-73.86459999956132,40.84022099969531],[-73.8640990001442,40.840366000021895],[-73.8640620003343,40.84029099996291],[-73.8639379995874,40.84004500001627],[-73.8643679997577,40.83991999994502],[-73.864104999992,40.83819300002353],[-73.86407599967967,40.8380479997008],[-73.86359500035405,40.83809599993183],[-73.86357500026256,40.83797900019987],[-73.86355500017109,40.837865000157855],[-73.8636410003848,40.837855999788445],[-73.86407599967967,40.837813000121244],[-73.86371500000463,40.83569499972497],[-73.86319100012301,40.83573700031533],[-73.86315599996291,40.83553100027176],[-73.86296000014431,40.834419999964766],[-73.86294300042589,40.83429900001161],[-73.8631540003131,40.834361999835025],[-73.86397000027277,40.83460600022607],[-73.86499499957152,40.8349110001316],[-73.86507400011257,40.83534199987654],[-73.8659789997607,40.835204999706306],[-73.866372999946,40.83503300010878],[-73.86651900043418,40.83496899978107],[-73.86712100013362,40.83514700026331],[-73.86785000005469,40.83536800018939],[-73.86814200013272,40.83545799972987],[-73.86904900032901,40.83569999994227],[-73.86976900002924,40.83586299988795],[-73.86999300033523,40.83591400032652],[-73.87017699955993,40.83595000013274],[-73.87045899959223,40.83598800013353],[-73.87076099971603,40.83603800002984],[-73.87122699987134,40.836110000167686],[-73.87154200041392,40.83614599986741],[-73.87208899986179,40.83620800021073],[-73.87336500012901,40.83629100027266],[-73.8737159997583,40.83631799997557],[-73.87368899999413,40.83638999980935],[-73.87382399971332,40.83639899969808],[-73.8738429999799,40.836326999874125],[-73.87425300005873,40.836341999702334],[-73.87507800023926,40.83638800028699],[-73.87639899981401,40.83645499988471],[-73.87694199996221,40.836505000108424],[-73.87761499980677,40.836569000312565],[-73.87848500019315,40.83602999985866],[-73.87947799970483,40.83520699994397],[-73.87998300021823,40.834680000133744],[-73.88126000031036,40.835126000124376],[-73.88189299997194,40.83535399991761],[-73.88202299966828,40.83539699982056],[-73.88220699979131,40.83514500002384],[-73.88269800006098,40.83448000030339],[-73.88324100020922,40.83381899990911],[-73.8838119999465,40.83323000026833],[-73.88420199993384,40.83280400014294],[-73.88458500024849,40.83228100023475],[-73.88493500005283,40.83173500008381],[-73.88526099956778,40.83103799977503],[-73.8854520002618,40.830503999822994],[-73.88566099960086,40.83047699979139],[-73.88563300001178,40.830642000039404],[-73.88637600017653,40.83090100022674],[-73.88722899994615,40.831201000307615],[-73.88808099989083,40.831502000225406],[-73.88893600020859,40.831798000304566],[-73.88906000005714,40.83158400022809],[-73.88909299966912,40.83152700017063],[-73.88952299983943,40.83167700032395],[-73.88956100037258,40.83161399998823],[-73.88997300010121,40.83175900011021],[-73.8899220000476,40.8318519999606],[-73.88979099962802,40.83208999975838],[-73.89071399971783,40.832408999900856],[-73.89162699976191,40.83273300030904],[-73.89173700026507,40.83266400003384],[-73.89215800021455,40.833644999829325],[-73.89312800016002,40.833421999985205],[-73.89370800011817,40.83469000004143],[-73.89378199973801,40.834750000135685],[-73.89408600040994,40.83491599972842],[-73.89415599983182,40.834981999672074],[-73.89442600016858,40.83463800023303],[-73.89437799958971,40.834367000152895],[-73.89419099999192,40.83329100013246],[-73.89512300030258,40.83319699977246],[-73.89524799997604,40.83388999993935],[-73.89575199976619,40.8336710001281],[-73.89557400038929,40.83344999998244],[-73.89580799984269,40.833337000115456],[-73.89642200013601,40.83327000008529],[-73.89636900043257,40.8335099998396],[-73.89696600010915,40.83434299971119],[-73.8951390001961,40.83542900012538]]]]}},{"type":"Feature","properties":{"zip":"10461","income":40024},"geometry":{"type":"MultiPolygon","coordinates":[[[[-73.86178400033452,40.85738599967093],[-73.8617910000072,40.857983000277784],[-73.85663800033113,40.85811900013361],[-73.8561649996048,40.858151000338864],[-73.85598899987771,40.858163000326925],[-73.85590699986193,40.85816800020807],[-73.85405499983453,40.858323999843215],[-73.8531090001785,40.85840999971149],[-73.8521729996699,40.85849899978941],[-73.85123299986167,40.85857300019827],[-73.85028200018274,40.85865700021331],[-73.84930899986423,40.85871799977735],[-73.84833700026893,40.85870200015331],[-73.84739699956235,40.858683000212594],[-73.84645799957902,40.85863600004971],[-73.84552500034177,40.858537999877456],[-73.84458800000827,40.858446000207806],[-73.8432950000226,40.85829000018053],[-73.84191099980035,40.85809199979973],[-73.84097199981699,40.857948999760644],[-73.84004600025246,40.85780700020974],[-73.83911099956876,40.857657000076046],[-73.83817599978339,40.85750799972478],[-73.83724099999802,40.85735800027287],[-73.83681900022363,40.85727699966663],[-73.83692800000357,40.857192999939926],[-73.83699999997359,40.85706300031471],[-73.83694200024726,40.856918999961636],[-73.83681300037584,40.856833000195955],[-73.83639499990109,40.85666000019487],[-73.83524599985546,40.85649400002435],[-73.83440999980432,40.8564289998975],[-73.83308800040463,40.85614500008979],[-73.83282100044092,40.856123999809235],[-73.83277500041018,40.85599099968973],[-73.83206099965942,40.85593900028562],[-73.83139399966265,40.855950999994896],[-73.83041500039465,40.8560539999584],[-73.82911999986085,40.85623899984034],[-73.82832300016774,40.85632099981743],[-73.82697199955744,40.85646000010181],[-73.82652399984379,40.85650600031258],[-73.82647899963793,40.85622399975899],[-73.82645900044477,40.85607699986901],[-73.82615700032099,40.85558200029543],[-73.82602000005363,40.85515199982568],[-73.82589500038016,40.85495000029431],[-73.8257010002114,40.854669000076605],[-73.82565900037861,40.854511000332636],[-73.82561300034786,40.85427200000811],[-73.82562699969324,40.85393600016908],[-73.8257430000442,40.85357599971254],[-73.8259260003423,40.85325199993932],[-73.82601699968058,40.85316099991092],[-73.82614700027523,40.85289000013891],[-73.82652200019396,40.85162200033899],[-73.82675999984534,40.851112000214954],[-73.82691100035639,40.85059000024365],[-73.82698099977827,40.849996999867614],[-73.82698099977827,40.849434999714546],[-73.8268920000898,40.848849000284794],[-73.82684500023416,40.848646999883215],[-73.82677499991394,40.848406999890784],[-73.82668899970022,40.84817100008117],[-73.82657599972232,40.84791299967888],[-73.82643299960718,40.847637999782364],[-73.82626899957566,40.84737100026613],[-73.82612700018375,40.84712300021755],[-73.8258839996112,40.846668999833746],[-73.8256810001199,40.84625499987383],[-73.82549299979894,40.845837000212036],[-73.82558300021061,40.84578000017742],[-73.82570600023426,40.84564200021252],[-73.8256459999598,40.845202000109396],[-73.82558599968536,40.84421599983127],[-73.82557999983759,40.84281499979362],[-73.8258069996183,40.84287999968506],[-73.82624099998657,40.842993999936674],[-73.82608399962774,40.84137200033068],[-73.82596200032731,40.83997700026228],[-73.82590799990062,40.83874499971395],[-73.8258839996112,40.83815200004412],[-73.82586000022006,40.83756500032664],[-73.82584000012858,40.83705899976447],[-73.82568799979262,40.83657200026751],[-73.82554800005053,40.836274000227476],[-73.82540800030844,40.83588800022781],[-73.82538999986677,40.835519000262664],[-73.82549500034708,40.83521800023071],[-73.8256090001499,40.83500999969012],[-73.82591499957333,40.83462800031741],[-73.82622000007017,40.83435499993312],[-73.8270810002357,40.83390999999162],[-73.82835599977969,40.83328400011747],[-73.82854099972762,40.833571999929454],[-73.82863600016218,40.83372099973283],[-73.82907100035537,40.834252000223],[-73.82923299983875,40.834449000010615],[-73.82956699974959,40.83462399980708],[-73.82992099975192,40.834756999995896],[-73.8307429995594,40.83495999969819],[-73.83223999975957,40.835270000263904],[-73.83235899958524,40.83515100006249],[-73.83272900037943,40.83501499995912],[-73.83330599996451,40.83479100018017],[-73.83388500009774,40.83454999983689],[-73.83418600039663,40.83441699991243],[-73.83438899988789,40.834327000318105],[-73.8348120003855,40.83413000016798],[-73.83531100015279,40.83388600006413],[-73.83638999987821,40.835836999769235],[-73.83723400032531,40.835574999833305],[-73.83770799997824,40.835357999704314],[-73.83844100009726,40.83513399972498],[-73.83823100003498,40.83374799980283],[-73.83810399981336,40.83281900008856],[-73.8378460000705,40.831828999797814],[-73.83749999956578,40.83050700005241],[-73.83740699967935,40.83018199978714],[-73.83738800031111,40.83012300017255],[-73.83753899992385,40.83009900023368],[-73.83755599964226,40.830156000159306],[-73.83793599958386,40.83007899971154],[-73.8382050000957,40.8300130003247],[-73.83849100032597,40.82992200033115],[-73.83883799975729,40.82978999981986],[-73.83903699994893,40.829656999862735],[-73.83920199980535,40.829631999892115],[-73.84128999983432,40.82926299977335],[-73.84231099983342,40.82907899989921],[-73.84236799973483,40.829430999921776],[-73.84233099992491,40.82994099968284],[-73.84218899963469,40.83031000010687],[-73.8420279999762,40.83050799990228],[-73.8419149999983,40.830810000092505],[-73.84227900004636,40.83126699987133],[-73.84241600031372,40.831207000023475],[-73.84254799965989,40.83105600032471],[-73.84267099968352,40.83085700028203],[-73.84309599983098,40.83078200033978],[-73.8444149997559,40.830598999771276],[-73.8445770001376,40.83130200032394],[-73.84420600041685,40.831338999753065],[-73.84203999967177,40.83312300024851],[-73.84171699963157,40.83340099997959],[-73.84098000021291,40.83400899968556],[-73.83995500001586,40.83490100025723],[-73.8399080001602,40.835123000103984],[-73.83996099986364,40.83549300000903],[-73.84002799981079,40.83566300022821],[-73.842181999962,40.8353740002079],[-73.8432320002734,40.8352310000729],[-73.84468699974248,40.83624699982696],[-73.84472799975035,40.836211999945895],[-73.84531100008155,40.835715999683686],[-73.84545199964853,40.835684000197034],[-73.84559200028892,40.835651000243026],[-73.84573799987879,40.83610700019184],[-73.84590500028338,40.83627299978494],[-73.84667799968705,40.836793999955816],[-73.84649899958691,40.83694000005581],[-73.84688000025173,40.83723299971922],[-73.84676300007585,40.83733199988804],[-73.8472660000411,40.83768500001424],[-73.84758900008129,40.83740999981395],[-73.84815800016877,40.837795999786756],[-73.84849100025471,40.838026000064744],[-73.84916400009926,40.838487999724464],[-73.84937300033663,40.83863299976436],[-73.84984000031687,40.83895800006077],[-73.85004100015833,40.83909400023054],[-73.85047899982624,40.839400999987596],[-73.85026200009125,40.83959800010555],[-73.85015099976317,40.83969799985168],[-73.85063399963693,40.83998799975749],[-73.85093800030886,40.839716999799954],[-73.85102699999733,40.83977799981184],[-73.85107399985297,40.83981099975023],[-73.85081100008726,40.840051000291055],[-73.85117000011246,40.84028199992292],[-73.85142000035772,40.840054999794326],[-73.85172199958319,40.84026700030663],[-73.85223499959419,40.8406169999828],[-73.85289999994114,40.841072000061],[-73.85253000004526,40.84143599991345],[-73.8522649997314,40.841695999749184],[-73.85263299997743,40.84165499989772],[-73.8526589999167,40.841793000009574],[-73.8526229999317,40.841797000087304],[-73.85269200042697,40.84214099975446],[-73.85326800018717,40.84207500014243],[-73.85333500013431,40.84246999987766],[-73.854299000232,40.842670999733826],[-73.85520999972793,40.842975000248124],[-73.85497600027452,40.84303399997848],[-73.85204299997356,40.84387099973291],[-73.85158400038924,40.8439800000467],[-73.85113099975439,40.84410600026088],[-73.85040600003131,40.84433500006914],[-73.8502579998933,40.844363999854856],[-73.85027100031209,40.844597000039556],[-73.85115199967079,40.84432199997358],[-73.85178699988053,40.84416900027813],[-73.85200699998855,40.84445200013462],[-73.85185300000276,40.84452000005457],[-73.85235500014309,40.84516799982845],[-73.85276100002395,40.8449830002928],[-73.85287099962882,40.84512700008612],[-73.8529979998504,40.84529300019579],[-73.85282200012331,40.84537199989322],[-73.85306800017062,40.84567699987133],[-73.8528339998189,40.845782999715496],[-73.85380499958929,40.84701999996023],[-73.85420399979746,40.84683500015818],[-73.85427999996544,40.846932999974406],[-73.85444700037002,40.84714599983091],[-73.85428499998831,40.84721800013482],[-73.85452099998984,40.84753000032138],[-73.85428199961525,40.84763599991981],[-73.85479299997642,40.84828699990833],[-73.8549469999622,40.84821800019376],[-73.85520999972793,40.8485729999386],[-73.85540499972161,40.848485999953105],[-73.85546800036911,40.84845800019125],[-73.85561899998184,40.84865199980309],[-73.85522499979656,40.848846999779255],[-73.85543300020902,40.84910999982783],[-73.85635700012374,40.85029000025036],[-73.8565880001024,40.85018599992654],[-73.85683499997464,40.85048999994381],[-73.85660200034611,40.85059399979046],[-73.85682400010397,40.850869000329894],[-73.85674299991311,40.85092700028557],[-73.85703300034133,40.85130399977911],[-73.85712000037998,40.8512719996639],[-73.8578469997529,40.85220199985281],[-73.85824799961088,40.85201300010852],[-73.85834800006832,40.85214199992769],[-73.85851200009984,40.85235200010743],[-73.85863299957536,40.85250700033087],[-73.8587690000178,40.85268000030542],[-73.85836599961166,40.852862999712244],[-73.85892200017867,40.85357299984774],[-73.85932399986156,40.853387999995135],[-73.85948600024328,40.853594999759125],[-73.85921300043181,40.85371000010346],[-73.8590719999665,40.85376899978913],[-73.85928500040183,40.8540429998862],[-73.8595020001368,40.85448900004597],[-73.85993599960676,40.854372000035546],[-73.8599799999877,40.85444900012371],[-73.86009999963828,40.85465599996998],[-73.86013200032365,40.854725999939056],[-73.8601709997834,40.8548089999133],[-73.86023000023293,40.854936000081956],[-73.86098599991817,40.85647600026739],[-73.86097099984957,40.856807000150035],[-73.86191999987865,40.85678299968042],[-73.86188899991652,40.85692199967492],[-73.86178400033452,40.85738599967093]]]]}},{"type":"Feature","properties":{"zip":"10462","income":33735},"geometry":{"type":"MultiPolygon","coordinates":[[[[-73.8719209996323,40.85636099996824],[-73.87167999960788,40.856462999835905],[-73.8691039996823,40.8572189998344],[-73.86885900035824,40.85722499991312],[-73.86838300015718,40.85781200011773],[-73.86758800011386,40.857830000191136],[-73.86658300000828,40.85785599983557],[-73.86564200037512,40.857882000149196],[-73.86467099970643,40.85790600022063],[-73.86287999977837,40.857953000222025],[-73.8617910000072,40.857983000277784],[-73.86178400033452,40.85738599967093],[-73.86188899991652,40.85692199967492],[-73.86191999987865,40.85678299968042],[-73.86097099984957,40.856807000150035],[-73.86098599991817,40.85647600026739],[-73.86023000023293,40.854936000081956],[-73.8601709997834,40.8548089999133],[-73.86013200032365,40.854725999939056],[-73.86009999963828,40.85465599996998],[-73.8599799999877,40.85444900012371],[-73.85993599960676,40.854372000035546],[-73.8595020001368,40.85448900004597],[-73.85928500040183,40.8540429998862],[-73.8590719999665,40.85376899978913],[-73.85921300043181,40.85371000010346],[-73.85948600024328,40.853594999759125],[-73.85932399986156,40.853387999995135],[-73.85892200017867,40.85357299984774],[-73.85836599961166,40.852862999712244],[-73.8587690000178,40.85268000030542],[-73.85863299957536,40.85250700033087],[-73.85851200009984,40.85235200010743],[-73.85834800006832,40.85214199992769],[-73.85824799961088,40.85201300010852],[-73.8578469997529,40.85220199985281],[-73.85712000037998,40.8512719996639],[-73.85703300034133,40.85130399977911],[-73.85674299991311,40.85092700028557],[-73.85682400010397,40.850869000329894],[-73.85660200034611,40.85059399979046],[-73.85683499997464,40.85048999994381],[-73.8565880001024,40.85018599992654],[-73.85635700012374,40.85029000025036],[-73.85543300020902,40.84910999982783],[-73.85522499979656,40.848846999779255],[-73.85561899998184,40.84865199980309],[-73.85546800036911,40.84845800019125],[-73.85540499972161,40.848485999953105],[-73.85520999972793,40.8485729999386],[-73.8549469999622,40.84821800019376],[-73.85479299997642,40.84828699990833],[-73.85428199961525,40.84763599991981],[-73.85452099998984,40.84753000032138],[-73.85428499998831,40.84721800013482],[-73.85444700037002,40.84714599983091],[-73.85427999996544,40.846932999974406],[-73.85420399979746,40.84683500015818],[-73.85380499958929,40.84701999996023],[-73.8528339998189,40.845782999715496],[-73.85306800017062,40.84567699987133],[-73.85282200012331,40.84537199989322],[-73.8529979998504,40.84529300019579],[-73.85287099962882,40.84512700008612],[-73.85276100002395,40.8449830002928],[-73.85235500014309,40.84516799982845],[-73.85185300000276,40.84452000005457],[-73.85200699998855,40.84445200013462],[-73.85178699988053,40.84416900027813],[-73.85115199967079,40.84432199997358],[-73.85027100031209,40.844597000039556],[-73.8502579998933,40.844363999854856],[-73.85040600003131,40.84433500006914],[-73.85113099975439,40.84410600026088],[-73.85158400038924,40.8439800000467],[-73.85204299997356,40.84387099973291],[-73.85497600027452,40.84303399997848],[-73.85520999972793,40.842975000248124],[-73.854299000232,40.842670999733826],[-73.85333500013431,40.84246999987766],[-73.85326800018717,40.84207500014243],[-73.85269200042697,40.84214099975446],[-73.8526229999317,40.841797000087304],[-73.8526589999167,40.841793000009574],[-73.85263299997743,40.84165499989772],[-73.8522649997314,40.841695999749184],[-73.85253000004526,40.84143599991345],[-73.85289999994114,40.841072000061],[-73.85223499959419,40.8406169999828],[-73.85172199958319,40.84026700030663],[-73.85142000035772,40.840054999794326],[-73.85117000011246,40.84028199992292],[-73.85081100008726,40.840051000291055],[-73.85107399985297,40.83981099975023],[-73.85102699999733,40.83977799981184],[-73.85093800030886,40.839716999799954],[-73.85063399963693,40.83998799975749],[-73.85015099976317,40.83969799985168],[-73.85026200009125,40.83959800010555],[-73.85047899982624,40.839400999987596],[-73.85004100015833,40.83909400023054],[-73.84984000031687,40.83895800006077],[-73.84937300033663,40.83863299976436],[-73.84916400009926,40.838487999724464],[-73.84849100025471,40.838026000064744],[-73.84815800016877,40.837795999786756],[-73.84758900008129,40.83740999981395],[-73.8472660000411,40.83768500001424],[-73.84676300007585,40.83733199988804],[-73.84688000025173,40.83723299971922],[-73.84649899958691,40.83694000005581],[-73.84667799968705,40.836793999955816],[-73.84590500028338,40.83627299978494],[-73.84573799987879,40.83610700019184],[-73.84559200028892,40.835651000243026],[-73.84545199964853,40.835684000197034],[-73.84531100008155,40.835715999683686],[-73.84472799975035,40.836211999945895],[-73.84468699974248,40.83624699982696],[-73.8432320002734,40.8352310000729],[-73.842181999962,40.8353740002079],[-73.84002799981079,40.83566300022821],[-73.83996099986364,40.83549300000903],[-73.8399080001602,40.835123000103984],[-73.83995500001586,40.83490100025723],[-73.84098000021291,40.83400899968556],[-73.84171699963157,40.83340099997959],[-73.84203999967177,40.83312300024851],[-73.84420600041685,40.831338999753065],[-73.8445770001376,40.83130200032394],[-73.8444149997559,40.830598999771276],[-73.84309599983098,40.83078200033978],[-73.84267099968352,40.83085700028203],[-73.84254799965989,40.83105600032471],[-73.84241600031372,40.831207000023475],[-73.84227900004636,40.83126699987133],[-73.8419149999983,40.830810000092505],[-73.8420279999762,40.83050799990228],[-73.84218899963469,40.83031000010687],[-73.84233099992491,40.82994099968284],[-73.84236799973483,40.829430999921776],[-73.84231099983342,40.82907899989921],[-73.84231400020647,40.82892300006402],[-73.8423080003587,40.828798999968136],[-73.84234599999351,40.82879499978577],[-73.84238700000141,40.8287899997274],[-73.84238500035158,40.82868800008579],[-73.84281200014884,40.82863700020609],[-73.84291500008102,40.828621999994084],[-73.84314199986173,40.828578999775495],[-73.84391699981353,40.82844699998926],[-73.84410299958637,40.82847300028722],[-73.84443999987026,40.82852099997388],[-73.84455100019834,40.82853700008831],[-73.84525500000504,40.82846300012154],[-73.84504499994276,40.828799999843724],[-73.84585000003179,40.828914999714016],[-73.84696800011527,40.82922900015273],[-73.84726100001824,40.82931299998337],[-73.84874899999757,40.829651000006535],[-73.84949200016234,40.8299090001277],[-73.85063199998712,40.830232999837946],[-73.85122399964082,40.83041399967494],[-73.85293400027632,40.830932000139406],[-73.85474399957263,40.831477000270674],[-73.85546300034625,40.83168499966103],[-73.85597700018215,40.83183100013737],[-73.85743000000137,40.83226600016744],[-73.85759599968273,40.83231399982717],[-73.8588529996834,40.83267299974877],[-73.86033499981492,40.833128999790524],[-73.86032800014225,40.83321700003378],[-73.86034400003577,40.83329400023572],[-73.86043500027237,40.83346099988102],[-73.86058300041036,40.83356199985307],[-73.86085100019895,40.8336139998258],[-73.86109600042136,40.83363199967614],[-73.86129800008771,40.83354099989177],[-73.86144200002776,40.83345099978796],[-73.86157099989919,40.83350100023827],[-73.86167200018153,40.83353900028351],[-73.86287999977837,40.83388900014053],[-73.863916999671,40.83419499974054],[-73.86593100008011,40.83479299975074],[-73.866372999946,40.83503300010878],[-73.8659789997607,40.835204999706306],[-73.86507400011257,40.83534199987654],[-73.86499499957152,40.8349110001316],[-73.86397000027277,40.83460600022607],[-73.8631540003131,40.834361999835025],[-73.86294300042589,40.83429900001161],[-73.86296000014431,40.834419999964766],[-73.86315599996291,40.83553100027176],[-73.86319100012301,40.83573700031533],[-73.86371500000463,40.83569499972497],[-73.86407599967967,40.837813000121244],[-73.8636410003848,40.837855999788445],[-73.86355500017109,40.837865000157855],[-73.86357500026256,40.83797900019987],[-73.86359500035405,40.83809599993183],[-73.86407599967967,40.8380479997008],[-73.864104999992,40.83819300002353],[-73.8643679997577,40.83991999994502],[-73.8639379995874,40.84004500001627],[-73.8640620003343,40.84029099996291],[-73.8640990001442,40.840366000021895],[-73.86459999956132,40.84022099969531],[-73.86477199998876,40.840545999681424],[-73.86426200035082,40.840688000208175],[-73.8644649998421,40.84108799986502],[-73.86470300039178,40.84155199997665],[-73.86516699999896,40.84246599984051],[-73.8654420003586,40.84229600007796],[-73.86552400037435,40.8422449997923],[-73.86586300030807,40.84256100031744],[-73.86549500006203,40.842786000009646],[-73.86572699986561,40.843011000297174],[-73.86591099998864,40.84319700023899],[-73.86642499982455,40.84346299992841],[-73.86661700034347,40.84355700000277],[-73.86703200044515,40.843350000139736],[-73.86717200018725,40.84343300009353],[-73.86723499993644,40.84340300024499],[-73.8681250004143,40.84423400020075],[-73.86776800003892,40.84445400009333],[-73.86812700006413,40.844787000184624],[-73.86801900010909,40.84484100013359],[-73.86828299969972,40.844967000069964],[-73.86836399989058,40.844908000021675],[-73.87041000008674,40.84540499976473],[-73.87056400007253,40.84507599994026],[-73.87071700023341,40.84477899971024],[-73.87095900008276,40.84438899970683],[-73.87121799965051,40.84401499990371],[-73.87144799980429,40.84369599988288],[-73.87163000027748,40.84348699978656],[-73.87186200008105,40.84328100004166],[-73.87181900042336,40.84346499991691],[-73.87165000036894,40.84424000009631],[-73.87156400015523,40.844593999768215],[-73.87131399990999,40.84562600014873],[-73.87122100002357,40.84711800018237],[-73.87121900037376,40.84714500023199],[-73.87121099997783,40.84745399994087],[-73.87118699968838,40.84834800018706],[-73.87118699968838,40.84997800014826],[-73.87126299985636,40.851237999779336],[-73.87128200012293,40.851544000150625],[-73.87131399990999,40.85186800012259],[-73.87135900011585,40.85221100031258],[-73.87166200006453,40.85358499998561],[-73.87176300034686,40.854112999823485],[-73.87195999999037,40.85474599981955],[-73.87228700022851,40.85604500002077],[-73.87231200034287,40.85611399973803],[-73.87234300030502,40.856252999777354],[-73.8719209996323,40.85636099996824]]]]}},{"type":"Feature","properties":{"zip":"10463","income":40497},"geometry":{"type":"MultiPolygon","coordinates":[[[[-73.9209560002517,40.88728799974785],[-73.92058600035585,40.887185999817945],[-73.91869599979529,40.88688500019349],[-73.91876100009264,40.885569999859506],[-73.91603700002902,40.884866999759936],[-73.9139780003124,40.88637400025457],[-73.91668700030736,40.886900999799586],[-73.9167960000873,40.88707200022955],[-73.91682100020167,40.88723999984035],[-73.91684600031603,40.887604999691575],[-73.9168809995778,40.88874699994595],[-73.91672900014017,40.88945200021139],[-73.91634400017568,40.891287000012596],[-73.91418199962858,40.89059100028163],[-73.91356400003562,40.89063699987313],[-73.91302300043552,40.89060900027323],[-73.91269700002229,40.89056899975703],[-73.91282300041898,40.890066999813676],[-73.91194800000974,40.890132999828886],[-73.91195999970532,40.889670000061855],[-73.91147000015886,40.889629000020214],[-73.9097620000715,40.889510000335164],[-73.90906400011261,40.889507999699475],[-73.90889300040837,40.889395999996744],[-73.90879899979873,40.889360999668824],[-73.90869599986655,40.889322999718615],[-73.90841800003221,40.889122000155275],[-73.90799899973257,40.8889070001594],[-73.90759700004963,40.88820099986168],[-73.90738799981229,40.88781999984317],[-73.90626300005611,40.88757100012161],[-73.90557699979276,40.889967999667434],[-73.90551300021865,40.890194999906655],[-73.90538099997416,40.890132999828886],[-73.90525299992764,40.89009200007412],[-73.90512700042926,40.890066000183374],[-73.90498500013904,40.890053000234154],[-73.90485399971949,40.8900539998647],[-73.90472400002315,40.89006899975337],[-73.90460000017461,40.890095999951946],[-73.90445799988436,40.890145000133245],[-73.90443299977,40.890156999756385],[-73.90435900015017,40.88976899997482],[-73.9039399998505,40.88959799972339],[-73.9038400002914,40.88962100020786],[-73.9037060003971,40.889625000114165],[-73.90354900003825,40.88960699985485],[-73.90337099976301,40.88956500013632],[-73.90320599990656,40.88949599995869],[-73.903046000073,40.88941899987235],[-73.9029670004303,40.889322000077016],[-73.90285899957694,40.88916499979899],[-73.90301099991291,40.888822999806976],[-73.90278099975914,40.88878700020533],[-73.90254300010776,40.88768300019691],[-73.90236700038066,40.887254000015034],[-73.90144599994068,40.886992000329656],[-73.90050600013242,40.88672499984484],[-73.90028799967422,40.88666299991136],[-73.89983999996056,40.88653699982373],[-73.89838700014134,40.88939099975701],[-73.89794000025258,40.8904900003134],[-73.89780700018319,40.89067699966908],[-73.89711500007206,40.892086000176285],[-73.89669300029766,40.893005000189795],[-73.89645800012103,40.89370600024538],[-73.89658500034264,40.895157999900576],[-73.89670699964307,40.89580499977295],[-73.89699399969824,40.89787899990128],[-73.89709099978262,40.89859300022719],[-73.89718299984413,40.89934700030137],[-73.89717199997347,40.899678999932],[-73.89714699985912,40.899785999748296],[-73.89704899994983,40.900224000199735],[-73.89703499970612,40.900287999957705],[-73.89699200004841,40.90049999985955],[-73.89694799966747,40.90071100029137],[-73.8968780002456,40.90104100025747],[-73.89685800015411,40.90112799978302],[-73.8966670003584,40.902007000088965],[-73.89640899971724,40.90296100005552],[-73.89641100026537,40.90450499987164],[-73.89643499965649,40.905092999906465],[-73.89649300028113,40.90633900030692],[-73.89654599998457,40.907507000189426],[-73.89656400042624,40.908288000044244],[-73.89657899959654,40.90890899984685],[-73.8965960002133,40.90962799997797],[-73.89660600025903,40.91020199987893],[-73.89663100037339,40.91120699993012],[-73.89663399984812,40.911323999984965],[-73.89654299961153,40.911292999671474],[-73.89279900027206,40.9100579996884],[-73.89220500007023,40.90987800019724],[-73.89192800006077,40.90980900016056],[-73.89180500003715,40.909777999815596],[-73.8883939998853,40.9087199996978],[-73.88798399980645,40.90859300017428],[-73.88623700025936,40.90805199977063],[-73.88616500028932,40.90803000030055],[-73.88612400028146,40.90801599976995],[-73.88600999958031,40.90797899971106],[-73.88540100020816,40.90797700031278],[-73.8848320001207,40.90772300020454],[-73.88472599981549,40.90768499993868],[-73.88424600031477,40.907511999738865],[-73.88412699959078,40.9075030000065],[-73.88410599967439,40.90750099991493],[-73.88405399979582,40.90749699973164],[-73.88332173636573,40.90744592867676],[-73.88303384680677,40.90734191294579],[-73.88148221510532,40.90690013843299],[-73.87852414462718,40.90605784252948],[-73.87834999957562,40.90598299987232],[-73.87824640919219,40.905982999884166],[-73.87816904569287,40.90596379007947],[-73.87811324803657,40.90595204201281],[-73.87807316395993,40.905940725636704],[-73.87803799292902,40.9059368884499],[-73.87801692661849,40.90592958044586],[-73.87811199992423,40.905246000087196],[-73.87814899973417,40.90503499986526],[-73.87836999966709,40.9036650001612],[-73.87851199995733,40.90277599967071],[-73.87861400006456,40.90208600003871],[-73.87893700010476,40.90036400014156],[-73.87903400018914,40.89968500023721],[-73.8792130002893,40.89896999998062],[-73.87944400026797,40.89821699986927],[-73.87951200004002,40.89809200024311],[-73.87954300000216,40.89803499968327],[-73.87991399972293,40.897350999998636],[-73.88024199978598,40.89684400023079],[-73.8804040001677,40.89663600031627],[-73.88049200003124,40.896551000058444],[-73.8805869995675,40.8966930000445],[-73.881347000349,40.89583100012461],[-73.88400600011526,40.89311399978422],[-73.88493199967981,40.892113999830244],[-73.88625200032797,40.89080899977494],[-73.88661499965282,40.89046799975523],[-73.88719200013622,40.890027999958946],[-73.88720700020484,40.889880000092184],[-73.88721399987752,40.88982200029273],[-73.8872769996267,40.889331999887496],[-73.88732600003051,40.88880699998641],[-73.88733100005338,40.888307999907234],[-73.88729800044142,40.88749300016343],[-73.88723099959596,40.88680099999079],[-73.88701100038624,40.88539799992234],[-73.88697899970089,40.8851320001817],[-73.88696199998243,40.88481499993705],[-73.88696799983022,40.88469700013517],[-73.88698999957154,40.884444999704144],[-73.88704700037125,40.88435799997127],[-73.8870299997545,40.883889000167144],[-73.88696700000531,40.882813999878536],[-73.88724700038782,40.88284400021819],[-73.88757299990272,40.88290600033377],[-73.88783200036882,40.88290600033377],[-73.88809699978437,40.88285500006764],[-73.88809699978437,40.882763000220756],[-73.88812799974652,40.88265600003858],[-73.88836399974805,40.882267999742425],[-73.88997499975103,40.880233000161056],[-73.89011100019347,40.88010600027608],[-73.89035100039298,40.879897000255795],[-73.89062800040243,40.87967900013264],[-73.89069799982431,40.87962999967275],[-73.89089299981798,40.879479000273015],[-73.89108299978878,40.879311999771026],[-73.89126400043706,40.879132000149106],[-73.89140699965388,40.87896900000128],[-73.89212899990225,40.878057999839065],[-73.89407299999115,40.87558799973534],[-73.89732699978417,40.87144599966056],[-73.89779999961219,40.8716820001099],[-73.89817899972887,40.8731450001735],[-73.89830199975252,40.87347999982772],[-73.89843300017209,40.873742000020506],[-73.89848500005061,40.87379100008405],[-73.89857799993705,40.873879999871036],[-73.89878999964915,40.874008999899466],[-73.89900100043465,40.8741030001094],[-73.89920099955289,40.874161999970674],[-73.89943499990461,40.8741569999384],[-73.89966500005839,40.87413799967651],[-73.89986500007491,40.87416700000252],[-73.90000599964192,40.8742089999837],[-73.90014700010722,40.874278999666636],[-73.90031600016162,40.874425999914685],[-73.90045199970577,40.87470199987295],[-73.9004759999952,40.87494900006831],[-73.90042900013954,40.87521900007739],[-73.90034100027599,40.87548899966449],[-73.90019999981068,40.875760000034646],[-73.9000960000536,40.87589000031973],[-73.90005400022082,40.87618400012747],[-73.89957999966957,40.87660800022163],[-73.90021400005438,40.87704699976126],[-73.90096999973962,40.87639199980818],[-73.90121199958894,40.87619499972529],[-73.90131600024434,40.87604499980353],[-73.90169799983576,40.8762659998641],[-73.90215099957229,40.875586000037266],[-73.90236200035778,40.87516600029074],[-73.90271299998707,40.87398500022918],[-73.9026719999792,40.87392600021016],[-73.90285799975203,40.87337699979208],[-73.90246600011487,40.873304000184234],[-73.90267799982698,40.87261899967259],[-73.9026300001464,40.87260999994791],[-73.90310499962423,40.871183999891976],[-73.90330200016604,40.87074299966961],[-73.90347799989313,40.870507999874896],[-73.90370300002404,40.87029000007985],[-73.90362199983319,40.87017899971209],[-73.90390399986549,40.87003999968686],[-73.9035790001755,40.86975000019515],[-73.90379400026063,40.86961700026342],[-73.90404199995776,40.869543999906384],[-73.90448299999873,40.86938800020445],[-73.90414900008787,40.86978799983538],[-73.90430899992144,40.87000300012457],[-73.90460099999949,40.869849999952535],[-73.90465299987801,40.86991299994632],[-73.90481799973448,40.869832999685144],[-73.90570400001435,40.86940200007944],[-73.906191999911,40.86908200006123],[-73.90669700042436,40.868777999766245],[-73.90700899969558,40.86857199985019],[-73.90735299965218,40.86831500005224],[-73.9075870000039,40.86804800030801],[-73.90776299973099,40.86782000022383],[-73.90792000008983,40.86787499970816],[-73.90814400039584,40.86719000009296],[-73.9083679998035,40.86724700005059],[-73.90793000013556,40.86845099975236],[-73.90768499991319,40.86896699991039],[-73.90793299961031,40.86903199996109],[-73.90892600002033,40.86663099968459],[-73.90933799974897,40.865703000287155],[-73.910142999838,40.86424700033697],[-73.91059899994758,40.86362399971181],[-73.91118999977638,40.863066999850446],[-73.91155399982443,40.86266999983675],[-73.91251999957197,40.861878000255714],[-73.91270399969498,40.86191600033696],[-73.91293899987163,40.86196400026541],[-73.9132340003227,40.86204800005643],[-73.91083099975117,40.864131999941854],[-73.90920800005263,40.86729100029415],[-73.90889000003531,40.867943000044995],[-73.90833900038949,40.86971099991594],[-73.90831000007717,40.87005799983367],[-73.90831000007717,40.87065199989429],[-73.90841100035952,40.871318999899636],[-73.90852599998723,40.87179200008944],[-73.90860499962996,40.87167799979844],[-73.90868199962286,40.87175799986825],[-73.91048500014477,40.874014999815735],[-73.91053200000043,40.87406600010052],[-73.91520000015294,40.875581000112525],[-73.9173090000983,40.8760369997076],[-73.91893199979685,40.87638799978127],[-73.91912199976764,40.876428999875564],[-73.919808000031,40.87657699993835],[-73.92162999992118,40.878321000060794],[-73.92260200041477,40.87877900008067],[-73.92450299994768,40.87897399967005],[-73.92465000026077,40.87903800028785],[-73.92497400012587,40.87914399973161],[-73.9209560002517,40.88728799974785]]]]}},{"type":"Feature","properties":{"zip":"10464","income":57458},"geometry":{"type":"MultiPolygon","coordinates":[[[[-73.81956900036903,40.870282999896915],[-73.81900899960404,40.87120699998316],[-73.81869300013486,40.87193799984184],[-73.8186549996017,40.872268999893336],[-73.81852200043065,40.872990999901575],[-73.81848499972239,40.873680000151474],[-73.81842100014829,40.87551099976848],[-73.81840199988173,40.876228999705575],[-73.81840199988173,40.876655999689554],[-73.81817299955287,40.8774929998863],[-73.81609499956964,40.88346299970913],[-73.81578400012334,40.88433600009094],[-73.8154579997101,40.88557400001067],[-73.81530000042466,40.88633899968643],[-73.81525600004373,40.88666000018696],[-73.81541300040256,40.886654999740465],[-73.81538300026534,40.88678899975911],[-73.8152319997543,40.88681199986172],[-73.81518800027168,40.88725199999024],[-73.81516499980715,40.888999000293644],[-73.81504799963128,40.88895100026909],[-73.8141770003183,40.88879500011849],[-73.81366599995715,40.88866100008729],[-73.81243900009372,40.888353000071476],[-73.8123239995677,40.888321000199305],[-73.81128099982728,40.88805400032297],[-73.81099999961988,40.88798299992532],[-73.81040799996617,40.88783199988791],[-73.80994199981085,40.88768999989818],[-73.8099230004426,40.88768399986319],[-73.80965099955772,40.887636999909994],[-73.80875699978021,40.88740200032236],[-73.80757500012264,40.887097999938504],[-73.8063979995896,40.88679499987519],[-73.80536800026799,40.886527999953834],[-73.8049969996489,40.88643300004499],[-73.80440199962216,40.88628100017886],[-73.80529799994778,40.88599799972134],[-73.80339499986675,40.885445999807665],[-73.80219899996547,40.885210000206264],[-73.79925099959588,40.88462999973961],[-73.79449299993001,40.88306799987952],[-73.79410700014063,40.88363100033202],[-73.79328399960995,40.88341900002534],[-73.79301599982132,40.88336099999611],[-73.79370200008468,40.88289699997002],[-73.79366399955153,40.881904000092426],[-73.79436300023367,40.881351000228385],[-73.79468799992368,40.880619999709154],[-73.7950620000175,40.880555000167796],[-73.79524000029272,40.88042500021443],[-73.79499699972017,40.8796779996662],[-73.7952240003992,40.87881600017231],[-73.79610200028317,40.877013000201096],[-73.7969140000449,40.87646000022814],[-73.79684899974757,40.8761349997974],[-73.79800299981606,40.874298999756554],[-73.79863700020088,40.87420099966586],[-73.79899399967795,40.87447799974868],[-73.7997090002536,40.873925000336065],[-73.7997090002536,40.87366499994442],[-73.80034299974011,40.87257600014679],[-73.80096000040648,40.87137399987414],[-73.80138300000577,40.87130900008459],[-73.8025529999678,40.87046399973106],[-73.80297499974219,40.86890399969587],[-73.80409700002363,40.868839000198804],[-73.80455200030829,40.868805999771304],[-73.80489299989183,40.869163999763195],[-73.80523400037369,40.869114999671844],[-73.80547299984997,40.86885200023917],[-73.80581900035469,40.86890399969586],[-73.80593300015751,40.86913100017699],[-73.80573800016384,40.86929400009337],[-73.80576999995088,40.86952099991683],[-73.80787600042153,40.871030999731666],[-73.80881600022977,40.87124899980424],[-73.8083459998765,40.870877999897104],[-73.80848399996874,40.870609999694565],[-73.80848399996874,40.87044800022724],[-73.80787700024642,40.87051999966207],[-73.80747700021335,40.870220000255145],[-73.80783399969042,40.869862999794414],[-73.80757400029773,40.869749000257904],[-73.80665500040588,40.86953000006138],[-73.80671300013219,40.868741000178126],[-73.8058679998602,40.868367999888676],[-73.80490899978537,40.86825399981626],[-73.80472999968522,40.867603999670195],[-73.80479499998253,40.86659600022515],[-73.80390200002996,40.86711599980069],[-73.80307299965148,40.86698599994995],[-73.8029820003132,40.86661299996489],[-73.80313799994883,40.86615799999074],[-73.80308900044332,40.865703000287155],[-73.80282900015231,40.86558899970292],[-73.80232500036216,40.86558899970292],[-73.80180499978016,40.865897999669464],[-73.8014480003031,40.86685599984399],[-73.79799699996828,40.872133999784836],[-73.79758000021677,40.872414000055464],[-73.79717400033591,40.87244600014686],[-73.79590700028949,40.872089000140335],[-73.7952240003992,40.872315999891654],[-73.79519199971384,40.87288500011505],[-73.79467200003015,40.873128999959036],[-73.79402199975183,40.87433100029536],[-73.79397300024633,40.87511100007003],[-73.79377800025266,40.875745000298814],[-73.79363199976449,40.87629800013137],[-73.79369700006183,40.87671999983156],[-73.79350200006814,40.876899000070004],[-73.79343699977082,40.877013000201096],[-73.79436300023367,40.8772729996702],[-73.79452499971707,40.87749999998619],[-73.79402199975183,40.87837799994524],[-73.79366399955153,40.87873499999982],[-73.79329000035604,40.87881600017231],[-73.79309500036237,40.879385000225305],[-73.79257499978036,40.87966099988478],[-73.7921689998995,40.8796779996662],[-73.7918440002095,40.8799380002143],[-73.79155200013145,40.8800679997658],[-73.79111299974029,40.88005100008448],[-73.79072299975296,40.880230000145225],[-73.79067400024748,40.88047400008578],[-73.79093399964016,40.88068499986584],[-73.7909019998531,40.880896000331646],[-73.79007300037294,40.88107500014479],[-73.78960200019473,40.88104300014926],[-73.78925999988797,40.880782999866526],[-73.78908199961275,40.88035999980236],[-73.78908199961275,40.879985999984385],[-73.78947199960008,40.87975900004314],[-73.7899589996718,40.879694000335505],[-73.79000800007562,40.87951500018367],[-73.78979700018841,40.87922299981538],[-73.78924399999445,40.87897900001773],[-73.7881069996444,40.87894599988976],[-73.78642500039463,40.87914999986167],[-73.78577599994121,40.87888400013995],[-73.78518299956427,40.87775000005879],[-73.78529999974013,40.87663399996605],[-73.78579400038288,40.87585399979613],[-73.78608999976053,40.87522300017491],[-73.78690599972023,40.87430999966755],[-73.7873380004387,40.87340099968282],[-73.78770300031168,40.87299699991011],[-73.78757600009007,40.872838999731904],[-73.78756199984637,40.872555000320844],[-73.7872329999584,40.872374000089316],[-73.7863530004246,40.87281100007368],[-73.7860150003158,40.873258999976436],[-73.78581699994908,40.87363500019926],[-73.78572300023774,40.87370100029985],[-73.78563799984894,40.87363400032071],[-73.78569999977321,40.87322900004731],[-73.78578000013916,40.87281999977107],[-73.78568100040495,40.87238700011495],[-73.78556000003114,40.87215299994251],[-73.78538900032692,40.87204800007537],[-73.78467799994918,40.87310499996969],[-73.78402199982307,40.873692999920664],[-73.7838050000881,40.87373699995653],[-73.7835869996299,40.87378099996314],[-73.7833399997577,40.873512999963516],[-73.7834319998192,40.87317899968241],[-73.78382400035467,40.872805000048395],[-73.7836710001938,40.872679999962976],[-73.78305400042574,40.872679999962976],[-73.78272700018759,40.87242399970357],[-73.78251399975227,40.87165800027532],[-73.78408100027264,40.870153000149855],[-73.78582799981973,40.869045999911414],[-73.79017999960475,40.868147999918506],[-73.79190399958563,40.86082899972081],[-73.79368700001606,40.85917600020065],[-73.79403199979757,40.856550999675484],[-73.79647200017902,40.856207000070306],[-73.79798500027273,40.85484900029767],[-73.79841700009287,40.854962999663776],[-73.79876299969925,40.85382100021703],[-73.79837500026005,40.854245000144665],[-73.79816600002272,40.853750999971226],[-73.7981960001599,40.8519619998263],[-73.79849300026085,40.85065900020629],[-73.79932099991609,40.849912999743914],[-73.80020600037106,40.84792700001619],[-73.80183099971944,40.85013100002252],[-73.80499300034926,40.853236999861124],[-73.80438499990373,40.85329800033914],[-73.80480099983033,40.85472099979812],[-73.80563000020881,40.854710000030295],[-73.80457499987452,40.86119100030094],[-73.80565500032317,40.86123100022863],[-73.80664799983485,40.86097700000564],[-73.8075790003206,40.86038500027914],[-73.80759000019125,40.85866300016179],[-73.81096799983283,40.8627139997245],[-73.8138450000573,40.86403000033403],[-73.81510399970777,40.86305700014796],[-73.81516999983,40.864125999809424],[-73.81508899963916,40.86524400015397],[-73.81675200041899,40.86454400026238],[-73.81667899972574,40.86528000033266],[-73.81634099961693,40.86609999978282],[-73.81469199997913,40.86824200029783],[-73.81553499970299,40.86822199973685],[-73.81549000039547,40.86901400021471],[-73.81561699971876,40.86993299999652],[-73.81592499969032,40.870620000294444],[-73.81765299986918,40.86926499967081],[-73.81857900033202,40.870074000111],[-73.81892599976335,40.86953900020471],[-73.81856699973815,40.868923000101134],[-73.81797199971142,40.868557999799634],[-73.81726799990471,40.86849699978758],[-73.81710499969809,40.867763000080146],[-73.81747399976904,40.86730999980364],[-73.8187380003407,40.86843699967628],[-73.8192720002681,40.869184999985386],[-73.82012900023565,40.8691129997782],[-73.82046099959835,40.869308999932144],[-73.81956900036903,40.870282999896915]]],[[[-73.79171799981279,40.85731300009932],[-73.79131199993192,40.858140999894225],[-73.79051500023881,40.85813899966923],[-73.79012899955111,40.858956999688694],[-73.78933799970578,40.858816999785546],[-73.78889400019008,40.857977000267695],[-73.78884999980916,40.85631599979687],[-73.78870099984624,40.8550609996892],[-73.78851500007342,40.854337000213015],[-73.78843899990542,40.8540429998862],[-73.78818000033765,40.85407200017982],[-73.78778799980218,40.85416200014326],[-73.78744700021863,40.85421499975501],[-73.78727899998916,40.85421199991919],[-73.7871340002242,40.85417300000205],[-73.78706999975176,40.85410700014236],[-73.78704399981251,40.854050999921604],[-73.78704399981251,40.85401199990975],[-73.78710699956171,40.853971999699525],[-73.78727899998916,40.853913999691514],[-73.78755799964841,40.853821999715265],[-73.78773199972568,40.853759000041904],[-73.78814400035263,40.853663999989664],[-73.78687099956014,40.852531000311124],[-73.78627999973136,40.852017999774326],[-73.78588200024642,40.85175199976939],[-73.78564500041996,40.85179000022379],[-73.78546799996963,40.851666000091136],[-73.78551700037343,40.85154599989525],[-73.78552499987104,40.851512999684374],[-73.78441500018347,40.85177100033906],[-73.78434300021344,40.851640000055845],[-73.78436599977967,40.85149399972024],[-73.78401299960224,40.851590999909284],[-73.78396099972372,40.851474999750636],[-73.78355999986572,40.85156099967684],[-73.78345500028374,40.8513959998544],[-73.78379599986728,40.85125399984708],[-73.78395700042407,40.85117899987835],[-73.78431300007621,40.8510930001358],[-73.7845309996361,40.85105900015941],[-73.78436300030494,40.85043599984144],[-73.78425299980177,40.850214999869905],[-73.78366000032315,40.84936099997039],[-73.7834529997356,40.84920400004676],[-73.78333599955974,40.84918999997923],[-73.78313300006846,40.849226000049796],[-73.78303000013629,40.849078000012085],[-73.78245000017816,40.849329999841835],[-73.78194399983985,40.84894099969168],[-73.78181400014353,40.84894500001755],[-73.78158399998975,40.848728999743706],[-73.78147199983675,40.84872000017006],[-73.78147600003473,40.84857199968169],[-73.78175999971684,40.84849500023811],[-73.78182300036437,40.84854899988375],[-73.78210600022157,40.848468000059],[-73.7820879997799,40.84844099986895],[-73.78256900000385,40.84826599985508],[-73.78270899974592,40.848094000171606],[-73.78256200033115,40.84794000008411],[-73.78244500015529,40.84790399999437],[-73.78212200011511,40.84793099972373],[-73.78173899980045,40.8480250002561],[-73.78159099966246,40.84794000008411],[-73.78154800000473,40.84783900027362],[-73.78150799982177,40.84748399999417],[-73.78161099975392,40.84735300006916],[-73.78197099960406,40.84723599968894],[-73.7820519997949,40.847182000332445],[-73.78213499963557,40.84694100018876],[-73.78222699969709,40.8468590001543],[-73.7821370001837,40.84658000017224],[-73.78222599987217,40.846504999669875],[-73.78248600016316,40.846415999788036],[-73.78234999972072,40.8459889998381],[-73.78259599976803,40.845942999800265],[-73.78253100036902,40.845728999854565],[-73.78291299996044,40.84568300031581],[-73.78307899964177,40.845411000233824],[-73.78307899964177,40.84533500014126],[-73.78307799981688,40.8451639999542],[-73.78242699971362,40.845218999903516],[-73.78239599975149,40.84472799997611],[-73.7833049995976,40.84452399996771],[-73.78295200031849,40.84270600028211],[-73.78222599987217,40.84273500010104],[-73.7815599997003,40.84192100033906],[-73.78131399965302,40.84112499994914],[-73.78153200011123,40.84076200012277],[-73.78145099992037,40.8401270003265],[-73.78132799989672,40.839309000249436],[-73.78156499972319,40.83856299978468],[-73.78163400021846,40.838426000154286],[-73.78169600014274,40.83830200016041],[-73.78178200035647,40.83821199972359],[-73.78187199986985,40.83811199977454],[-73.78197700035015,40.838003000004846],[-73.78199099969554,40.83792200020338],[-73.78188600011353,40.837721999959086],[-73.78192000044874,40.837627000022486],[-73.78227600010088,40.83737499986725],[-73.78237599966,40.837342000075374],[-73.78244299960716,40.8373559999273],[-73.7826569998674,40.83748000033153],[-73.78274700027909,40.83750299989319],[-73.78285699988392,40.83748000033153],[-73.78289000039422,40.83736300019199],[-73.78289000039422,40.8372869997061],[-73.78288000034847,40.83716300030011],[-73.78279499995968,40.836859000314654],[-73.7827189997917,40.83663100026026],[-73.7827189997917,40.83647799980199],[-73.78283299959449,40.83635500000377],[-73.78293700024987,40.83633599977142],[-73.7830519998776,40.83639299977239],[-73.78321799955896,40.83672600026496],[-73.78331299999351,40.836854000184786],[-73.78336999989492,40.8368870002196],[-73.78344600006291,40.8368870002196],[-73.78361299956916,40.83684900005447],[-73.78389799997453,40.836758999683866],[-73.78412599958014,40.83674999984396],[-73.78429299998474,40.83681099986762],[-73.78442600005413,40.83696799992648],[-73.78452099959036,40.8371349998321],[-73.78465399965975,40.83727700019007],[-73.78480699982063,40.837387000220026],[-73.78496800037742,40.83746299991164],[-73.78508800002803,40.83754799992857],[-73.78517800043971,40.837677000041865],[-73.78522500029538,40.83776699984577],[-73.7853819997559,40.83785799994619],[-73.78548700023619,40.837972000000235],[-73.78548700023619,40.8380429996606],[-73.78543399963442,40.83835699968755],[-73.78542199993888,40.83848999986309],[-73.78560100003901,40.83911400007207],[-73.78607600041516,40.83957200009248],[-73.78631200041673,40.83964500018168],[-73.78646399985438,40.839721000003],[-73.78657799965718,40.839744999856954],[-73.78671099972658,40.839753999969844],[-73.78692499998681,40.839749000058276],[-73.78710599973678,40.83973000011915],[-73.78721500041505,40.83973000011915],[-73.7872959997076,40.83973000011915],[-73.7873390002636,40.83976399979178],[-73.78740100018788,40.83982999966617],[-73.78749099970126,40.839968000179674],[-73.78747999983061,40.84002899996051],[-73.78745600043946,40.840153999826214],[-73.78759600018155,40.840420000175],[-73.78762899979353,40.84050100032209],[-73.78759600018155,40.840533999900565],[-73.787472000333,40.84054799975799],[-73.78737600007352,40.84057499976585],[-73.78736299965473,40.840643000265594],[-73.78742899977696,40.84075300014677],[-73.78752900023441,40.84095700020923],[-73.78776699988579,40.840904999879804],[-73.78780500041893,40.840942999758596],[-73.78783800003087,40.84104300019403],[-73.78781499956635,40.84109499973551],[-73.78770999998437,40.84111399996299],[-73.78764800006009,40.84112900006721],[-73.78761000042526,40.841194999941635],[-73.78767999984714,40.84138199990853],[-73.78775699984003,40.841455000043176],[-73.78787099964285,40.84149600001837],[-73.78803399984947,40.841483999729896],[-73.78817600013971,40.841483999729896],[-73.78822499964518,40.84152100027256],[-73.78824999975954,40.84158199998336],[-73.78822899984314,40.841658999983814],[-73.7881560000482,40.84169199966539],[-73.78804200024538,40.841699999832805],[-73.78798100014602,40.84172400032936],[-73.78796899955213,40.84174499973735],[-73.7879920000167,40.84178899993163],[-73.78836299973744,40.84239900020205],[-73.7884089997682,40.84239900020205],[-73.78848099973821,40.84239900020205],[-73.78853199979184,40.842444999981424],[-73.788598999739,40.84253399975936],[-73.78870000002132,40.8426900001891],[-73.78877199999135,40.84283299986401],[-73.78881899984702,40.842985000263674],[-73.78892799962699,40.843129000320836],[-73.7890210004117,40.84322199985161],[-73.78909699968136,40.84322999983441],[-73.7895989998217,40.843103999993566],[-73.78967499998969,40.843239000153666],[-73.78977200007405,40.843529999850496],[-73.78979800001332,40.84357200023366],[-73.78931199976653,40.84367800004681],[-73.78933299968293,40.84378300004082],[-73.78936299982016,40.84384599968552],[-73.78941399987377,40.84383799977712],[-73.78944700038403,40.843939000248994],[-73.78932900038328,40.84396899985484],[-73.78945200040691,40.84428099970787],[-73.78976500040136,40.844961999872076],[-73.79027699968914,40.845503999960194],[-73.79086400021826,40.846322999982405],[-73.79133899969612,40.84693100009052],[-73.79133399967324,40.846975999841085],[-73.79145500004707,40.84696500014649],[-73.79137999970399,40.847575999937135],[-73.79127000009913,40.84759900007282],[-73.79126400025135,40.847659000034604],[-73.79137700022926,40.84801299979071],[-73.79141800023714,40.84822699983561],[-73.79136499963538,40.84839899985342],[-73.79124499998477,40.8485599999949],[-73.79097499964804,40.84881900016991],[-73.79079899992095,40.848965000284146],[-73.79039399986499,40.84914499969362],[-73.79002999981691,40.84934999999221],[-73.78994799980116,40.84934999999222],[-73.78984700041713,40.84934599969084],[-73.78978700014267,40.84933499971011],[-73.7898239999526,40.84955599989869],[-73.78984300021916,40.84982600015873],[-73.78986499996047,40.849995000076255],[-73.78991000016632,40.85014100031733],[-73.78984300021916,40.85020500026576],[-73.78984300021916,40.850316999687],[-73.78998499961108,40.850290999801814],[-73.79003400001488,40.85044499986158],[-73.78984099967104,40.85046799968092],[-73.78984700041713,40.850559000010556],[-73.7899369999305,40.850693999933334],[-73.79004499988552,40.85078399972909],[-73.79012000022861,40.85117799966073],[-73.78952000017898,40.851290000155274],[-73.78956200001178,40.85150000031747],[-73.78964800022551,40.85147400021703],[-73.78969699973099,40.851680000315056],[-73.79015799986342,40.85160500014894],[-73.79020700026723,40.85186200023816],[-73.79017299993205,40.85188100009678],[-73.79019899987132,40.85199400028776],[-73.79008699971833,40.85201199990349],[-73.79017999960475,40.852278999745124],[-73.79113299983179,40.85203899999746],[-73.7914220004351,40.85277000012144],[-73.79039399986499,40.853033999737036],[-73.79049199977428,40.8531950001676],[-73.79076200011103,40.853123999751645],[-73.79084800032476,40.853338000276835],[-73.79110299969454,40.85327399995729],[-73.79121499984755,40.85352900000304],[-73.79116700016698,40.85354400001518],[-73.79132899965036,40.85392800011982],[-73.79157200022294,40.853917000220356],[-73.7917250003838,40.85396600000562],[-73.79182300029309,40.85407100000586],[-73.79186400030098,40.85419099970536],[-73.79181499989718,40.85428100018661],[-73.7917399995541,40.85432599970193],[-73.79110299969454,40.854475999904025],[-73.79113700002975,40.85453999974191],[-73.79119300010625,40.854528999944],[-73.79205900029464,40.85567799978532],[-73.79212500041689,40.85583299970137],[-73.7920330003554,40.856140000055944],[-73.79245400030486,40.857001999906096],[-73.79171799981279,40.85731300009932]]]]}},{"type":"Feature","properties":{"zip":"10465","income":45650},"geometry":{"type":"MultiPolygon","coordinates":[[[[-73.84238500035158,40.82868800008579],[-73.84238700000141,40.8287899997274],[-73.84234599999351,40.82879499978577],[-73.8423080003587,40.828798999968136],[-73.84231400020647,40.82892300006402],[-73.84231099983342,40.82907899989921],[-73.84128999983432,40.82926299977335],[-73.83920199980535,40.829631999892115],[-73.83903699994893,40.829656999862735],[-73.83883799975729,40.82978999981986],[-73.83849100032597,40.82992200033115],[-73.8382050000957,40.8300130003247],[-73.83793599958386,40.83007899971154],[-73.83755599964226,40.830156000159306],[-73.83753899992385,40.83009900023368],[-73.83738800031111,40.83012300017255],[-73.83740699967935,40.83018199978714],[-73.83749999956578,40.83050700005241],[-73.8378460000705,40.831828999797814],[-73.83810399981336,40.83281900008856],[-73.83823100003498,40.83374799980283],[-73.83844100009726,40.83513399972498],[-73.83770799997824,40.835357999704314],[-73.83723400032531,40.835574999833305],[-73.83638999987821,40.835836999769235],[-73.83531100015279,40.83388600006413],[-73.8348120003855,40.83413000016798],[-73.83438899988789,40.834327000318105],[-73.83418600039663,40.83441699991243],[-73.83388500009774,40.83454999983689],[-73.83330599996451,40.83479100018017],[-73.83272900037943,40.83501499995912],[-73.83235899958524,40.83515100006249],[-73.83223999975957,40.835270000263904],[-73.8307429995594,40.83495999969819],[-73.82992099975192,40.834756999995896],[-73.82956699974959,40.83462399980708],[-73.82923299983875,40.834449000010615],[-73.82907100035537,40.834252000223],[-73.82863600016218,40.83372099973283],[-73.82854099972762,40.833571999929454],[-73.82835599977969,40.83328400011747],[-73.8270810002357,40.83390999999162],[-73.82622000007017,40.83435499993312],[-73.82591499957333,40.83462800031741],[-73.8256090001499,40.83500999969012],[-73.82549500034708,40.83521800023071],[-73.82538999986677,40.835519000262664],[-73.82540800030844,40.83588800022781],[-73.82554800005053,40.836274000227476],[-73.82568799979262,40.83657200026751],[-73.82584000012858,40.83705899976447],[-73.82586000022006,40.83756500032664],[-73.8258839996112,40.83815200004412],[-73.82590799990062,40.83874499971395],[-73.82596200032731,40.83997700026228],[-73.82608399962774,40.84137200033068],[-73.82624099998657,40.842993999936674],[-73.8258069996183,40.84287999968506],[-73.82557999983759,40.84281499979362],[-73.82558599968536,40.84421599983127],[-73.8256459999598,40.845202000109396],[-73.82570600023426,40.84564200021252],[-73.82558300021061,40.84578000017742],[-73.82549299979894,40.845837000212036],[-73.8256810001199,40.84625499987383],[-73.8258839996112,40.846668999833746],[-73.82612700018375,40.84712300021755],[-73.82626899957566,40.84737100026613],[-73.82643299960718,40.847637999782364],[-73.82657599972232,40.84791299967888],[-73.82668899970022,40.84817100008117],[-73.82677499991394,40.848406999890784],[-73.82684500023416,40.848646999883215],[-73.8268920000898,40.848849000284794],[-73.82698099977827,40.849434999714546],[-73.82698099977827,40.849996999867614],[-73.82691100035639,40.85059000024365],[-73.82675999984534,40.851112000214954],[-73.82652200019396,40.85162200033899],[-73.82614700027523,40.85289000013891],[-73.82601699968058,40.85316099991092],[-73.8259260003423,40.85325199993932],[-73.8257430000442,40.85357599971254],[-73.82562699969324,40.85393600016908],[-73.82561300034786,40.85427200000811],[-73.82565900037861,40.854511000332636],[-73.8257010002114,40.854669000076605],[-73.82589500038016,40.85495000029431],[-73.82602000005363,40.85515199982568],[-73.82615700032099,40.85558200029543],[-73.82645900044477,40.85607699986901],[-73.82647899963793,40.85622399975899],[-73.82652399984379,40.85650600031258],[-73.82654899995815,40.8566660003242],[-73.82657900009536,40.85689699979513],[-73.8270879999084,40.85880100018537],[-73.82716800027434,40.85900599982268],[-73.82723900041945,40.85919399990341],[-73.82721099993203,40.85920400018911],[-73.8270259999841,40.85926299973773],[-73.82699500002197,40.85927300001298],[-73.8255539998983,40.859736999847115],[-73.82473100026591,40.86003100004238],[-73.82046800016938,40.861359999762975],[-73.81988400001329,40.861753999981936],[-73.81880699993768,40.86248200011059],[-73.81833900013253,40.86183399981254],[-73.82008900005269,40.86039900001927],[-73.8207660000952,40.86008100014452],[-73.8200270001284,40.8597340002613],[-73.81800500022169,40.861081999763876],[-73.81723899959239,40.861000000245134],[-73.81641400031019,40.861180000248616],[-73.81429000029623,40.86115099966968],[-73.81396399988299,40.86098800009162],[-73.81349199987989,40.86064599989831],[-73.81323099976396,40.86036899969891],[-73.81300300015833,40.86004399977363],[-73.81279100044623,40.859718000203216],[-73.81262800023961,40.85927799981038],[-73.81246599985789,40.8587730000266],[-73.81236799994862,40.85738900004251],[-73.81202599964186,40.85392000006957],[-73.81555999981735,40.85388699968218],[-73.81588600023058,40.85388699968218],[-73.8160490004372,40.85383900001591],[-73.81635800023369,40.85367600011109],[-73.81653700033384,40.8534150002078],[-73.81665100013666,40.853023999878886],[-73.81669999964214,40.85266600029283],[-73.81674900004595,40.85243800025425],[-73.81676499993947,40.85221000011055],[-73.81671600043397,40.851884000038204],[-73.8166190003496,40.851656000026516],[-73.81635800023369,40.85133100016159],[-73.81601599992693,40.851118999706316],[-73.81578800032132,40.850955999904606],[-73.81565799972664,40.85061400023879],[-73.81565799972664,40.85030500031624],[-73.81565799972664,40.850109000319954],[-73.81487600010213,40.8492790002125],[-73.81567399962016,40.848854999762516],[-73.81590299994903,40.84801299979071],[-73.81548000034971,40.8465129999359],[-73.81566600012256,40.846245999964154],[-73.8155840001068,40.84623100033849],[-73.81506100005006,40.846495000185385],[-73.81500800034661,40.84649000010281],[-73.81491299991207,40.846385000320375],[-73.81476599959898,40.846258000069966],[-73.81469199997913,40.84609899968087],[-73.81474399985765,40.845961999997066],[-73.81517200037814,40.84570899997036],[-73.8150140001944,40.84549199971792],[-73.81417999979305,40.84598300010087],[-73.81399499984512,40.84580900001038],[-73.81497599966126,40.84524499974018],[-73.81476899997202,40.84512599977721],[-73.81472600031431,40.84437899990307],[-73.81440699957376,40.84440500006929],[-73.81410600017318,40.84447300003741],[-73.81385699975286,40.84448400014563],[-73.81369400044456,40.84439900018865],[-73.81359900001002,40.84429900005969],[-73.81350899959831,40.84409799970424],[-73.81344000000134,40.843876999661305],[-73.81345099987199,40.8437869999985],[-73.81375700019376,40.84370199982715],[-73.81471299989552,40.843523000237056],[-73.81479699956111,40.843506999661756],[-73.81508000031664,40.84359400006778],[-73.81518099970066,40.84361399991064],[-73.81522199970853,40.843643999663655],[-73.81524000015021,40.84370799977085],[-73.81524699982289,40.84374000014107],[-73.81524199980004,40.843750000041226],[-73.81525699986865,40.84384100008268],[-73.81534300008236,40.84393199999922],[-73.81539800033397,40.84397200015447],[-73.81553999972586,40.84403300032779],[-73.81560099982524,40.844114000136926],[-73.81566600012256,40.84421999976282],[-73.81579199962094,40.8442700002455],[-73.81593599956098,40.84420400003528],[-73.8164150001351,40.84396299993475],[-73.81653999980857,40.84395700001412],[-73.8165499998543,40.84393199999921],[-73.81655999990005,40.84383100019623],[-73.81661099995368,40.84372000033625],[-73.81652499973994,40.84362900012859],[-73.81643900042454,40.843523000237056],[-73.81645899961772,40.84344199970563],[-73.81645899961772,40.8433560001153],[-73.81642400035592,40.843269999733785],[-73.81631300002783,40.84317900026745],[-73.81629799995925,40.84306799999501],[-73.8162119997455,40.84296700023455],[-73.81627899969266,40.84280200007949],[-73.81567500034338,40.842420999745954],[-73.81520099979214,40.840580999992625],[-73.81473700018498,40.83908999998966],[-73.81550100026611,40.83896399975434],[-73.81634200034017,40.83803100010621],[-73.81636900010436,40.837150999906825],[-73.81640799956408,40.83593200023206],[-73.81565000022903,40.833768999698584],[-73.81562900031263,40.83364799991664],[-73.81518599972354,40.83118100011787],[-73.81493200017864,40.830730000185035],[-73.81414100033331,40.82984700001107],[-73.81327699979471,40.828799999843746],[-73.81286900026403,40.8277090001436],[-73.81332799984834,40.82731199966137],[-73.81385500010303,40.82685700030359],[-73.81378899998079,40.82633099997154],[-73.81416700027256,40.825896999670704],[-73.81398599962428,40.82568200033973],[-73.8138040000494,40.82546800023757],[-73.81373799992717,40.82407699973596],[-73.8132190000684,40.823877999821875],[-73.81307000010548,40.82391300009597],[-73.81307699977818,40.824158000138034],[-73.81252199993439,40.82448699978076],[-73.81176399970101,40.82444099977594],[-73.81082200024296,40.82488400018081],[-73.80967999987004,40.8252630001656],[-73.80846899990013,40.82586099984392],[-73.80722899961792,40.825454999840694],[-73.80653200038222,40.824178999672284],[-73.80621099999185,40.82261000033428],[-73.8062639996953,40.82225300026269],[-73.80597099979235,40.821916999879505],[-73.80581900035469,40.82161499997628],[-73.80586600021036,40.82152599998564],[-73.8060169998231,40.821217999722414],[-73.80602299967089,40.82097799966475],[-73.80572300009524,40.82060700033971],[-73.8057280001181,40.820176999993386],[-73.80462400027832,40.81911299974783],[-73.80349100012623,40.818228999855954],[-73.80261900009003,40.818276000124406],[-73.80221599968391,40.81834000024842],[-73.80186199968158,40.81830799985421],[-73.8012990003402,40.818098999938016],[-73.80115399967691,40.81813099975317],[-73.80086400014702,40.81813099975316],[-73.80068699969668,40.818098999937995],[-73.80052699986311,40.817890000043114],[-73.80054799977951,40.817653000312184],[-73.79865999976708,40.816940000009225],[-73.79837000023717,40.81692399981629],[-73.79806399991543,40.816810999661115],[-73.79806499974035,40.81661699999864],[-73.79771499993598,40.81604799985065],[-73.79757600001881,40.815820999691496],[-73.79772599980663,40.815733000157586],[-73.79818500028927,40.81582700011895],[-73.79861499956125,40.81551999998374],[-73.7990749998688,40.81561699979023],[-73.79957100016134,40.8151080000942],[-73.80004499981429,40.81459899989229],[-73.80028599983869,40.814300000267686],[-73.80073600010049,40.81398699995143],[-73.80112199988987,40.81371499967642],[-73.80153500034174,40.81346000010557],[-73.8016309997029,40.81295999984846],[-73.802102999706,40.81299200010288],[-73.80233799988264,40.81287699981777],[-73.80244699966259,40.812626000223595],[-73.80280300021306,40.81248199986257],[-73.80303500001665,40.8125080003003],[-73.80325900032263,40.81259999983217],[-73.80346099998899,40.81271700015372],[-73.80318499980446,40.81320099979145],[-73.80311299983445,40.81344399975323],[-73.80339099966879,40.81388999980132],[-73.80375499971687,40.81428899991016],[-73.80398800024369,40.81453099987543],[-73.80422000004727,40.814741000242535],[-73.80458900011823,40.81518899989169],[-73.80503900038002,40.81557099975246],[-73.80547600022304,40.815849000322125],[-73.80572300009524,40.815967999811306],[-73.80606200002893,40.81618600023566],[-73.80628299996188,40.81637600022707],[-73.80642600007701,40.81660299984689],[-73.80657400021501,40.81661000026303],[-73.80675199959192,40.81658300001337],[-73.80706899978433,40.81653100028218],[-73.80707700018026,40.81648500019832],[-73.80705399971572,40.81630799999211],[-73.80697099987505,40.816197999664396],[-73.80686100027019,40.81610400022867],[-73.80687200014084,40.81602400025687],[-73.80681600006436,40.81581600001467],[-73.8064529998412,40.81535099986991],[-73.80575700043042,40.81503699966996],[-73.80548600026877,40.81484000000049],[-73.80539599985708,40.81436199996179],[-73.80542000014651,40.81329399983158],[-73.8050450002278,40.81262399998467],[-73.80504100002985,40.81248400010581],[-73.80498599977825,40.81221799986203],[-73.80481500007404,40.81205400013628],[-73.80473800008113,40.812051999880055],[-73.80461500005748,40.812096000063214],[-73.8045380000646,40.812096000063214],[-73.80447699996523,40.81205599971245],[-73.80438699955354,40.81200999992529],[-73.80409899967346,40.81211499976236],[-73.80406199986352,40.81205799996856],[-73.80393100034227,40.81209999989296],[-73.80372299992982,40.81189399984733],[-73.8034400000726,40.811595000270295],[-73.80324799955366,40.81124099980908],[-73.8033060001783,40.81115300031939],[-73.80329500030764,40.8110259998843],[-73.80318399997957,40.81086499969001],[-73.80302999999377,40.81066799987105],[-73.80291000034318,40.810526999793346],[-73.80278599959631,40.810418999704744],[-73.80262599976274,40.810273999838266],[-73.80244500001275,40.810110000066885],[-73.80211600012478,40.81010600011712],[-73.80183999994028,40.81031600021201],[-73.80141899999079,40.810649999906744],[-73.80120399990564,40.81052199971758],[-73.8013570000665,40.81031200027466],[-73.80106099979052,40.81019700010387],[-73.80006900010372,40.809693999923184],[-73.79870400014802,40.80967699985858],[-73.79816400037286,40.80954200003081],[-73.79568399980843,40.80840100009529],[-73.79362000006893,40.80741300013702],[-73.79347000028109,40.80734299983658],[-73.79325000017306,40.8072060002977],[-73.7923739999389,40.806851000012735],[-73.79209600010456,40.806806999751274],[-73.79160300018508,40.80683500010648],[-73.79138100042722,40.80681200010697],[-73.79129199984047,40.80692299988309],[-73.79116399979392,40.80703400015356],[-73.79115899977104,40.80715599974036],[-73.79124199961173,40.80726700030099],[-73.79128299961963,40.80731499969571],[-73.79128099996979,40.80740000028109],[-73.7910700000826,40.807383999827216],[-73.79088699978449,40.807261999979595],[-73.79080899996669,40.807072999928806],[-73.79085900019538,40.80656800012412],[-73.79037100029878,40.80615800015575],[-73.79021599958976,40.80587999977764],[-73.79010500016,40.80548100009827],[-73.79020999974198,40.80503699975161],[-73.79057600033818,40.804549000115806],[-73.79086099984522,40.80433400026757],[-73.79162999994925,40.80414800009944],[-73.79204099985299,40.804160999912426],[-73.79280099973617,40.804248999834975],[-73.79343699977082,40.80430300016241],[-73.79359499995455,40.80445600005818],[-73.79395999982754,40.80480699996624],[-73.79434300014219,40.8049370000907],[-73.79461799960349,40.80480399993419],[-73.79455400002938,40.804728999769324],[-73.79466799983221,40.80465700023846],[-73.79454599963346,40.80458999979268],[-73.79464299971785,40.804482000240924],[-73.79532800015627,40.80479000000959],[-73.79667899986826,40.805362000158915],[-73.79696400027362,40.80549799987792],[-73.79693400013639,40.80553099987767],[-73.79666200014984,40.80541200002798],[-73.7966040004235,40.805478000096684],[-73.79493099959794,40.80477600008202],[-73.79448999955697,40.80499800013981],[-73.79435200036302,40.80521200032562],[-73.79530600041498,40.80592999993649],[-73.79579900033447,40.80618799985789],[-73.79602399956705,40.80582799981737],[-73.79636300039908,40.80598600001518],[-73.79642600014827,40.80590799984403],[-73.79672300024919,40.80605800014408],[-73.79704899976412,40.80627599981253],[-73.79784399980741,40.80655900026642],[-73.7989059998144,40.807132000329815],[-73.80011900033243,40.80799200008209],[-73.80123200039304,40.808548000337034],[-73.80145900017375,40.80893099985361],[-73.80175100025181,40.8090430003384],[-73.80215799995759,40.80911200003297],[-73.80272000037237,40.80924300005388],[-73.8030049998794,40.80924300005386],[-73.80333399976737,40.80911600004265],[-73.80366299965536,40.80890600022957],[-73.80366699985332,40.808830999940966],[-73.8037420001964,40.808624999945195],[-73.80380300029576,40.80851499979768],[-73.80392700014431,40.808528000115125],[-73.8040180003809,40.80881300015828],[-73.8042640004282,40.809019999744336],[-73.8047289998603,40.809327000040206],[-73.80514999980979,40.80958099969195],[-73.8056369998815,40.809817999702766],[-73.80601500017329,40.81008100025582],[-73.80633099964246,40.81022199992146],[-73.80669499969054,40.81044999967262],[-73.80719500018103,40.810875999935384],[-73.8074450004263,40.811209000069965],[-73.80779199985761,40.81162199983039],[-73.80857299965719,40.812258000115044],[-73.80918299975257,40.81267899973489],[-73.80965200028093,40.81295100017783],[-73.81001200013107,40.81310499996421],[-73.81034100001902,40.81310000008274],[-73.81067900012783,40.81302100000138],[-73.810994999597,40.813065000221826],[-73.81132000018533,40.81320099979145],[-73.81160100039271,40.81317500030524],[-73.81190799964106,40.81317500030524],[-73.81223700042736,40.81312299994241],[-73.81312500035706,40.813292000292655],[-73.81435300004541,40.81342200011229],[-73.81686100019893,40.81368800028818],[-73.81999000031848,40.813054000339456],[-73.82046700034444,40.813174000194046],[-73.82291699987336,40.8125970001524],[-73.82374799990166,40.812320999801805],[-73.82457999975486,40.812045999791025],[-73.82634499974364,40.81119600027776],[-73.82956799957452,40.81106899992501],[-73.83037699986153,40.81059399968438],[-73.83104999970605,40.81000899973238],[-73.83158500035668,40.809436000033934],[-73.83189699962792,40.80886300014698],[-73.83200899978088,40.80827799989258],[-73.83197100014604,40.8074809999696],[-73.83174699984006,40.80702000001941],[-73.83142999964767,40.80682999975252],[-73.83145300011219,40.80659700011056],[-73.83164800010586,40.806310000320096],[-73.8316849999158,40.80609800003083],[-73.83153900032592,40.80572600022145],[-73.83158199998365,40.80528800017471],[-73.83159500040243,40.80515300025747],[-73.83160299990003,40.805074000233944],[-73.83167300022022,40.805033000176074],[-73.83169800033458,40.80501800006564],[-73.8318330000538,40.80493899988137],[-73.83195899955217,40.804865000105515],[-73.83288099981708,40.80481600006154],[-73.83449900039108,40.80501500004313],[-73.83591899970003,40.805587999838664],[-73.8364800002899,40.80592200021278],[-73.83798400016276,40.80622599991446],[-73.83901799968234,40.80821599995275],[-73.84042600019406,40.81187299982322],[-73.84006799999375,40.813601000069404],[-73.8399070003353,40.8144699997511],[-73.83987200017519,40.81553900006211],[-73.83985799993148,40.81597599968362],[-73.83998000013021,40.8163909998096],[-73.84022500035259,40.81722099975158],[-73.84007100036682,40.817548999767055],[-73.83958799959474,40.818520999914284],[-73.83925100020919,40.81884500019748],[-73.83872999980225,40.81955799973979],[-73.83886700006961,40.82038100014792],[-73.83867500044899,40.82144999970043],[-73.83864799978649,40.821971000104426],[-73.83908100032986,40.823107000033446],[-73.84119100010011,40.826277999811396],[-73.84190300030275,40.827810999931685],[-73.84194199976248,40.82788499994628],[-73.84197600009767,40.82793300005862],[-73.84200799988471,40.82797799979244],[-73.84236299971195,40.82794300030419],[-73.84264999976715,40.82790900000681],[-73.8426670003839,40.82799699970112],[-73.84266999985861,40.828040000297136],[-73.84265300014017,40.82826299989002],[-73.8426670003839,40.828342000172505],[-73.84273599998087,40.82852799981199],[-73.84274799967642,40.828543999924705],[-73.84281200014884,40.82863700020609],[-73.84238500035158,40.82868800008579]]]]}},{"type":"Feature","properties":{"zip":"10466","income":37141},"geometry":{"type":"MultiPolygon","coordinates":[[[[-73.86386300014264,40.88975000011968],[-73.8630439998099,40.89111600028878],[-73.86265200017274,40.89182200004303],[-73.86229099959941,40.89261399999888],[-73.86219600006315,40.892822999924675],[-73.8621559998802,40.89291100033924],[-73.86205100029822,40.893142999945105],[-73.861360000012,40.89466299978642],[-73.86179600003008,40.89480299995428],[-73.86189399993937,40.89483399984951],[-73.86213900016178,40.8949139997749],[-73.8628749997555,40.89515400032877],[-73.86329300023026,40.89528999989399],[-73.86355900036904,40.89537700019324],[-73.86296099996925,40.89632800007729],[-73.8626129998147,40.89740700027039],[-73.86242799986677,40.89809100005499],[-73.86222000035262,40.89881600004194],[-73.86191599968069,40.8988299998043],[-73.86133499989765,40.90019000032432],[-73.86145700009638,40.8995269999398],[-73.86147100034007,40.899148000300734],[-73.86142299976119,40.89853899996411],[-73.86129499971467,40.89809900020122],[-73.8611130001398,40.89758900014721],[-73.86099299959088,40.897760000116186],[-73.86023799973056,40.8988400002147],[-73.85925799973934,40.90033800021356],[-73.8588829998206,40.90022199988798],[-73.85862599990266,40.900136000006995],[-73.85780300027027,40.89981599986242],[-73.85699700035632,40.89950400018304],[-73.85619399991711,40.89918799970409],[-73.85633000035955,40.89898700023405],[-73.857044000212,40.89793700010693],[-73.85623999994786,40.89762599990797],[-73.8555600004306,40.8986199996632],[-73.85514600015384,40.89845699998324],[-73.85486499994646,40.898319999954126],[-73.85468900021934,40.898602999994424],[-73.854299000232,40.89845000006303],[-73.8541589995916,40.89861500012055],[-73.85367499989295,40.898447000193954],[-73.85323700022504,40.89896099976477],[-73.85327900005781,40.898980999865515],[-73.85285599956022,40.89951799979974],[-73.85278000029052,40.89948199990634],[-73.85254799958862,40.89978299993981],[-73.85223299994435,40.89964000031131],[-73.85066299994925,40.901636000120114],[-73.84954999988864,40.90304500011085],[-73.84809799989432,40.90237699989045],[-73.84761900021851,40.90216200019353],[-73.84747299973034,40.902095999956856],[-73.84734600040703,40.90202099985492],[-73.8472300000561,40.90193400014612],[-73.84712899977376,40.90183600023561],[-73.84704500010817,40.901729999794846],[-73.84698200035898,40.901627000267005],[-73.84693600032823,40.901520000034004],[-73.84680200043393,40.901552000312236],[-73.84676800009873,40.90179099973614],[-73.84667799968705,40.90179000028294],[-73.84649399956402,40.90177599978915],[-73.84651000035588,40.90200999979658],[-73.84621300025493,40.902077000246884],[-73.84610899959956,40.90305599999702],[-73.84609899955385,40.90316100023813],[-73.845984999751,40.90316299978196],[-73.84607099996472,40.90378900001696],[-73.84604900022342,40.9041079998533],[-73.84543300028028,40.90427899994301],[-73.84562300025108,40.90477999991172],[-73.84518600040808,40.904710999986904],[-73.8449710003229,40.90470299996144],[-73.8449489996833,40.9047060002257],[-73.84491100004847,40.904190000296914],[-73.84441999977878,40.90417199992675],[-73.84339899977967,40.904170999830626],[-73.8423739995826,40.90416600002861],[-73.84138600009379,40.90417400011905],[-73.8413180003217,40.90398700021359],[-73.84129099965922,40.90391300031922],[-73.84128099961349,40.90388600032796],[-73.84113599984853,40.903486999775694],[-73.84106380233995,40.90322064839711],[-73.84102173248368,40.90282241854916],[-73.84086671940372,40.90187071586722],[-73.84084213283077,40.90179161685462],[-73.84081315829435,40.90171337775763],[-73.84077984766719,40.90163613864993],[-73.84074226023951,40.90156003809697],[-73.8407004636679,40.90148521207317],[-73.84065453278006,40.90141179454275],[-73.84057760359514,40.90130705123019],[-73.84056199973818,40.90128400005037],[-73.84044499956231,40.90112399989317],[-73.84021000028397,40.90080399977564],[-73.84019000019251,40.9007769998731],[-73.84017900032184,40.90076199969622],[-73.84017199975084,40.90075299972421],[-73.84015900023036,40.900734999776525],[-73.8400849997122,40.90063399967758],[-73.84004899972719,40.90058499979592],[-73.8400360002067,40.90056699980251],[-73.83999904588234,40.90052010747523],[-73.83924730519664,40.89950943650544],[-73.83920474770065,40.89937089758258],[-73.83918083752998,40.89922980621349],[-73.83917581892939,40.89908760364888],[-73.83918974491758,40.898945744117825],[-73.83922247108511,40.89880567523441],[-73.8392709480182,40.89867608591956],[-73.83927885378066,40.8986585634861],[-73.8396655895635,40.89789379724078],[-73.83966427077615,40.89784862849013],[-73.83971999983922,40.8976940002401],[-73.83972400003718,40.89763299991543],[-73.8397180001894,40.8975109997763],[-73.83969600044809,40.897384999975245],[-73.83967700018151,40.89732299984499],[-73.8396550004402,40.89724899996382],[-73.83961500025725,40.897139999712834],[-73.83941100004273,40.8966930000445],[-73.83898500007038,40.895601999757474],[-73.83840699976207,40.894060999966754],[-73.83736800021961,40.89382100020111],[-73.83733700025748,40.8938139997903],[-73.83628199992319,40.89353100031304],[-73.83560499988066,40.89331500012297],[-73.83517399988547,40.893170000247416],[-73.8335949996695,40.89270599973237],[-73.83271599996063,40.89244300030932],[-73.8327000000671,40.89243800029983],[-73.83250300042363,40.89237699988203],[-73.83185599962002,40.89221699991053],[-73.83170300035745,40.8921779999649],[-73.83097199988828,40.89193499999491],[-73.83081799990248,40.89187899984453],[-73.83008700033159,40.891700000052566],[-73.83002200003426,40.89168600013944],[-73.82871599962982,40.891274000303255],[-73.82812499980102,40.89105100019047],[-73.82794300022613,40.89092799984009],[-73.82726899965834,40.89079700027007],[-73.82722400035082,40.890785000083945],[-73.82525599997248,40.89024799988327],[-73.82524099990385,40.890244000014704],[-73.82500200042757,40.890178000110204],[-73.82440300020285,40.889978000059344],[-73.82402499991112,40.88997800005933],[-73.82400900001755,40.88997800005933],[-73.82404699965238,40.88986599979399],[-73.82403599978173,40.889822999926714],[-73.82401700041348,40.88975000011966],[-73.8239629999868,40.889763000128426],[-73.82378100041193,40.889809000295585],[-73.82363900012172,40.88985000022569],[-73.82356700015168,40.88982499987377],[-73.82320583685869,40.889719561290036],[-73.82252502887407,40.88943710486315],[-73.82244906201664,40.88949862248803],[-73.82237500044836,40.8894770000251],[-73.82236299985448,40.889640000100144],[-73.82250799961943,40.889882000037545],[-73.8226669996281,40.88995799995308],[-73.82289900032998,40.889926000177994],[-73.82310099999636,40.889891999763364],[-73.82330400038596,40.89005700011433],[-73.82327500007364,40.89022200005383],[-73.82321700034731,40.890364999668606],[-73.82324499993639,40.890474000216884],[-73.82317200014147,40.890544999979014],[-73.82312000026295,40.8906479997855],[-73.82311299969193,40.89077699973232],[-73.82313199995849,40.890870999898375],[-73.82320499975343,40.89091800027087],[-73.82325599980706,40.89096100010563],[-73.82330199983781,40.89098900023569],[-73.82329753297999,40.891009770956664],[-73.82307374304925,40.891113518382255],[-73.82300300008707,40.891077999988276],[-73.82295899970615,40.89105600030477],[-73.8217030004287,40.890729999938735],[-73.82099399970082,40.890543000053725],[-73.81971900015682,40.89020599989251],[-73.81955799960004,40.89016300024619],[-73.81978199990603,40.89001100011961],[-73.82055699985783,40.88960699985486],[-73.82130400022054,40.88921299966832],[-73.82375200009962,40.88783199988791],[-73.82449199989134,40.88737800007473],[-73.82518999985022,40.88698200016559],[-73.82571399973187,40.88677100008657],[-73.82696300023491,40.88629800029741],[-73.82789600037049,40.88595200030053],[-73.82863500033726,40.88565900010955],[-73.82953300031272,40.88530299974967],[-73.83033699967854,40.884968999868484],[-73.83065399987095,40.884852999759374],[-73.83130199960114,40.88471100016868],[-73.83233699984395,40.884550000283326],[-73.83254899955605,40.88452200014517],[-73.83280999967197,40.88447200016008],[-73.83301399988646,40.8844190003112],[-73.83324400004024,40.884345000259],[-73.83343499983596,40.88426999972701],[-73.83361800013405,40.88418600027988],[-73.83404699958113,40.8839900000235],[-73.83434600023018,40.88385000006707],[-73.8345439996986,40.883707999682585],[-73.83560900007863,40.88294500031096],[-73.83621800034908,40.8823930000617],[-73.8366409999484,40.882120000178475],[-73.83698699955481,40.88193900028945],[-73.83782699980392,40.88160799968488],[-73.83874300022107,40.881266000029974],[-73.83965200006715,40.88092600018234],[-73.84046200017906,40.88062299970731],[-73.84127700031384,40.88031699987089],[-73.8420149995574,40.87987200021891],[-73.84273799963069,40.87942500003072],[-73.84299700009677,40.879261999925134],[-73.84305700037123,40.87922400028873],[-73.84336000031993,40.879516999763084],[-73.8433080004414,40.87958699994624],[-73.8434080000005,40.87965000018368],[-73.84449599994676,40.88011499966096],[-73.84726900041414,40.8812820003154],[-73.84900099989264,40.88201199988399],[-73.84905899961896,40.88216699997492],[-73.84944500030666,40.88207499985082],[-73.84973999985944,40.88234899966654],[-73.85039500016065,40.8825760002337],[-73.85049600044299,40.882424000337956],[-73.85065100025369,40.88219199982414],[-73.85112900010458,40.882344999999624],[-73.8509340001109,40.882716999909725],[-73.85254299956574,40.88324300031841],[-73.85258600012178,40.883173999661196],[-73.8530609995996,40.88330700020424],[-73.85299700002551,40.88340699985953],[-73.85314299961537,40.883428000318034],[-73.85551299967665,40.88418299976406],[-73.85569099995188,40.88421199976444],[-73.85784799957781,40.88493399991554],[-73.85841900021343,40.88494900028575],[-73.85866699991053,40.88494500009679],[-73.85860199961321,40.88506199975054],[-73.85919099979219,40.88525299967545],[-73.85916999987579,40.88532200020255],[-73.86008700011782,40.88563400021163],[-73.86044699996792,40.885755999841216],[-73.86098900029124,40.88593999991488],[-73.8614589997462,40.886016000283234],[-73.86164000039447,40.8856929999826],[-73.86202000033606,40.88581399980894],[-73.8627269996175,40.886038999975355],[-73.86252900014911,40.886422000111025],[-73.86386099959451,40.8868539999694],[-73.86388099968599,40.88681799997577],[-73.86431400022936,40.88695099998692],[-73.86444800012366,40.88670999987723],[-73.86450500002508,40.88660799973551],[-73.86538000043431,40.88688399983601],[-73.86459999956132,40.88829999993519],[-73.86386300014264,40.88975000011968]]]]}},{"type":"Feature","properties":{"zip":"10467","income":29044},"geometry":{"type":"MultiPolygon","coordinates":[[[[-73.8872769996267,40.889331999887496],[-73.88721399987752,40.88982200029273],[-73.88720700020484,40.889880000092184],[-73.88719200013622,40.890027999958946],[-73.88661499965282,40.89046799975523],[-73.88625200032797,40.89080899977494],[-73.88493199967981,40.892113999830244],[-73.88400600011526,40.89311399978422],[-73.881347000349,40.89583100012461],[-73.8805869995675,40.8966930000445],[-73.88049200003124,40.896551000058444],[-73.88030899973313,40.89619499990117],[-73.88028199996896,40.896103999805284],[-73.88024699980888,40.89594899976418],[-73.88018300023477,40.89521700000734],[-73.8800080003326,40.89524400014225],[-73.88012100031048,40.89444600033281],[-73.88025500020477,40.894029999709296],[-73.88037099965743,40.89339799994618],[-73.8804030003428,40.89299700010659],[-73.88037099965743,40.892715999710504],[-73.88033100037276,40.89249099983794],[-73.88018700043271,40.89212899993101],[-73.8799189997458,40.89162400010065],[-73.87918899999983,40.89030700029426],[-73.87851100013242,40.88877599998366],[-73.87805500002284,40.88782700020908],[-73.87791799975548,40.88721200016119],[-73.87783400008989,40.88679800027266],[-73.87760700030917,40.88452299985927],[-73.87772899960959,40.88345400010035],[-73.87812600016795,40.88215399983227],[-73.87716999956784,40.88199400027055],[-73.876258000247,40.881832000133464],[-73.87533699980702,40.881671999793404],[-73.87467499983312,40.88156299968825],[-73.87479200000898,40.88007500027253],[-73.87494599999475,40.87994800008438],[-73.87406700028588,40.880038999987256],[-73.87307300005097,40.88013400024493],[-73.87191800015756,40.8802369999556],[-73.87091999972468,40.880258000061566],[-73.87001699972636,40.88234400025263],[-73.86921099981241,40.88332500013978],[-73.86807299963745,40.886071000271954],[-73.86748699983153,40.88817899990069],[-73.86700499978267,40.88907400021994],[-73.86656100026697,40.88975299970403],[-73.86368499986743,40.89432499999356],[-73.86355900036904,40.89537700019324],[-73.86329300023026,40.89528999989399],[-73.8628749997555,40.89515400032877],[-73.86213900016178,40.8949139997749],[-73.86189399993937,40.89483399984951],[-73.86179600003008,40.89480299995428],[-73.861360000012,40.89466299978642],[-73.86205100029822,40.893142999945105],[-73.8621559998802,40.89291100033924],[-73.86219600006315,40.892822999924675],[-73.86229099959941,40.89261399999888],[-73.86265200017274,40.89182200004303],[-73.8630439998099,40.89111600028878],[-73.86386300014264,40.88975000011968],[-73.86459999956132,40.88829999993519],[-73.86538000043431,40.88688399983601],[-73.86450500002508,40.88660799973551],[-73.86444800012366,40.88670999987723],[-73.86431400022936,40.88695099998692],[-73.86388099968599,40.88681799997577],[-73.86386099959451,40.8868539999694],[-73.86252900014911,40.886422000111025],[-73.8627269996175,40.886038999975355],[-73.86202000033606,40.88581399980894],[-73.86164000039447,40.8856929999826],[-73.8614589997462,40.886016000283234],[-73.86098900029124,40.88593999991488],[-73.86044699996792,40.885755999841216],[-73.86008700011782,40.88563400021163],[-73.85916999987579,40.88532200020255],[-73.85919099979219,40.88525299967545],[-73.85860199961321,40.88506199975054],[-73.85866699991053,40.88494500009679],[-73.85841900021343,40.88494900028575],[-73.85784799957781,40.88493399991554],[-73.85569099995188,40.88421199976444],[-73.85588400029572,40.88386099974931],[-73.85627599993289,40.883154999949895],[-73.85666699974513,40.88244799966552],[-73.85705599990756,40.88174499968242],[-73.85744500006999,40.881040999936765],[-73.85783500005732,40.880334999940395],[-73.8582219996716,40.87963700022586],[-73.85859999996337,40.878954000313314],[-73.85892399982849,40.878366000223906],[-73.85927799983081,40.87772800001965],[-73.85975200038206,40.87686099975629],[-73.8599590000713,40.87648900021625],[-73.86007700007207,40.876277999966106],[-73.86051200026526,40.875494000275424],[-73.86113499988109,40.8744769998829],[-73.86130599958533,40.873673000326974],[-73.8615859999678,40.87370300005488],[-73.86184600025881,40.87373100001509],[-73.86185700012946,40.87333599984548],[-73.86238799968379,40.87334500015073],[-73.86246899987464,40.87320799974921],[-73.86197400030531,40.8731990001046],[-73.86197599995513,40.873002000029935],[-73.86133099969969,40.8728720001872],[-73.86134499994338,40.87252500007272],[-73.86136500003488,40.8718190002726],[-73.86137900027857,40.87133599978549],[-73.86139099997413,40.87092299968542],[-73.86177900031166,40.87093500007661],[-73.86178900035739,40.87059799992372],[-73.86194099979504,40.87060099969681],[-73.86193900014521,40.86999499997784],[-73.86186299997723,40.86999400004435],[-73.86187600039602,40.8696100000093],[-73.86179500020518,40.869609000070014],[-73.8618119999236,40.86922699973035],[-73.86197900032819,40.869229000299825],[-73.86199299967357,40.86853800001346],[-73.86183500038815,40.86853600010243],[-73.86185600030454,40.86798299997074],[-73.86169399992285,40.86779399973535],[-73.86191499985577,40.86779700031474],[-73.86203200003165,40.86779800028146],[-73.8620789998873,40.86631499981847],[-73.861536999564,40.86630199995939],[-73.86154199958688,40.8661540000249],[-73.86156199967836,40.86554999969042],[-73.8620999998037,40.86553699968118],[-73.86213199959076,40.864735000288384],[-73.86215500005528,40.86438899966916],[-73.86215199968223,40.86417200013148],[-73.86216500010104,40.86391200016546],[-73.86217500014676,40.86357500027663],[-73.86177900031166,40.863562999910336],[-73.86176300041812,40.86319299977657],[-73.86164500041735,40.86310599996643],[-73.86170700034164,40.861242000272476],[-73.86206499964361,40.86124799998677],[-73.86223799989597,40.86125000011788],[-73.86229599962229,40.85964100012469],[-73.86204600027534,40.859643000304324],[-73.86175599984712,40.85964499980448],[-73.86176900026591,40.85898900016855],[-73.86285499966402,40.85909699997536],[-73.86287999977837,40.857953000222025],[-73.86467099970643,40.85790600022063],[-73.86564200037512,40.857882000149196],[-73.86658300000828,40.85785599983557],[-73.86758800011386,40.857830000191136],[-73.86838300015718,40.85781200011773],[-73.86885900035824,40.85722499991312],[-73.8691039996823,40.8572189998344],[-73.87167999960788,40.856462999835905],[-73.8719209996323,40.85636099996824],[-73.87234300030502,40.856252999777354],[-73.87246499960541,40.856226000041815],[-73.87276900027734,40.856159000046596],[-73.87408099963129,40.85589700026668],[-73.87539399970844,40.85563500013005],[-73.87676899970987,40.85540700011712],[-73.87676600023512,40.85551400017619],[-73.87712000023745,40.855465000176935],[-73.87740300009466,40.855487000139526],[-73.87738800002609,40.85560999976463],[-73.87744900012541,40.8557990001191],[-73.87787900029575,40.85646899998311],[-73.87788000012064,40.856647999934566],[-73.8778490001585,40.856796000049094],[-73.87771299971608,40.857010999713744],[-73.87771299971608,40.85717499969347],[-73.87803499993136,40.85782500028449],[-73.87808199978701,40.85809600025255],[-73.87808199978701,40.8582189997895],[-73.87788500014352,40.858580999686644],[-73.87785500000629,40.85879500024941],[-73.87796299996133,40.85911499969957],[-73.87793199999919,40.85921399979385],[-73.87788699979335,40.859320999818536],[-73.87774899970107,40.85942799967045],[-73.87770699986828,40.85947199967369],[-73.87663999983843,40.85959800032419],[-73.87661999974695,40.85985100031344],[-73.87392699964549,40.86306699985044],[-73.8750890001099,40.86619399967258],[-73.87573199981723,40.866507000157675],[-73.87621200021626,40.86675800028522],[-73.87646400011133,40.86687800009933],[-73.87661100042443,40.86692699980809],[-73.87675899966412,40.86693800026455],[-73.87703700039678,40.866911000129015],[-73.87729400031472,40.866790999695304],[-73.87745199960017,40.8667250001793],[-73.87763200042352,40.86672000026479],[-73.87780200030284,40.8668340002607],[-73.8780249998856,40.8670469999953],[-73.87844599983508,40.86754999993118],[-73.87851699998019,40.867593000003694],[-73.87860999986661,40.867593000003694],[-73.87898700033348,40.867451000068904],[-73.87936899992488,40.86724900000053],[-73.87997999984516,40.86691600002909],[-73.88028600016692,40.866697999956905],[-73.88054800010774,40.86651700001859],[-73.880790999782,40.86639500025393],[-73.88070100026862,40.866989999865595],[-73.88035200028916,40.867244000125524],[-73.87954899984996,40.86771900015015],[-73.87911000035713,40.868030000294134],[-73.87919700039575,40.86798799978994],[-73.87928799973405,40.8679620000467],[-73.87938700036655,40.86795099976034],[-73.87947699987993,40.867955000296945],[-73.87955399987281,40.86796999975976],[-73.8796519997821,40.8680039998881],[-73.87973799999583,40.86805699997347],[-73.87986000019457,40.86827399968823],[-73.88037499985539,40.86919400017555],[-73.8814689996494,40.868572999805146],[-73.8817420003592,40.86955200010766],[-73.88197599981262,40.87038699991836],[-73.88222000021011,40.87122700032179],[-73.88246999955703,40.87212799969814],[-73.88295699962875,40.87305199984923],[-73.88340000021785,40.87394700028053],[-73.88344000040082,40.87479400005614],[-73.88343600020286,40.87538400033326],[-73.883423999609,40.8757420000795],[-73.88383000038817,40.876783000080735],[-73.88470999992197,40.87829500029978],[-73.88478199989197,40.878419000165415],[-73.88490599974054,40.87869700006084],[-73.88526499976574,40.87922800014426],[-73.88577399957877,40.879599999913914],[-73.88582600035562,40.87990799991585],[-73.88593599996047,40.88048099987037],[-73.88701100038624,40.88247199966355],[-73.88696700000531,40.882813999878536],[-73.8870299997545,40.883889000167144],[-73.88704700037125,40.88435799997127],[-73.88698999957154,40.884444999704144],[-73.88696799983022,40.88469700013517],[-73.88696199998243,40.88481499993705],[-73.88697899970089,40.8851320001817],[-73.88701100038624,40.88539799992234],[-73.88723099959596,40.88680099999079],[-73.88729800044142,40.88749300016343],[-73.88733100005338,40.888307999907234],[-73.88732600003051,40.88880699998641],[-73.8872769996267,40.889331999887496]]]]}},{"type":"Feature","properties":{"zip":"10468","income":26852},"geometry":{"type":"MultiPolygon","coordinates":[[[[-73.91820600024884,40.85867899979521],[-73.91697500018745,40.85990899987941],[-73.9164999998113,40.86038400020049],[-73.9149010004022,40.861982999944395],[-73.91433999981231,40.8625209998917],[-73.91085099984267,40.86652799986379],[-73.91020899996023,40.867591000064145],[-73.91005599979937,40.86784899992056],[-73.90980399990428,40.86828200004295],[-73.90920300002976,40.869775999915625],[-73.90910500012046,40.87167599998225],[-73.90860499962996,40.87167799979844],[-73.90852599998723,40.87179200008944],[-73.90841100035952,40.871318999899636],[-73.90831000007717,40.87065199989429],[-73.90831000007717,40.87005799983367],[-73.90833900038949,40.86971099991594],[-73.90889000003531,40.867943000044995],[-73.90920800005263,40.86729100029415],[-73.91083099975117,40.864131999941854],[-73.9132340003227,40.86204800005643],[-73.91293899987163,40.86196400026541],[-73.91270399969498,40.86191600033696],[-73.91251999957197,40.861878000255714],[-73.91155399982443,40.86266999983675],[-73.91118999977638,40.863066999850446],[-73.91059899994758,40.86362399971181],[-73.910142999838,40.86424700033697],[-73.90933799974897,40.865703000287155],[-73.90892600002033,40.86663099968459],[-73.90793299961031,40.86903199996109],[-73.90768499991319,40.86896699991039],[-73.90793000013556,40.86845099975236],[-73.9083679998035,40.86724700005059],[-73.90814400039584,40.86719000009296],[-73.90792000008983,40.86787499970816],[-73.90776299973099,40.86782000022383],[-73.9075870000039,40.86804800030801],[-73.90735299965218,40.86831500005224],[-73.90700899969558,40.86857199985019],[-73.90669700042436,40.868777999766245],[-73.906191999911,40.86908200006123],[-73.90570400001435,40.86940200007944],[-73.90481799973448,40.869832999685144],[-73.90465299987801,40.86991299994632],[-73.90460099999949,40.869849999952535],[-73.90430899992144,40.87000300012457],[-73.90414900008787,40.86978799983538],[-73.90448299999873,40.86938800020445],[-73.90404199995776,40.869543999906384],[-73.90379400026063,40.86961700026342],[-73.9035790001755,40.86975000019515],[-73.90390399986549,40.87003999968686],[-73.90362199983319,40.87017899971209],[-73.90370300002404,40.87029000007985],[-73.90347799989313,40.870507999874896],[-73.90330200016604,40.87074299966961],[-73.90310499962423,40.871183999891976],[-73.9026300001464,40.87260999994791],[-73.90267799982698,40.87261899967259],[-73.90246600011487,40.873304000184234],[-73.90285799975203,40.87337699979208],[-73.9026719999792,40.87392600021016],[-73.90271299998707,40.87398500022918],[-73.90236200035778,40.87516600029074],[-73.90215099957229,40.875586000037266],[-73.90169799983576,40.8762659998641],[-73.90131600024434,40.87604499980353],[-73.90121199958894,40.87619499972529],[-73.90096999973962,40.87639199980818],[-73.90021400005438,40.87704699976126],[-73.89957999966957,40.87660800022163],[-73.90005400022082,40.87618400012747],[-73.9000960000536,40.87589000031973],[-73.90019999981068,40.875760000034646],[-73.90034100027599,40.87548899966449],[-73.90042900013954,40.87521900007739],[-73.9004759999952,40.87494900006831],[-73.90045199970577,40.87470199987295],[-73.90031600016162,40.874425999914685],[-73.90014700010722,40.874278999666636],[-73.90000599964192,40.8742089999837],[-73.89986500007491,40.87416700000252],[-73.89966500005839,40.87413799967651],[-73.89943499990461,40.8741569999384],[-73.89920099955289,40.874161999970674],[-73.89900100043465,40.8741030001094],[-73.89878999964915,40.874008999899466],[-73.89857799993705,40.873879999871036],[-73.89848500005061,40.87379100008405],[-73.89843300017209,40.873742000020506],[-73.89830199975252,40.87347999982772],[-73.89817899972887,40.8731450001735],[-73.89779999961219,40.8716820001099],[-73.89732699978417,40.87144599966056],[-73.89407299999115,40.87558799973534],[-73.89212899990225,40.878057999839065],[-73.89140699965388,40.87896900000128],[-73.89126400043706,40.879132000149106],[-73.89108299978878,40.879311999771026],[-73.89089299981798,40.879479000273015],[-73.89069799982431,40.87962999967275],[-73.89062800040243,40.87967900013264],[-73.89035100039298,40.879897000255795],[-73.89011100019347,40.88010600027608],[-73.88997499975103,40.880233000161056],[-73.88836399974805,40.882267999742425],[-73.88812799974652,40.88265600003858],[-73.88809699978437,40.882763000220756],[-73.88809699978437,40.88285500006764],[-73.88783200036882,40.88290600033377],[-73.88757299990272,40.88290600033377],[-73.88724700038782,40.88284400021819],[-73.88696700000531,40.882813999878536],[-73.88701100038624,40.88247199966355],[-73.88593599996047,40.88048099987037],[-73.88582600035562,40.87990799991585],[-73.88577399957877,40.879599999913914],[-73.88526499976574,40.87922800014426],[-73.88490599974054,40.87869700006084],[-73.88478199989197,40.878419000165415],[-73.88527800018453,40.87742700016994],[-73.88532900023816,40.877340999864465],[-73.88589699960241,40.876017999985265],[-73.88618100018286,40.87538400033326],[-73.88645499981924,40.87477499997715],[-73.88649300035239,40.87469100002706],[-73.8865290003374,40.8746110001049],[-73.88679299992805,40.87401999985867],[-73.88708900020406,40.87337599990968],[-73.88737700008414,40.872723000100514],[-73.88778600033807,40.87220299972375],[-73.88785099973708,40.872120999709516],[-73.8879160000344,40.87207199976858],[-73.88867300044286,40.87149699988652],[-73.89042199963978,40.870490999776464],[-73.89097599965865,40.870158999736255],[-73.89173700026507,40.869510999830275],[-73.89242099998029,40.86862400020604],[-73.89299599991554,40.86788200014567],[-73.89430300014492,40.86616299994774],[-73.89437599993985,40.866067000028416],[-73.89443700003923,40.865986999876064],[-73.8949219995628,40.86534999994472],[-73.89577699988055,40.86422699992816],[-73.8970680002164,40.862533999813586],[-73.89772900036539,40.861348999738716],[-73.89827699963816,40.86033200016829],[-73.89883200038027,40.85930499966079],[-73.89920399992592,40.85867500005709],[-73.8999489997405,40.85741999979757],[-73.9001379998864,40.85748500031092],[-73.90093899977748,40.85775899998648],[-73.90191299992091,40.85809400002619],[-73.90277900010933,40.85839000025773],[-73.90369100032846,40.8587090002016],[-73.90390800006344,40.85836799990041],[-73.90486799996319,40.85869299989599],[-73.90572300028094,40.85899299988769],[-73.90587100041893,40.85904500029164],[-73.90574400019732,40.85927199991759],[-73.90613400018468,40.859406000337316],[-73.9062699997288,40.85918699990635],[-73.90679799980839,40.85937400005889],[-73.90707099961988,40.85936200029025],[-73.90725800011595,40.859354000216754],[-73.90777299977674,40.85960799986946],[-73.90860899982792,40.86004000011791],[-73.90911699981604,40.86029399985769],[-73.90925900010626,40.86033200016829],[-73.90934100012201,40.86034299968204],[-73.90944900007705,40.86032799985058],[-73.90985499995793,40.86057399991868],[-73.9096359996748,40.860812999927276],[-73.91002200036249,40.861017000062574],[-73.91022400002886,40.860807000173544],[-73.91010600002808,40.86074000005593],[-73.91050299968813,40.86030999977659],[-73.91055499956664,40.86041000020123],[-73.91078499972042,40.86056399983981],[-73.91092899966047,40.860646999972985],[-73.91125000005084,40.86047699997331],[-73.91158200031187,40.86034299968204],[-73.91190700000186,40.86027900001511],[-73.91225799963115,40.860190000290636],[-73.91254600040953,40.86004000011791],[-73.91328399965313,40.85961900018286],[-73.91418699965145,40.859190000196335],[-73.91515800032013,40.858910999821106],[-73.91508899982486,40.85905999973424],[-73.91479400027208,40.85922099978804],[-73.914494999623,40.859368000174825],[-73.91444600011754,40.859435000321476],[-73.91451300006469,40.859452999953845],[-73.91481199981541,40.85940400015047],[-73.91524899965843,40.85927899990565],[-73.91563799982087,40.85915799981362],[-73.91615900022776,40.85878499990204],[-73.91664200010152,40.85798800017249],[-73.91687499973003,40.85800899986215],[-73.91742499955093,40.856773999841835],[-73.9175919999555,40.856812000133516],[-73.91790099975199,40.856937000277675],[-73.91928999999713,40.85747499976578],[-73.91849999997672,40.8583520001918],[-73.91820600024884,40.85867899979521]]]]}},{"type":"Feature","properties":{"zip":"10469","income":42102},"geometry":{"type":"MultiPolygon","coordinates":[[[[-73.86176900026591,40.85898900016855],[-73.86175599984712,40.85964499980448],[-73.86204600027534,40.859643000304324],[-73.86229599962229,40.85964100012469],[-73.86223799989597,40.86125000011788],[-73.86206499964361,40.86124799998677],[-73.86170700034164,40.861242000272476],[-73.86164500041735,40.86310599996643],[-73.86176300041812,40.86319299977657],[-73.86177900031166,40.863562999910336],[-73.86217500014676,40.86357500027663],[-73.86216500010104,40.86391200016546],[-73.86215199968223,40.86417200013148],[-73.86215500005528,40.86438899966916],[-73.86213199959076,40.864735000288384],[-73.8620999998037,40.86553699968118],[-73.86156199967836,40.86554999969042],[-73.86154199958688,40.8661540000249],[-73.861536999564,40.86630199995939],[-73.8620789998873,40.86631499981847],[-73.86203200003165,40.86779800028146],[-73.86191499985577,40.86779700031474],[-73.86169399992285,40.86779399973535],[-73.86185600030454,40.86798299997074],[-73.86183500038815,40.86853600010243],[-73.86199299967357,40.86853800001346],[-73.86197900032819,40.869229000299825],[-73.8618119999236,40.86922699973035],[-73.86179500020518,40.869609000070014],[-73.86187600039602,40.8696100000093],[-73.86186299997723,40.86999400004435],[-73.86193900014521,40.86999499997784],[-73.86194099979504,40.87060099969681],[-73.86178900035739,40.87059799992372],[-73.86177900031166,40.87093500007661],[-73.86139099997413,40.87092299968542],[-73.86137900027857,40.87133599978549],[-73.86136500003488,40.8718190002726],[-73.86134499994338,40.87252500007272],[-73.86133099969969,40.8728720001872],[-73.86197599995513,40.873002000029935],[-73.86197400030531,40.8731990001046],[-73.86246899987464,40.87320799974921],[-73.86238799968379,40.87334500015073],[-73.86185700012946,40.87333599984548],[-73.86184600025881,40.87373100001509],[-73.8615859999678,40.87370300005488],[-73.86130599958533,40.873673000326974],[-73.86113499988109,40.8744769998829],[-73.86051200026526,40.875494000275424],[-73.86007700007207,40.876277999966106],[-73.8599590000713,40.87648900021625],[-73.85975200038206,40.87686099975629],[-73.85927799983081,40.87772800001965],[-73.85892399982849,40.878366000223906],[-73.85859999996337,40.878954000313314],[-73.8582219996716,40.87963700022586],[-73.85783500005732,40.880334999940395],[-73.85744500006999,40.881040999936765],[-73.85705599990756,40.88174499968242],[-73.85666699974513,40.88244799966552],[-73.85627599993289,40.883154999949895],[-73.85588400029572,40.88386099974931],[-73.85569099995188,40.88421199976444],[-73.85551299967665,40.88418299976406],[-73.85314299961537,40.883428000318034],[-73.85299700002551,40.88340699985953],[-73.8530609995996,40.88330700020424],[-73.85258600012178,40.883173999661196],[-73.85254299956574,40.88324300031841],[-73.8509340001109,40.882716999909725],[-73.85112900010458,40.882344999999624],[-73.85065100025369,40.88219199982414],[-73.85049600044299,40.882424000337956],[-73.85039500016065,40.8825760002337],[-73.84973999985944,40.88234899966654],[-73.84944500030666,40.88207499985082],[-73.84905899961896,40.88216699997492],[-73.84900099989264,40.88201199988399],[-73.84726900041414,40.8812820003154],[-73.84449599994676,40.88011499966096],[-73.8434080000005,40.87965000018368],[-73.8433080004414,40.87958699994624],[-73.84336000031993,40.879516999763084],[-73.84305700037123,40.87922400028873],[-73.84299700009677,40.879261999925134],[-73.84273799963069,40.87942500003072],[-73.8420149995574,40.87987200021891],[-73.84127700031384,40.88031699987089],[-73.84046200017906,40.88062299970731],[-73.83965200006715,40.88092600018234],[-73.83874300022107,40.881266000029974],[-73.83775700038204,40.87950900008673],[-73.83753700027403,40.87911999988521],[-73.83660400013846,40.87750700008526],[-73.83638300020554,40.87711600001365],[-73.83616200027258,40.87677599990506],[-73.83582300033886,40.875988999790856],[-73.8357189996835,40.87575699981604],[-73.83558800016223,40.875532999865236],[-73.83549000025293,40.87533400023742],[-73.83540499986414,40.87512299970219],[-73.83533899974188,40.87491599996904],[-73.83525300042648,40.87449299977158],[-73.83524900022852,40.874384999938385],[-73.83526699977186,40.8742800002147],[-73.83530799977974,40.874177000065146],[-73.83535600035863,40.87410099968721],[-73.83542099975764,40.874023000156],[-73.8355010001236,40.87395300020235],[-73.83559900003289,40.87388800022765],[-73.835706000163,40.87383599993028],[-73.83581800031601,40.873797999896105],[-73.83490400044701,40.87191200029102],[-73.83316000037466,40.86831999984638],[-73.83273000020434,40.868457000172285],[-73.83202800004746,40.86705599979676],[-73.83057400040332,40.86437400007467],[-73.82980899959894,40.86258300001898],[-73.8295940004121,40.86217299983142],[-73.82837199967324,40.86094699994707],[-73.82826100024347,40.86085300008324],[-73.82807700012043,40.8606559999648],[-73.82758300037604,40.8600730001579],[-73.82737300031374,40.85950199972093],[-73.82734499982634,40.8594270002568],[-73.8273349997806,40.85940199996358],[-73.82732700028299,40.85938300022367],[-73.82723900041945,40.85919399990341],[-73.82716800027434,40.85900599982268],[-73.8270879999084,40.85880100018537],[-73.82657900009536,40.85689699979513],[-73.82654899995815,40.8566660003242],[-73.82652399984379,40.85650600031258],[-73.82697199955744,40.85646000010181],[-73.82832300016774,40.85632099981743],[-73.82911999986085,40.85623899984034],[-73.83041500039465,40.8560539999584],[-73.83139399966265,40.855950999994896],[-73.83206099965942,40.85593900028562],[-73.83277500041018,40.85599099968973],[-73.83282100044092,40.856123999809235],[-73.83308800040463,40.85614500008979],[-73.83440999980432,40.8564289998975],[-73.83524599985546,40.85649400002435],[-73.83639499990109,40.85666000019487],[-73.83681300037584,40.856833000195955],[-73.83694200024726,40.856918999961636],[-73.83699999997359,40.85706300031471],[-73.83692800000357,40.857192999939926],[-73.83681900022363,40.85727699966663],[-73.83724099999802,40.85735800027287],[-73.83817599978339,40.85750799972478],[-73.83911099956876,40.857657000076046],[-73.84004600025246,40.85780700020974],[-73.84097199981699,40.857948999760644],[-73.84191099980035,40.85809199979973],[-73.8432950000226,40.85829000018053],[-73.84458800000827,40.858446000207806],[-73.84552500034177,40.858537999877456],[-73.84645799957902,40.85863600004971],[-73.84739699956235,40.858683000212594],[-73.84833700026893,40.85870200015331],[-73.84930899986423,40.85871799977735],[-73.85028200018274,40.85865700021331],[-73.85123299986167,40.85857300019827],[-73.8521729996699,40.85849899978941],[-73.8531090001785,40.85840999971149],[-73.85405499983453,40.858323999843215],[-73.85590699986193,40.85816800020807],[-73.85598899987771,40.858163000326925],[-73.8561649996048,40.858151000338864],[-73.85663800033113,40.85811900013361],[-73.8617910000072,40.857983000277784],[-73.86287999977837,40.857953000222025],[-73.86285499966402,40.85909699997536],[-73.86176900026591,40.85898900016855]]]]}},{"type":"Feature","properties":{"zip":"10470","income":38464},"geometry":{"type":"MultiPolygon","coordinates":[[[[-73.88024199978598,40.89684400023079],[-73.87991399972293,40.897350999998636],[-73.87954300000216,40.89803499968327],[-73.87951200004002,40.89809200024311],[-73.87944400026797,40.89821699986927],[-73.8792130002893,40.89896999998062],[-73.87903400018914,40.89968500023721],[-73.87893700010476,40.90036400014156],[-73.87861400006456,40.90208600003871],[-73.87851199995733,40.90277599967071],[-73.87836999966709,40.9036650001612],[-73.87814899973417,40.90503499986526],[-73.87811199992423,40.905246000087196],[-73.87801692661849,40.90592958044586],[-73.87786677411212,40.9058774916641],[-73.87736944137323,40.90571993909071],[-73.87646841969716,40.90545239942147],[-73.87563419064828,40.905216494722104],[-73.8748317224631,40.904952064974886],[-73.8741618182088,40.90478956487745],[-73.87294987213266,40.90444930449796],[-73.87095378747829,40.903858534426234],[-73.86789925255695,40.902948458120385],[-73.86770339436343,40.90288810523142],[-73.86695200007922,40.90247499967832],[-73.86651387349829,40.90252148294915],[-73.86566887760388,40.90225454358339],[-73.86565700044373,40.90219199990894],[-73.8656349998041,40.90208600003871],[-73.8652680002813,40.90196199970588],[-73.86504099960227,40.90198299970738],[-73.86475408798475,40.902014934641294],[-73.86305212186747,40.901516365647865],[-73.86279977165925,40.90154380366202],[-73.8626633517094,40.90146746947681],[-73.86245899188837,40.90136667809319],[-73.86240912529573,40.901345479159964],[-73.8624010001026,40.90134099984733],[-73.86237646435518,40.901331594552836],[-73.86224566089427,40.901275988083164],[-73.86202469007512,40.90119605834239],[-73.86198317440218,40.9011835113963],[-73.86159000016576,40.901051000333666],[-73.86095599978096,40.900845999828405],[-73.86077500003098,40.9007869999892],[-73.8607619996122,40.90080899983181],[-73.86073700039616,40.90084900026765],[-73.86069377586048,40.9009122930643],[-73.86068749224523,40.900910294687016],[-73.86050481111592,40.90085437462492],[-73.86027157458777,40.90078297679944],[-73.86019443816879,40.900758539713074],[-73.86010833417848,40.90073026374893],[-73.85946905187396,40.90052549064706],[-73.85939825109946,40.900614391246826],[-73.85932544981176,40.90070580892055],[-73.8590781881552,40.901016274547814],[-73.85923702585525,40.90110689408851],[-73.85942110560467,40.9014014066618],[-73.85938441731953,40.901548672257334],[-73.85937823018969,40.90157349918568],[-73.85928226062435,40.901563783088385],[-73.85920678402253,40.901556145008854],[-73.85902830608947,40.901453191831116],[-73.8588652778742,40.90171997642482],[-73.85929029599053,40.9018773938311],[-73.85938703203918,40.901913223104344],[-73.85946516403254,40.901942159855466],[-73.85949977656234,40.90210988660345],[-73.85953327803846,40.902251392577824],[-73.85956271711368,40.902375730453294],[-73.85951999968016,40.902425999802496],[-73.85936299012577,40.90260695418814],[-73.85926559016617,40.90267776112901],[-73.85918025960801,40.90266436052996],[-73.85910625238505,40.90265273773566],[-73.85903731313209,40.90259177813831],[-73.85896274531703,40.90252614711395],[-73.85872951295727,40.902297252376194],[-73.85840201820426,40.902221537364035],[-73.85816126464346,40.90231399174114],[-73.85816586747475,40.90260414248881],[-73.85797058695412,40.90285918975095],[-73.8577487378856,40.902795828687566],[-73.85756094097768,40.90292607733757],[-73.85711216866795,40.90365781466232],[-73.85717302628038,40.90409034750979],[-73.85699283680202,40.90459249105902],[-73.85704270615899,40.90464885018223],[-73.85710277800685,40.90471674000261],[-73.85718747821821,40.90470029930724],[-73.85736061608648,40.90473924315615],[-73.85743583966718,40.9048498254586],[-73.8574184030987,40.904880027358914],[-73.85732100022143,40.90501699972508],[-73.8571360002735,40.904984999765446],[-73.85695458637616,40.9052419152817],[-73.85680164769008,40.905150530792234],[-73.85673272940844,40.90510935170727],[-73.85665563235949,40.90506328270387],[-73.85636207699908,40.905110436415946],[-73.8560114968202,40.905314266431205],[-73.85601287306459,40.905490365893534],[-73.85635671509398,40.905536400992595],[-73.85642513354979,40.90555302347974],[-73.85650378112602,40.90557213136876],[-73.85663274926844,40.90569769032626],[-73.8566290001103,40.9057029997174],[-73.85648099997229,40.905931999740865],[-73.85640700035246,40.90606500002792],[-73.85634500042816,40.906175999960546],[-73.85632399961345,40.9061659999804],[-73.85622700042738,40.90611900025696],[-73.85615299990924,40.906081999815605],[-73.85610799970338,40.90605999969013],[-73.85607400026652,40.90605999969013],[-73.85599700027365,40.90605999969013],[-73.85574000035568,40.90605999969013],[-73.85568699975391,40.90605999969013],[-73.85557399977601,40.90612199977806],[-73.85553399959304,40.90614399988288],[-73.85552000024764,40.90616499991436],[-73.85500599056441,40.90689973184484],[-73.85423903001171,40.90704115151537],[-73.85374229972503,40.90779619935404],[-73.8538348728699,40.90798263293723],[-73.85422831785125,40.908026648477716],[-73.85420399979746,40.90806700033089],[-73.85430199970673,40.90809099986245],[-73.85446221461795,40.9080209610443],[-73.85450210232868,40.90801994427553],[-73.85476799986206,40.90815900029824],[-73.85479600034945,40.90817300011971],[-73.85480005856294,40.90817510086668],[-73.85485058767183,40.90825971328446],[-73.85434199988971,40.908974000049824],[-73.85423399993466,40.90901000020787],[-73.85403700029119,40.909231000164056],[-73.85399700010821,40.909275999674435],[-73.85371300042608,40.90944699997879],[-73.85293500010123,40.90991899990945],[-73.85289999994114,40.9099159998817],[-73.85267800018327,40.909898999721825],[-73.85218400043885,40.909514999699],[-73.85137900034982,40.91004400026601],[-73.85136054448233,40.91004147700483],[-73.85164506926913,40.90970736808466],[-73.8520741423644,40.90920536602376],[-73.85234086586946,40.908880676632435],[-73.85236900038679,40.90887999980877],[-73.85271400016829,40.90844599977967],[-73.85296831183939,40.90814154279272],[-73.85305097085819,40.90804420983574],[-73.8534764864643,40.90753857705832],[-73.85346940853529,40.90753597396772],[-73.85352799957984,40.90746500029313],[-73.85268800022904,40.90714300020216],[-73.85247800016674,40.90706899976568],[-73.85147300006115,40.90669999979369],[-73.85098699981435,40.90653999983931],[-73.85066100029943,40.9069250002203],[-73.85063278530691,40.906959830308786],[-73.85041916345921,40.90720743070733],[-73.85032700038859,40.907276000090334],[-73.85013800024271,40.90749599968579],[-73.8500810003413,40.90746799975323],[-73.84881000009695,40.90685599981786],[-73.84865299973809,40.90677800019124],[-73.8478710001136,40.906440999902784],[-73.84743099989755,40.906244000328826],[-73.84708799976588,40.90613600003077],[-73.84681099975643,40.90605399996327],[-73.8462440002171,40.90589100027224],[-73.84584599983383,40.90575899970744],[-73.8453920002724,40.905646999679924],[-73.84545099982361,40.90551999968602],[-73.84520800014937,40.905448000302776],[-73.84523599973846,40.905380999872804],[-73.84512299976056,40.90535000016773],[-73.84519499973058,40.90516599975731],[-73.84490100000271,40.90508000019433],[-73.8449489996833,40.9047060002257],[-73.8449710003229,40.90470299996144],[-73.84518600040808,40.904710999986904],[-73.84562300025108,40.90477999991172],[-73.84543300028028,40.90427899994301],[-73.84604900022342,40.9041079998533],[-73.84607099996472,40.90378900001696],[-73.845984999751,40.90316299978196],[-73.84609899955385,40.90316100023813],[-73.84610899959956,40.90305599999702],[-73.84621300025493,40.902077000246884],[-73.84651000035588,40.90200999979658],[-73.84649399956402,40.90177599978915],[-73.84667799968705,40.90179000028294],[-73.84676800009873,40.90179099973614],[-73.84680200043393,40.901552000312236],[-73.84693600032823,40.901520000034004],[-73.84698200035898,40.901627000267005],[-73.84704500010817,40.901729999794846],[-73.84712899977376,40.90183600023561],[-73.8472300000561,40.90193400014612],[-73.84734600040703,40.90202099985492],[-73.84747299973034,40.902095999956856],[-73.84761900021851,40.90216200019353],[-73.84809799989432,40.90237699989045],[-73.84954999988864,40.90304500011085],[-73.85066299994925,40.901636000120114],[-73.85223299994435,40.89964000031131],[-73.85254799958862,40.89978299993981],[-73.85278000029052,40.89948199990634],[-73.85285599956022,40.89951799979974],[-73.85327900005781,40.898980999865515],[-73.85323700022504,40.89896099976477],[-73.85367499989295,40.898447000193954],[-73.8541589995916,40.89861500012055],[-73.854299000232,40.89845000006303],[-73.85468900021934,40.898602999994424],[-73.85486499994646,40.898319999954126],[-73.85514600015384,40.89845699998324],[-73.8555600004306,40.8986199996632],[-73.85623999994786,40.89762599990797],[-73.857044000212,40.89793700010693],[-73.85633000035955,40.89898700023405],[-73.85619399991711,40.89918799970409],[-73.85699700035632,40.89950400018304],[-73.85780300027027,40.89981599986242],[-73.85862599990266,40.900136000006995],[-73.8588829998206,40.90022199988798],[-73.85925799973934,40.90033800021356],[-73.86023799973056,40.8988400002147],[-73.86099299959088,40.897760000116186],[-73.8611130001398,40.89758900014721],[-73.86129499971467,40.89809900020122],[-73.86142299976119,40.89853899996411],[-73.86147100034007,40.899148000300734],[-73.86145700009638,40.8995269999398],[-73.86133499989765,40.90019000032432],[-73.86191599968069,40.8988299998043],[-73.86222000035262,40.89881600004194],[-73.86242799986677,40.89809100005499],[-73.8626129998147,40.89740700027039],[-73.86296099996925,40.89632800007729],[-73.86355900036904,40.89537700019324],[-73.86368499986743,40.89432499999356],[-73.86656100026697,40.88975299970403],[-73.86700499978267,40.88907400021994],[-73.86748699983153,40.88817899990069],[-73.86807299963745,40.886071000271954],[-73.86921099981241,40.88332500013978],[-73.87001699972636,40.88234400025263],[-73.87091999972468,40.880258000061566],[-73.87191800015756,40.8802369999556],[-73.87307300005097,40.88013400024493],[-73.87406700028588,40.880038999987256],[-73.87494599999475,40.87994800008438],[-73.87479200000898,40.88007500027253],[-73.87467499983312,40.88156299968825],[-73.87533699980702,40.881671999793404],[-73.876258000247,40.881832000133464],[-73.87716999956784,40.88199400027055],[-73.87812600016795,40.88215399983227],[-73.87772899960959,40.88345400010035],[-73.87760700030917,40.88452299985927],[-73.87783400008989,40.88679800027266],[-73.87791799975548,40.88721200016119],[-73.87805500002284,40.88782700020908],[-73.87851100013242,40.88877599998366],[-73.87918899999983,40.89030700029426],[-73.8799189997458,40.89162400010065],[-73.88018700043271,40.89212899993101],[-73.88033100037276,40.89249099983794],[-73.88037099965743,40.892715999710504],[-73.8804030003428,40.89299700010659],[-73.88037099965743,40.89339799994618],[-73.88025500020477,40.894029999709296],[-73.88012100031048,40.89444600033281],[-73.8800080003326,40.89524400014225],[-73.88018300023477,40.89521700000734],[-73.88024699980888,40.89594899976418],[-73.88028199996896,40.896103999805284],[-73.88030899973313,40.89619499990117],[-73.88049200003124,40.896551000058444],[-73.8804040001677,40.89663600031627],[-73.88024199978598,40.89684400023079]]]]}},{"type":"Feature","properties":{"zip":"10471","income":56488},"geometry":{"type":"MultiPolygon","coordinates":[[[[-73.92038799998913,40.8891989999081],[-73.91976100017534,40.8911300003225],[-73.91946800027236,40.89156000010913],[-73.91815000017235,40.89411199974535],[-73.91835799968649,40.894586000280796],[-73.9179850003159,40.89489200000879],[-73.91739000028916,40.89673000030643],[-73.91728399998394,40.89704299969354],[-73.91512399998496,40.9031250002906],[-73.91429399978156,40.9042390002237],[-73.91321300040632,40.907908999689866],[-73.91181800031339,40.912942000112665],[-73.91158800015964,40.91402899970882],[-73.91081900005562,40.914890000119385],[-73.91051600010691,40.915282000256084],[-73.91027900028045,40.91518700022858],[-73.91000599957066,40.91507599980907],[-73.90949599993272,40.914931000117846],[-73.90947099981837,40.91492399990467],[-73.9088399998066,40.91475400012461],[-73.90881399986733,40.914746999892635],[-73.90832799962054,40.914615999973606],[-73.90830199968126,40.914608999727086],[-73.90594699968861,40.9139479998737],[-73.9059109997036,40.91393799971117],[-73.90419400029371,40.91346000022514],[-73.90380599995619,40.91335300012954],[-73.90266931915248,40.91303856449915],[-73.9024579187536,40.91296721645159],[-73.90232559217105,40.912942101197984],[-73.90210600026475,40.912878999666226],[-73.90069699992813,40.912380999875396],[-73.8999699996569,40.91213200027045],[-73.89978899990695,40.91207199966111],[-73.8995050002248,40.911977999751045],[-73.8986819996941,40.91187099997244],[-73.89812000017763,40.91179800005583],[-73.8977231408042,40.91173812955132],[-73.89741032214035,40.9116885119987],[-73.89736000029443,40.91167200031705],[-73.89725300016433,40.91165499992978],[-73.89663399984812,40.911323999984965],[-73.89663100037339,40.91120699993012],[-73.89660600025903,40.91020199987893],[-73.8965960002133,40.90962799997797],[-73.89657899959654,40.90890899984685],[-73.89656400042624,40.908288000044244],[-73.89654599998457,40.907507000189426],[-73.89649300028113,40.90633900030692],[-73.89643499965649,40.905092999906465],[-73.89641100026537,40.90450499987164],[-73.89640899971724,40.90296100005552],[-73.8966670003584,40.902007000088965],[-73.89685800015411,40.90112799978302],[-73.8968780002456,40.90104100025747],[-73.89694799966747,40.90071100029137],[-73.89699200004841,40.90049999985955],[-73.89703499970612,40.900287999957705],[-73.89704899994983,40.900224000199735],[-73.89714699985912,40.899785999748296],[-73.89717199997347,40.899678999932],[-73.89718299984413,40.89934700030137],[-73.89709099978262,40.89859300022719],[-73.89699399969824,40.89787899990128],[-73.89670699964307,40.89580499977295],[-73.89658500034264,40.895157999900576],[-73.89645800012103,40.89370600024538],[-73.89669300029766,40.893005000189795],[-73.89711500007206,40.892086000176285],[-73.89780700018319,40.89067699966908],[-73.89794000025258,40.8904900003134],[-73.89838700014134,40.88939099975701],[-73.89983999996056,40.88653699982373],[-73.90028799967422,40.88666299991136],[-73.90050600013242,40.88672499984484],[-73.90144599994068,40.886992000329656],[-73.90236700038066,40.887254000015034],[-73.90254300010776,40.88768300019691],[-73.90278099975914,40.88878700020533],[-73.90301099991291,40.888822999806976],[-73.90285899957694,40.88916499979899],[-73.9029670004303,40.889322000077016],[-73.903046000073,40.88941899987235],[-73.90320599990656,40.88949599995869],[-73.90337099976301,40.88956500013632],[-73.90354900003825,40.88960699985485],[-73.9037060003971,40.889625000114165],[-73.9038400002914,40.88962100020786],[-73.9039399998505,40.88959799972339],[-73.90435900015017,40.88976899997482],[-73.90443299977,40.890156999756385],[-73.90445799988436,40.890145000133245],[-73.90460000017461,40.890095999951946],[-73.90472400002315,40.89006899975337],[-73.90485399971949,40.8900539998647],[-73.90498500013904,40.890053000234154],[-73.90512700042926,40.890066000183374],[-73.90525299992764,40.89009200007412],[-73.90538099997416,40.890132999828886],[-73.90551300021865,40.890194999906655],[-73.90557699979276,40.889967999667434],[-73.90626300005611,40.88757100012161],[-73.90738799981229,40.88781999984317],[-73.90759700004963,40.88820099986168],[-73.90799899973257,40.8889070001594],[-73.90841800003221,40.889122000155275],[-73.90869599986655,40.889322999718615],[-73.90879899979873,40.889360999668824],[-73.90889300040837,40.889395999996744],[-73.90906400011261,40.889507999699475],[-73.9097620000715,40.889510000335164],[-73.91147000015886,40.889629000020214],[-73.91195999970532,40.889670000061855],[-73.91194800000974,40.890132999828886],[-73.91282300041898,40.890066999813676],[-73.91269700002229,40.89056899975703],[-73.91302300043552,40.89060900027323],[-73.91356400003562,40.89063699987313],[-73.91418199962858,40.89059100028163],[-73.91634400017568,40.891287000012596],[-73.91672900014017,40.88945200021139],[-73.9168809995778,40.88874699994595],[-73.91684600031603,40.887604999691575],[-73.91682100020167,40.88723999984035],[-73.9167960000873,40.88707200022955],[-73.91668700030736,40.886900999799586],[-73.9139780003124,40.88637400025457],[-73.91603700002902,40.884866999759936],[-73.91876100009264,40.885569999859506],[-73.91869599979529,40.88688500019349],[-73.92058600035585,40.887185999817945],[-73.9209560002517,40.88728799974785],[-73.92038799998913,40.8891989999081]]]]}},{"type":"Feature","properties":{"zip":"10472","income":23565},"geometry":{"type":"MultiPolygon","coordinates":[[[[-73.88383200003798,40.82827100031872],[-73.88355699967838,40.82893800020791],[-73.88357799959476,40.82951100003705],[-73.88388700028958,40.82980899988903],[-73.8823540001044,40.83150499972992],[-73.87998300021823,40.834680000133744],[-73.87947799970483,40.83520699994397],[-73.87848500019315,40.83602999985866],[-73.87761499980677,40.836569000312565],[-73.87694199996221,40.836505000108424],[-73.87639899981401,40.83645499988471],[-73.87507800023926,40.83638800028699],[-73.87425300005873,40.836341999702334],[-73.8738429999799,40.836326999874125],[-73.87382399971332,40.83639899969808],[-73.87368899999413,40.83638999980935],[-73.8737159997583,40.83631799997557],[-73.87336500012901,40.83629100027266],[-73.87208899986179,40.83620800021073],[-73.87154200041392,40.83614599986741],[-73.87122699987134,40.836110000167686],[-73.87076099971603,40.83603800002984],[-73.87045899959223,40.83598800013353],[-73.87017699955993,40.83595000013274],[-73.86999300033523,40.83591400032652],[-73.86976900002924,40.83586299988795],[-73.86904900032901,40.83569999994227],[-73.86814200013272,40.83545799972987],[-73.86785000005469,40.83536800018939],[-73.86712100013362,40.83514700026331],[-73.86651900043418,40.83496899978107],[-73.866372999946,40.83503300010878],[-73.86593100008011,40.83479299975074],[-73.863916999671,40.83419499974054],[-73.86287999977837,40.83388900014053],[-73.86167200018153,40.83353900028351],[-73.86157099989919,40.83350100023827],[-73.86144200002776,40.83345099978796],[-73.86129800008771,40.83354099989177],[-73.86109600042136,40.83363199967614],[-73.86085100019895,40.8336139998258],[-73.86058300041036,40.83356199985307],[-73.86043500027237,40.83346099988102],[-73.86034400003577,40.83329400023572],[-73.86032800014225,40.83321700003378],[-73.86033499981492,40.833128999790524],[-73.8588529996834,40.83267299974877],[-73.85759599968273,40.83231399982717],[-73.85743000000137,40.83226600016744],[-73.85597700018215,40.83183100013737],[-73.85546300034625,40.83168499966103],[-73.85474399957263,40.831477000270674],[-73.85293400027632,40.830932000139406],[-73.85122399964082,40.83041399967494],[-73.85063199998712,40.830232999837946],[-73.84949200016234,40.8299090001277],[-73.84874899999757,40.829651000006535],[-73.84726100001824,40.82931299998337],[-73.84696800011527,40.82922900015273],[-73.84585000003179,40.828914999714016],[-73.84504499994276,40.828799999843724],[-73.84525500000504,40.82846300012154],[-73.84578999975734,40.82830700019663],[-73.84617700026993,40.82820399992745],[-73.84699900007742,40.82800000004397],[-73.85003000028766,40.82759600000863],[-73.85309099973684,40.827186000151784],[-73.85615100025942,40.82676999968242],[-73.85630000022233,40.82675700022048],[-73.85645000001014,40.82674400007624],[-73.85674700011107,40.82670500030803],[-73.85702099974746,40.82665600007867],[-73.8572779996654,40.82659899986339],[-73.85867199993342,40.82642399995781],[-73.85970299997827,40.82627699989773],[-73.86120699985112,40.82608699971652],[-73.86216599992595,40.82596600019031],[-73.86474799969932,40.82561699989888],[-73.86491000008103,40.825596000140244],[-73.8677029997416,40.82520099978354],[-73.86787799964377,40.825178000032786],[-73.86984199982416,40.82492299966046],[-73.87051899986669,40.824841000257386],[-73.87151499975144,40.82471500013151],[-73.8721249998468,40.82462999997612],[-73.87250599961332,40.82459100032417],[-73.87262199996427,40.824571000180036],[-73.8728229998057,40.82453500031325],[-73.87355400027491,40.82441000022757],[-73.87421399970066,40.824344999899594],[-73.87437000023459,40.82433000007631],[-73.87469300027477,40.824286999793685],[-73.8752849999285,40.82420800011867],[-73.87621300004118,40.82408400004317],[-73.87713600013099,40.823957999838626],[-73.87806400024365,40.82383399997547],[-73.87898899998329,40.82371099983284],[-73.87992999961646,40.82364099973273],[-73.88178699966674,40.82340200024228],[-73.88257699968716,40.823277000060486],[-73.88276099981019,40.823247999886775],[-73.88441100017121,40.82296999973452],[-73.88456799963176,40.824928000010374],[-73.8845309998218,40.82564700031942],[-73.88383200003798,40.82827100031872]]]]}},{"type":"Feature","properties":{"zip":"10473","income":27733},"geometry":{"type":"MultiPolygon","coordinates":[[[[-73.88276099981019,40.823247999886775],[-73.88257699968716,40.823277000060486],[-73.88178699966674,40.82340200024228],[-73.87992999961646,40.82364099973273],[-73.87898899998329,40.82371099983284],[-73.87806400024365,40.82383399997547],[-73.87713600013099,40.823957999838626],[-73.87621300004118,40.82408400004317],[-73.8752849999285,40.82420800011867],[-73.87469300027477,40.824286999793685],[-73.87437000023459,40.82433000007631],[-73.87421399970066,40.824344999899594],[-73.87355400027491,40.82441000022757],[-73.8728229998057,40.82453500031325],[-73.87262199996427,40.824571000180036],[-73.87250599961332,40.82459100032417],[-73.8721249998468,40.82462999997612],[-73.87151499975144,40.82471500013151],[-73.87051899986669,40.824841000257386],[-73.86984199982416,40.82492299966046],[-73.86787799964377,40.825178000032786],[-73.8677029997416,40.82520099978354],[-73.86491000008103,40.825596000140244],[-73.86474799969932,40.82561699989888],[-73.86216599992595,40.82596600019031],[-73.86120699985112,40.82608699971652],[-73.85970299997827,40.82627699989773],[-73.85867199993342,40.82642399995781],[-73.8572779996654,40.82659899986339],[-73.85702099974746,40.82665600007867],[-73.85674700011107,40.82670500030803],[-73.85645000001014,40.82674400007624],[-73.85630000022233,40.82675700022048],[-73.85615100025942,40.82676999968242],[-73.85309099973684,40.827186000151784],[-73.85003000028766,40.82759600000863],[-73.84699900007742,40.82800000004397],[-73.84617700026993,40.82820399992745],[-73.84578999975734,40.82830700019663],[-73.84525500000504,40.82846300012154],[-73.84455100019834,40.82853700008831],[-73.84443999987026,40.82852099997388],[-73.84410299958637,40.82847300028722],[-73.84391699981353,40.82844699998926],[-73.84314199986173,40.828578999775495],[-73.84291500008102,40.828621999994084],[-73.84281200014884,40.82863700020609],[-73.84274799967642,40.828543999924705],[-73.84273599998087,40.82852799981199],[-73.8426670003839,40.828342000172505],[-73.84265300014017,40.82826299989002],[-73.84266999985861,40.828040000297136],[-73.8426670003839,40.82799699970112],[-73.84264999976715,40.82790900000681],[-73.842626000376,40.82786500011583],[-73.84258700001794,40.827810999931685],[-73.84254600001005,40.82774100008068],[-73.8423169996812,40.82718500025182],[-73.84127899996366,40.824904000230575],[-73.84026499963726,40.82205300033677],[-73.84007300001663,40.82123000028031],[-73.84010099960571,40.82073700010118],[-73.84021000028397,40.81994200029398],[-73.84063799990615,40.81948299993508],[-73.8414439998201,40.81914699979605],[-73.84204700024277,40.81862600032415],[-73.84226399997775,40.81761099982405],[-73.84267700042963,40.817035999725995],[-73.84315299973238,40.81626800014123],[-73.84433299974013,40.814850000180705],[-73.8443799995958,40.814207999693664],[-73.84462999984106,40.81369699985884],[-73.84459499968095,40.813466000066754],[-73.84547599993799,40.81197799987717],[-73.84638700033221,40.81162500023409],[-73.84622900014848,40.81141900007351],[-73.84625599991269,40.811309999937734],[-73.84636300004277,40.8112050001865],[-73.846533999747,40.81108000013649],[-73.8465610004095,40.81097100012372],[-73.84667900041026,40.81085099968426],[-73.84684900028958,40.81071399990874],[-73.84703599988732,40.8107319998557],[-73.8472230003834,40.81107699970816],[-73.84744000011837,40.811190000111324],[-73.84768699999059,40.81149199988345],[-73.84797499987066,40.811902999661314],[-73.84803000012225,40.81221799986203],[-73.84816700038961,40.81251999971435],[-73.84843600000315,40.81275999977841],[-73.8488929999376,40.81305499977256],[-73.8494410001087,40.8132460000026],[-73.85005799987675,40.81349300022522],[-73.85045600026002,40.81356200005154],[-73.85060299967479,40.81392999972622],[-73.85140100009114,40.81410999976963],[-73.851510999696,40.814253999996616],[-73.85170300021493,40.8143150003196],[-73.85195699975985,40.8143360002506],[-73.85219600013444,40.814370000027736],[-73.85244999967934,40.81425399999662],[-73.85248400001451,40.81430899975533],[-73.85236099999088,40.81442499969026],[-73.85256000018249,40.81449399990704],[-73.85265600044198,40.81445300023027],[-73.85285399991037,40.81445300023027],[-73.85286800015409,40.814410999755786],[-73.85279899965879,40.81430899975533],[-73.85267599963517,40.81432900027432],[-73.85269699955154,40.81422600005249],[-73.85269699955154,40.81410000015773],[-73.85264899987096,40.81400699988764],[-73.85294299959884,40.8138839998785],[-73.85300200004836,40.81369400022874],[-73.85216900037025,40.81379499971312],[-73.8513840003727,40.81364600000924],[-73.85093499993582,40.81352099979881],[-73.85075699966058,40.81336999994305],[-73.85039699981047,40.81309099975115],[-73.84980299960863,40.81275700010589],[-73.84935900009293,40.81231400029283],[-73.84926299983347,40.812108999679076],[-73.84923600006928,40.81179400032063],[-73.84940000010081,40.81146500027044],[-73.8495239999494,40.81132799972297],[-73.8494410001087,40.81114899975263],[-73.84920799958188,40.81095700014028],[-73.84926299983347,40.81086099978581],[-73.8494829999415,40.81061500011328],[-73.84953700036817,40.8103820001628],[-73.8497020002246,40.810216999822714],[-73.85001799969379,40.81000700009442],[-73.8502579998933,40.80960900023649],[-73.85028700020563,40.80847500000792],[-73.84931300006218,40.80804700027214],[-73.84923400041946,40.80779799978957],[-73.84871200018765,40.80750200002385],[-73.84848500040692,40.80712800020059],[-73.84845100007175,40.80683299969293],[-73.84854200030833,40.806549000196455],[-73.84857599974521,40.80636700029194],[-73.84844000020108,40.8061289999775],[-73.84802000007652,40.80599300019167],[-73.84768899964041,40.806065000313005],[-73.84764199978474,40.80575000014047],[-73.84764199978474,40.80512999967503],[-73.84843199980517,40.80499000030377],[-73.84932499975774,40.80516800033742],[-73.84976699962363,40.805303999774],[-73.84995400011968,40.805286999944634],[-73.85002199989175,40.805185000197234],[-73.85002199989175,40.80499800013981],[-73.85017500005263,40.80448899989612],[-73.85058299958331,40.80442099971755],[-73.85132999994602,40.80460800004091],[-73.85170400003986,40.80472599973378],[-73.85285999975817,40.804625000044176],[-73.85431099992758,40.80443400015711],[-73.85440600036212,40.80459100003326],[-73.85525599975868,40.80460800004091],[-73.855425999638,40.80450599992982],[-73.8565300003761,40.80479400027974],[-73.85673399969228,40.80489599994816],[-73.8576860000944,40.805270000110944],[-73.85802500002812,40.805406000018486],[-73.85802599985304,40.80565000019398],[-73.85811899973946,40.8057569996619],[-73.85828299977098,40.80602299996842],[-73.85839499992397,40.80621899976251],[-73.85848299978753,40.80643300009087],[-73.85855599958245,40.80664600019947],[-73.85866500026071,40.80683299969293],[-73.85911100032456,40.80636600007812],[-73.85933100043258,40.80666699983797],[-73.85944000021252,40.80724300025064],[-73.85933100043258,40.80757200015656],[-73.85919400016523,40.80737999971318],[-73.85911100032456,40.8069140000736],[-73.85889200004144,40.807051000215296],[-73.85866799973545,40.80737999971319],[-73.8584810001377,40.808065000262594],[-73.85872200016213,40.80857199991542],[-73.85891899980561,40.80899699982218],[-73.85903299960844,40.80994700004998],[-73.85990600036784,40.80957299972844],[-73.8594949995658,40.80896999987388],[-73.85941300044836,40.80850399984091],[-73.85944000021252,40.80803799993509],[-73.8595220002283,40.80831200005435],[-73.85957699958158,40.80872299981169],[-73.85990600036784,40.80910699985057],[-73.8603540000815,40.80940599976037],[-73.86048200012802,40.80949099970707],[-73.86111200031488,40.80976499994597],[-73.86163299982347,40.80990200032101],[-73.86222399965226,40.81003099982504],[-73.86253800036995,40.81008199973371],[-73.86304499963482,40.81015199986451],[-73.86365599955509,40.81025099967085],[-73.86434500019149,40.81032800002251],[-73.86573699991138,40.81044699989569],[-73.86671500025277,40.81054599994185],[-73.86738300007444,40.81058800014341],[-73.86758700028895,40.810608999894285],[-73.86766400028183,40.81065100005598],[-73.86780499984884,40.81076399982485],[-73.86805099989614,40.8110589998548],[-73.86815600037643,40.81117899991809],[-73.86834600034722,40.81149500029301],[-73.86849000028728,40.811766000018245],[-73.8688869999473,40.812359999869265],[-73.86923900029981,40.81282399978483],[-73.87004699986358,40.813828999767466],[-73.87038499997239,40.81420199979959],[-73.87058199961588,40.81439200003419],[-73.87074300017268,40.81450400013943],[-73.87109499962688,40.81470100012671],[-73.87130600041237,40.814799999944356],[-73.87160099996515,40.81490500012519],[-73.87177000001955,40.81496100010837],[-73.87311300023394,40.815298999852885],[-73.87650500011921,40.81628000023502],[-73.8769760002974,40.81642199970661],[-73.87751299969952,40.816586000192764],[-73.8783200003367,40.81708699968901],[-73.8805459995596,40.81846800031117],[-73.8809809997528,40.81823800017031],[-73.88244799981572,40.8192690002254],[-73.88263899961144,40.8196479996655],[-73.88378799965706,40.82193300022767],[-73.88432800033054,40.82261400020994],[-73.88435799956945,40.82273900028173],[-73.88439600010261,40.82290200014101],[-73.88441100017121,40.82296999973452],[-73.88276099981019,40.823247999886775]]]]}},{"type":"Feature","properties":{"zip":"10474","income":16339},"geometry":{"type":"MultiPolygon","coordinates":[[[[-73.89795799979592,40.812968000083515],[-73.89802899994105,40.813000000334064],[-73.89810599993393,40.81303400011593],[-73.89821499971387,40.81307999987309],[-73.89835199998124,40.813137000148686],[-73.89844800024069,40.81317699984767],[-73.89684999975819,40.81446000019348],[-73.89542799990109,40.815845000038514],[-73.89534699971024,40.8157959999439],[-73.89524100030334,40.815733000157586],[-73.89515799956436,40.81568299990687],[-73.8947240000944,40.81614400017843],[-73.89361500023173,40.81719399975063],[-73.89302500022788,40.81769900026595],[-73.89265100013407,40.81805400029926],[-73.89196499987071,40.818704999849636],[-73.8905560004324,40.82008400008457],[-73.89043800043163,40.82020200012931],[-73.89035999971551,40.82027299978436],[-73.89018399998842,40.82041700023001],[-73.89005000009412,40.82052699968004],[-73.88993499956806,40.82061400033336],[-73.88986299959805,40.82066500026476],[-73.88980099967377,40.820707000178835],[-73.88931100012732,40.821019000067565],[-73.88883900012422,40.82132699989523],[-73.88818299999808,40.82175400031863],[-73.88748500003918,40.82230300031987],[-73.8872830003728,40.82249900028939],[-73.88720100035704,40.82259999996429],[-73.8869870000968,40.82264799982318],[-73.88651599991861,40.82273599970089],[-73.88558100013324,40.8228620001876],[-73.88505800007651,40.82291600032295],[-73.88441100017121,40.82296999973452],[-73.88439600010261,40.82290200014101],[-73.88435799956945,40.82273900028173],[-73.88432800033054,40.82261400020994],[-73.88378799965706,40.82193300022767],[-73.88263899961144,40.8196479996655],[-73.88244799981572,40.8192690002254],[-73.8809809997528,40.81823800017031],[-73.88140800044837,40.81799300001507],[-73.88021900021977,40.81716500031645],[-73.87986799969217,40.81682699988129],[-73.87959900007867,40.81661599993935],[-73.87935399985628,40.81637099991222],[-73.87875800000462,40.8160669997778],[-73.87683300018227,40.815268000110926],[-73.87199799962521,40.81374299983622],[-73.87076999993687,40.81186299987419],[-73.86813200008699,40.80687200026631],[-73.86831299983696,40.80631399981867],[-73.87033300009384,40.80352500021765],[-73.87069399976889,40.80298599978071],[-73.87098099982404,40.802574999851814],[-73.87110200019788,40.80260499981357],[-73.87163000027748,40.801925999670615],[-73.87170100042259,40.80183199973537],[-73.87171999979084,40.80180599987446],[-73.87157000000302,40.80175999978172],[-73.87168999965361,40.801533999986674],[-73.87342399968026,40.80081100029075],[-73.87470599979527,40.80093099984573],[-73.8747359999325,40.80117199995706],[-73.87563999975573,40.80141799995544],[-73.87566800024312,40.800969999807414],[-73.87835899979646,40.80130199972147],[-73.87790600005992,40.80227200002158],[-73.87811299974915,40.8022950002345],[-73.87835499959849,40.802952000290155],[-73.88052899984116,40.80256400027042],[-73.88354099978486,40.80212899990849],[-73.88389200031246,40.801745999895026],[-73.88481799987699,40.801901999728756],[-73.88526300011591,40.80233599994382],[-73.88550999998812,40.80236400014543],[-73.88589400012768,40.802775000020944],[-73.88627700044232,40.80337799972892],[-73.88693500021826,40.80370699975633],[-73.887570000428,40.804184999717435],[-73.88751099997845,40.804557000004976],[-73.88770299959906,40.80483100021763],[-73.88805900014951,40.804940000116694],[-73.88817799997523,40.804900999767874],[-73.88836100027332,40.80477600008202],[-73.88874399968967,40.80474800021804],[-73.88910100006503,40.80496799989971],[-73.8894020003639,40.80529700020478],[-73.88924199963203,40.8059370001189],[-73.889754999643,40.80595799998172],[-73.89000400006334,40.80573999994865],[-73.89039099967765,40.80587399981049],[-73.890860000206,40.80596999990035],[-73.8911840000711,40.80599399973115],[-73.89153200022567,40.80598199981683],[-73.89175999983128,40.80645000030657],[-73.89483500042249,40.806221999730575],[-73.89501500034754,40.80630600014127],[-73.89511099970869,40.80685900030437],[-73.89633599992229,40.806714000138044],[-73.89625200025672,40.80624600015017],[-73.89727300025581,40.80613799989351],[-73.89734500022584,40.80654600024321],[-73.89822099956167,40.80641400012453],[-73.89813699989608,40.80564599997536],[-73.89848599987553,40.80547699986946],[-73.90069500027832,40.80498900006917],[-73.90218400008256,40.80487700022182],[-73.90229399968743,40.80593499967828],[-73.90243299960457,40.80658400009471],[-73.90295200036167,40.809145999767395],[-73.90298800034668,40.80936400017042],[-73.89795799979592,40.812968000083515]]]]}},{"type":"Feature","properties":{"zip":"10475","income":40528},"geometry":{"type":"MultiPolygon","coordinates":[[[[-73.83698699955481,40.88193900028945],[-73.8366409999484,40.882120000178475],[-73.83621800034908,40.8823930000617],[-73.83560900007863,40.88294500031096],[-73.8345439996986,40.883707999682585],[-73.83434600023018,40.88385000006707],[-73.83404699958113,40.8839900000235],[-73.83361800013405,40.88418600027988],[-73.83343499983596,40.88426999972701],[-73.83324400004024,40.884345000259],[-73.83301399988646,40.8844190003112],[-73.83280999967197,40.88447200016008],[-73.83254899955605,40.88452200014517],[-73.83233699984395,40.884550000283326],[-73.83130199960114,40.88471100016868],[-73.83065399987095,40.884852999759374],[-73.83033699967854,40.884968999868484],[-73.82953300031272,40.88530299974967],[-73.82863500033726,40.88565900010955],[-73.82789600037049,40.88595200030053],[-73.82696300023491,40.88629800029741],[-73.82571399973187,40.88677100008657],[-73.82518999985022,40.88698200016559],[-73.82449199989134,40.88737800007473],[-73.82375200009962,40.88783199988791],[-73.82130400022054,40.88921299966832],[-73.82055699985783,40.88960699985486],[-73.81978199990603,40.89001100011961],[-73.81955799960004,40.89016300024619],[-73.8194999998737,40.890147000070584],[-73.81941899968285,40.89012500007752],[-73.81892900013641,40.88999299996531],[-73.81873199959459,40.889939999784424],[-73.81850300016406,40.88987800014677],[-73.81761400040943,40.88967900018355],[-73.81759599996778,40.889675000280526],[-73.81674900004595,40.889454000169685],[-73.8166190003496,40.88941899987235],[-73.81648399973207,40.889386000196005],[-73.81620599989772,40.889316000190085],[-73.81610399979049,40.88927600025044],[-73.81574310114986,40.88920540523684],[-73.81551363452793,40.88914147091724],[-73.81532899983866,40.88906599966138],[-73.81516499980715,40.888999000293644],[-73.81518800027168,40.88725199999024],[-73.8152319997543,40.88681199986172],[-73.81538300026534,40.88678899975911],[-73.81541300040256,40.886654999740465],[-73.81558900012965,40.88662899985744],[-73.81661599997658,40.8863859998824],[-73.81936000013162,40.885726000142405],[-73.81981399969308,40.88557400001068],[-73.81992599984606,40.882120000178475],[-73.821104000204,40.878964000332054],[-73.82329599999004,40.87309800008437],[-73.82126700041061,40.869070999960904],[-73.82100600029472,40.86896200016511],[-73.82087300022532,40.868907000225],[-73.82116399958014,40.86858300003333],[-73.8204000003973,40.86824200029781],[-73.82025700028218,40.86749400020567],[-73.81993800043995,40.863737000253764],[-73.81945899986583,40.86280999974874],[-73.81880699993768,40.86248200011059],[-73.81988400001329,40.861753999981936],[-73.82046800016938,40.861359999762975],[-73.82473100026591,40.86003100004238],[-73.8255539998983,40.859736999847115],[-73.82699500002197,40.85927300001298],[-73.8270259999841,40.85926299973773],[-73.82721099993203,40.85920400018911],[-73.82723900041945,40.85919399990341],[-73.82732700028299,40.85938300022367],[-73.8273349997806,40.85940199996358],[-73.82734499982634,40.8594270002568],[-73.82737300031374,40.85950199972093],[-73.82758300037604,40.8600730001579],[-73.82807700012043,40.8606559999648],[-73.82826100024347,40.86085300008324],[-73.82837199967324,40.86094699994707],[-73.8295940004121,40.86217299983142],[-73.82980899959894,40.86258300001898],[-73.83057400040332,40.86437400007467],[-73.83202800004746,40.86705599979676],[-73.83273000020434,40.868457000172285],[-73.83316000037466,40.86831999984638],[-73.83490400044701,40.87191200029102],[-73.83581800031601,40.873797999896105],[-73.835706000163,40.87383599993028],[-73.83559900003289,40.87388800022765],[-73.8355010001236,40.87395300020235],[-73.83542099975764,40.874023000156],[-73.83535600035863,40.87410099968721],[-73.83530799977974,40.874177000065146],[-73.83526699977186,40.8742800002147],[-73.83524900022852,40.874384999938385],[-73.83525300042648,40.87449299977158],[-73.83533899974188,40.87491599996904],[-73.83540499986414,40.87512299970219],[-73.83549000025293,40.87533400023742],[-73.83558800016223,40.875532999865236],[-73.8357189996835,40.87575699981604],[-73.83582300033886,40.875988999790856],[-73.83616200027258,40.87677599990506],[-73.83638300020554,40.87711600001365],[-73.83660400013846,40.87750700008526],[-73.83753700027403,40.87911999988521],[-73.83775700038204,40.87950900008673],[-73.83874300022107,40.881266000029974],[-73.83782699980392,40.88160799968488],[-73.83698699955481,40.88193900028945]]]]}},{"type":"Feature","properties":{"zip":"11201","income":56293},"geometry":{"type":"MultiPolygon","coordinates":[[[[-74.0081639997747,40.68617500032039],[-74.00795000041278,40.68629299984788],[-74.00792899959805,40.68627600022325],[-74.00789900035915,40.68625100008618],[-74.00784300028266,40.686237999684224],[-74.00777799998531,40.686245000215344],[-74.00773000030475,40.686254000021414],[-74.00767000003029,40.68626899969537],[-74.00762300017462,40.686285000025045],[-74.00753600013599,40.68631500003684],[-74.00749699977793,40.68634400005813],[-74.00741099956419,40.68638799971396],[-74.00724300023302,40.68644900028795],[-74.00715000034661,40.686475000325785],[-74.00706400013287,40.686504000277424],[-74.00701999975195,40.68652599971552],[-74.00698899978984,40.68650900015032],[-74.00687499998699,40.68646399991804],[-74.0067550003364,40.68641299979957],[-74.00659399977961,40.686346999989134],[-74.00650599991606,40.68631400005936],[-74.00644399999179,40.686295999781166],[-74.00640600035693,40.68628899993659],[-74.00635000028045,40.686285000025045],[-74.00587400007937,40.68620700033991],[-74.0056299996819,40.68678400007748],[-74.0050380000282,40.68756099981505],[-74.00459299978927,40.6882150002915],[-74.00391900011981,40.68885999966501],[-74.0038200003856,40.688930000145504],[-74.00340899958356,40.68961300008966],[-74.00302399961909,40.69034900023128],[-74.00299299965695,40.69042699983652],[-74.0027630004015,40.69036399966471],[-74.00261600008841,40.690324000259906],[-74.00242699994251,40.6902729996898],[-74.0021780004205,40.69020599969619],[-74.00196300033532,40.6901359998749],[-74.00185299983215,40.69038799970476],[-74.00095999987958,40.69013200019427],[-74.00069899976366,40.69061199966165],[-74.00133200032359,40.69122500003591],[-74.00196900018311,40.69184299969262],[-74.00181799967206,40.692222000183484],[-74.0017440000522,40.692406999792844],[-74.00154200038585,40.692785999800044],[-74.00131700025494,40.69320799974083],[-74.00127700007198,40.693297999921434],[-74.00119400023131,40.693483999818724],[-74.00095900005466,40.694069000142555],[-74.0007010003118,40.69438800002494],[-74.00027699998928,40.694958999993204],[-73.99988199997907,40.6956049999914],[-73.99960400014471,40.69606900019657],[-73.99946100002958,40.69628000032039],[-73.9994200000217,40.696360999954734],[-73.99942800041761,40.69641000029956],[-73.99947799974801,40.69646600006578],[-73.99953499964943,40.696578000137976],[-73.99947400044836,40.69670400024954],[-73.99929500034824,40.69679500029547],[-73.99918200037033,40.69688499971715],[-73.99899099967632,40.69681199996096],[-73.99893999962268,40.696940999765125],[-73.99885699978199,40.6969200001783],[-73.99876300007067,40.697110000123175],[-73.99884699973626,40.697140999844095],[-73.99837599955808,40.698048000233115],[-73.99803199960148,40.69876199966709],[-73.99750000022223,40.69965299993943],[-73.99669799960793,40.70087700010983],[-73.99513799965857,40.702980000006534],[-73.9950690000616,40.703102000003305],[-73.99480600029587,40.7032960002748],[-73.99466300018072,40.70343100014786],[-73.99485800017439,40.703565999747305],[-73.9949920000687,40.703654000120764],[-73.99488199956555,40.70378800023395],[-73.99488099974062,40.70381299992033],[-73.99481600034161,40.70390599989701],[-73.99471400023437,40.703997000319625],[-73.99479700007505,40.70409599966531],[-73.99461799997489,40.7042260000547],[-73.99456500027144,40.70426500025829],[-73.9944980003243,40.704317999747424],[-73.99434099996546,40.704428999851466],[-73.99386099956644,40.70455599979884],[-73.99380700003807,40.7045399997706],[-73.99377500025103,40.70444900008985],[-73.99369300023525,40.70447600029998],[-73.99371300032675,40.70452000024052],[-73.99385300006882,40.70482900007241],[-73.99272199956654,40.70554400005779],[-73.9914799996345,40.7056250000045],[-73.99088200013304,40.705124000015545],[-73.99069600036019,40.70513099992443],[-73.9905490000471,40.70514400004516],[-73.98986100013393,40.705175000113286],[-73.98960800041395,40.70515799985803],[-73.98949500043604,40.705144999740035],[-73.98942400029092,40.7051370001376],[-73.9893809997349,40.7051370001376],[-73.98922400027438,40.70513700013759],[-73.98795700022798,40.70513399969059],[-73.9875770002864,40.70515799985803],[-73.98744900023986,40.70516600013893],[-73.98727099996465,40.70518100032257],[-73.98686599990869,40.70516100030398],[-73.98676200015163,40.70511799980115],[-73.98669000018161,40.70507499995159],[-73.98664099977778,40.70501800023481],[-73.98662300023443,40.704978999791244],[-73.98653000034803,40.704978999791244],[-73.98642900006568,40.705083000242404],[-73.98643400008855,40.705348999832474],[-73.98585199958228,40.70541499988887],[-73.98418899970076,40.70558199980124],[-73.98344200023637,40.70564499988368],[-73.98342600034283,40.705576999997504],[-73.98339799985543,40.70546700013483],[-73.98335099999976,40.70545100032538],[-73.98322700015119,40.70548200025061],[-73.98307999983811,40.70548000018996],[-73.98307999983811,40.70551900034022],[-73.98282499956998,40.70555799978657],[-73.9827409999044,40.70557600030912],[-73.98274799957707,40.705531999704235],[-73.98257199985,40.70551799996998],[-73.98245499967412,40.70550900004192],[-73.98244899982635,40.70554699980536],[-73.98232900017574,40.705552000292336],[-73.98221000035007,40.705539999940186],[-73.98203299989974,40.705515000221034],[-73.98185600034773,40.705489999811576],[-73.98098699978628,40.70537400029492],[-73.98090700031865,40.705906999857476],[-73.98033200038338,40.705846000072576],[-73.97947899971545,40.70582499988812],[-73.97923299966817,40.705768999817785],[-73.97937199958533,40.70544300007873],[-73.97917099974387,40.705301000307635],[-73.97916800026914,40.70527900025845],[-73.97932800010271,40.70474599975588],[-73.97946600019499,40.70446199966272],[-73.97960299956401,40.70417700001107],[-73.9799880004268,40.703540999968254],[-73.98022400042834,40.70306299979974],[-73.98033900005609,40.70265900025926],[-73.98014099968938,40.702385999944305],[-73.98051099958522,40.70204799969041],[-73.9806489996775,40.70156099992325],[-73.98072900004341,40.701268000049694],[-73.98045500040703,40.7008520000025],[-73.98046200007973,40.69970299968261],[-73.98054400009549,40.69824600011614],[-73.98051499978318,40.69743700027568],[-73.98044700001111,40.696670000178095],[-73.98038799956156,40.696506999694456],[-73.98038099988888,40.6964039999813],[-73.98037099984312,40.696262999838055],[-73.9803559997745,40.69617800008573],[-73.9802629998881,40.69563400005633],[-73.9802429997966,40.695456999956605],[-73.98013900003953,40.69468299989555],[-73.97994400004588,40.69438499977479],[-73.9798829999465,40.69430799989262],[-73.97980500012869,40.69424099986962],[-73.9794810002636,40.69401299972384],[-73.97932999975252,40.69389100010804],[-73.97925899960742,40.69382000020647],[-73.97921799959954,40.69376500012517],[-73.97919500003333,40.6936949999561],[-73.97916800026914,40.69348899984905],[-73.97782699970459,40.6934380003392],[-73.97754499967228,40.69189600021082],[-73.97766000019831,40.69189799999821],[-73.97765699982527,40.69181499991593],[-73.97762699968804,40.69166100025253],[-73.97751200006032,40.69167099990531],[-73.97711500040029,40.68988499969712],[-73.97709799978354,40.689772999953156],[-73.97793899985757,40.689806000213494],[-73.97862400029602,40.68983099969807],[-73.9795099996776,40.68986300000555],[-73.97928600026992,40.68825400033274],[-73.98025799986522,40.68863799983436],[-73.9808699996104,40.6888659999815],[-73.98106799997713,40.68894499989836],[-73.9820089996103,40.689321999979065],[-73.98232300032795,40.688879999809814],[-73.98265399986576,40.68843500027771],[-73.98140000023815,40.687944999904076],[-73.98181699998968,40.68733000008454],[-73.98312400021904,40.68783800007857],[-73.9839879998593,40.6881750002779],[-73.9841770000052,40.687893000284085],[-73.98635200007278,40.68872400029218],[-73.98641499982197,40.68863200017845],[-73.98656799998285,40.68840799969615],[-73.98699999980299,40.687773000272585],[-73.98742900014838,40.68713800024767],[-73.98794700018223,40.68733999970612],[-73.98839900009386,40.68671799995326],[-73.98832600029894,40.68668900009475],[-73.98785900031869,40.686504000277424],[-73.98828899959068,40.68586899974109],[-73.98871200008831,40.68522400002883],[-73.98912899983982,40.68459000024282],[-73.98955599963708,40.68395599987543],[-73.989852999738,40.68352099967521],[-73.98999199965519,40.6833190002221],[-73.99195199963762,40.68408400003581],[-73.99219199983713,40.68417800031628],[-73.99457799979193,40.685099999997156],[-73.99440799991261,40.68545300026644],[-73.99453799960895,40.685494999849844],[-73.9947440003716,40.685562999800375],[-73.99463700024147,40.685792000235594],[-73.99462100034793,40.68590999975999],[-73.9958570004322,40.68632699976528],[-73.99602800013643,40.685986999810375],[-73.99617999957407,40.686037000273174],[-73.99635799984932,40.68609599984456],[-73.99626099976493,40.68629499980344],[-73.99651299966001,40.68637999990253],[-73.99647900022313,40.68643899985149],[-73.99698800003615,40.68660199976228],[-73.99712399958027,40.68634699998915],[-73.99727799956608,40.68639800015805],[-73.99818899996032,40.68669999978418],[-73.99813399970873,40.68681399986466],[-73.99844699970318,40.68693200030424],[-73.9983560003649,40.68713099981034],[-73.9992280004011,40.687419000069646],[-73.99930299984584,40.68728199983659],[-73.99960499996963,40.68738200014384],[-73.9996379995816,40.68731499996819],[-73.99969600020623,40.687198000170994],[-73.9998629997125,40.687251000296705],[-73.99996200034501,40.68728599968828],[-74.00005400040651,40.68731799985552],[-73.9999199996139,40.68759399980849],[-73.99989600022276,40.687641999831705],[-74.00085899959723,40.6879560000674],[-74.00092700026761,40.68783199966948],[-74.00129100031569,40.687951000302974],[-74.00138900022498,40.68775099988373],[-74.00171800011294,40.687068999894436],[-74.00203899960499,40.68640400001507],[-74.00236400019332,40.68573700033968],[-74.00450400010082,40.686300999669704],[-74.0048530000803,40.6856679998983],[-74.00549699961252,40.68584700008609],[-74.0081350003607,40.68561499987607],[-74.00838600043087,40.68596900012501],[-74.00842499989061,40.68601599997436],[-74.0081639997747,40.68617500032039]]]]}},{"type":"Feature","properties":{"zip":"11203","income":37341},"geometry":{"type":"MultiPolygon","coordinates":[[[[-73.94565900042178,40.66008300032034],[-73.94567299976717,40.66021999989203],[-73.94538999990996,40.66023299991633],[-73.94540300032875,40.660352000073736],[-73.94541300037449,40.660436999861425],[-73.94525400036584,40.660445999744454],[-73.94516700032719,40.660451000208965],[-73.94513100034219,40.66009599968991],[-73.94295299990155,40.66023799971534],[-73.94298800006166,40.66058599966096],[-73.94261099959479,40.660610000201224],[-73.94268799958768,40.66132099968297],[-73.9427670001287,40.662059999785875],[-73.94282900005298,40.66284700003929],[-73.94254000034799,40.66286400018736],[-73.9400289998214,40.66302099990683],[-73.93997799976779,40.66345300003576],[-73.93992599988924,40.66390399992176],[-73.93944200019058,40.66387700030599],[-73.93948900004625,40.66346800007046],[-73.93721100004649,40.663468999709174],[-73.93726399974993,40.663191999710385],[-73.93455300010513,40.6633620001166],[-73.9343749998299,40.663373000248235],[-73.93160700028368,40.66355699988865],[-73.93157899979629,40.66322999975862],[-73.93155600023007,40.66275599997476],[-73.93107699965596,40.662788999982595],[-73.93046200043602,40.66221700003499],[-73.93032000014581,40.6606559998497],[-73.92938700001025,40.66071500007833],[-73.92882299994564,40.66074500001285],[-73.92819299975879,40.66017699968867],[-73.92794800043471,40.65995800017219],[-73.92786999971862,40.659207999816],[-73.92724700010277,40.65922199973995],[-73.92720100007199,40.658536999723104],[-73.92641199987648,40.658587000330385],[-73.92624000034736,40.65841900013119],[-73.92540699977091,40.65767999989791],[-73.925193000409,40.65748799984855],[-73.9246539995604,40.65700699995711],[-73.92457800029075,40.65693799976481],[-73.92451499964325,40.65688099975952],[-73.924636999842,40.656775999980894],[-73.92475499984276,40.65667199977767],[-73.92453200026,40.65625300014741],[-73.92426299974817,40.65644000026041],[-73.92413300005182,40.656533999991645],[-73.92407699997533,40.65648399989009],[-73.92401400022612,40.655753999864366],[-73.92330500039655,40.65580200032423],[-73.92288899957167,40.65542099972685],[-73.92198800012146,40.65461400025965],[-73.92177600040934,40.65442399979478],[-73.92169600004341,40.65437199992478],[-73.92157999969245,40.654262999816694],[-73.92087599988577,40.65360799973133],[-73.9207729999536,40.65255399967387],[-73.92135200008683,40.65251700016208],[-73.9209849996657,40.650681000131236],[-73.92058100033299,40.65070699980573],[-73.92055399967049,40.65045899992908],[-73.92109400034397,40.65043499982616],[-73.92092500028957,40.648743999980695],[-73.92075500041025,40.648754999796516],[-73.92037499957034,40.64877899982211],[-73.92035899967681,40.648597000037356],[-73.92018499959953,40.64703000014482],[-73.92017899975176,40.64692700031332],[-73.92016600023129,40.646808999953606],[-73.92052699990629,40.64675800017261],[-73.92066099980062,40.64644599994184],[-73.92053199992917,40.64499900017671],[-73.91997600026048,40.64503000027724],[-73.91995100014613,40.64470699966635],[-73.91990699976519,40.64433000017127],[-73.91972900038827,40.64272500016998],[-73.92160900000478,40.64168700011414],[-73.92220700040457,40.64106499981025],[-73.92332700013787,40.639900000308984],[-73.92608200016362,40.63816299993417],[-73.92878100011283,40.636758000169536],[-73.93157999962119,40.635390999692596],[-73.9322349999224,40.634963000141],[-73.93250000023627,40.63494699976687],[-73.93342699962574,40.63488399966257],[-73.9343949999214,40.63482699990652],[-73.935359999844,40.63476699989549],[-73.9356069997162,40.637038000271815],[-73.93654200039988,40.63698000027404],[-73.93751200034536,40.63692100018931],[-73.93776199969231,40.63925899968734],[-73.93873099981289,40.63920000025343],[-73.93966399994842,40.63914200008895],[-73.940597000084,40.63908299986998],[-73.94153299969426,40.6390250002855],[-73.94250299963976,40.638964999957174],[-73.94257499960976,40.639641999851406],[-73.94265099977775,40.64034400001421],[-73.94361700042359,40.64028500017591],[-73.94356299999691,40.639567000125794],[-73.94444099988087,40.63950900028017],[-73.94454999966082,40.64022600028554],[-73.94552200015443,40.640164999685396],[-73.94554999974352,40.64042900007081],[-73.94607100015044,40.6404320000227],[-73.94613600044777,40.64109299977096],[-73.94629799993115,40.64290700029087],[-73.94586899958576,40.643424000129265],[-73.94610399976241,40.64340899967751],[-73.94613800009759,40.64380800018614],[-73.94642799962752,40.643786000285154],[-73.94646899963539,40.644175999871585],[-73.9461799999304,40.64419200007859],[-73.94621199971745,40.64452399975974],[-73.94612100037915,40.64452800013183],[-73.94598800030975,40.64453399966705],[-73.94607299980026,40.64531200026683],[-73.94615599964094,40.64530600011991],[-73.94705899963927,40.645250000313325],[-73.94724100011246,40.64696400019833],[-73.9468429997292,40.646979999736935],[-73.94697800034672,40.648793999748484],[-73.94645100009203,40.64883599993349],[-73.94647899968112,40.649100000101335],[-73.94649499957465,40.64925099970718],[-73.9465189998641,40.64948800029074],[-73.94703699989795,40.64945800006498],[-73.94715200042398,40.65056700028548],[-73.94706600021027,40.65057100029531],[-73.94708700012666,40.65074000032168],[-73.9466529997584,40.65075799997662],[-73.94667399967479,40.65094799997624],[-73.94669499959119,40.651135999787705],[-73.94670899983488,40.651264000255345],[-73.94721799964792,40.651238000116315],[-73.94727000042477,40.651825000079356],[-73.94677599978203,40.65185400010967],[-73.94687299986641,40.65279599978751],[-73.94703199987507,40.65433899984207],[-73.94705500033962,40.65456799985241],[-73.94715900009669,40.655594000126484],[-73.94726399967867,40.65643699966503],[-73.94735400009036,40.657280000136886],[-73.94743299973307,40.658031000082396],[-73.94752200031985,40.65887600027136],[-73.94760099996256,40.659586000139036],[-73.94764000032062,40.659958999863576],[-73.94565900042178,40.66008300032034]]]]}},{"type":"Feature","properties":{"zip":"11204","income":31798},"geometry":{"type":"MultiPolygon","coordinates":[[[[-73.99962000003825,40.6174709998892],[-73.99948799979377,40.6174050000402],[-73.99942599986949,40.617628000032575],[-73.99927100005878,40.618178000174126],[-73.99902699966131,40.618028999788244],[-73.99845599992402,40.61859500024263],[-73.99787099994302,40.61915399992031],[-73.99807199978446,40.61927500028981],[-73.99826900032626,40.61939300022495],[-73.99797999972294,40.61967700000025],[-73.997694000391,40.61995900003259],[-73.9975269999864,40.61985799992813],[-73.99728500013708,40.619712000081016],[-73.9967090003769,40.62027400013364],[-73.99639300000942,40.620582000190225],[-73.99660899991947,40.62070499989571],[-73.99671100002672,40.620762999711516],[-73.99583700034071,40.62156599967479],[-73.99554600008759,40.621392999709656],[-73.99492000009869,40.621993999866184],[-73.99429300028488,40.62259699989021],[-73.99394099993238,40.622935000031994],[-73.9937109997786,40.623156000170155],[-73.99312999999556,40.62371499986281],[-73.99255000003743,40.62427400033155],[-73.99194400014001,40.62485500022332],[-73.99140400036485,40.62537600024764],[-73.99133999989243,40.62543800025085],[-73.99075599973635,40.625998000135155],[-73.99017499995328,40.62655699990486],[-73.9895909997972,40.62711699995159],[-73.98900900018923,40.62767599990008],[-73.98842800040617,40.62823099995712],[-73.98833799999449,40.62831900025132],[-73.98784199970194,40.62879699987016],[-73.98725900026906,40.62935499992356],[-73.98667500011298,40.62991599982942],[-73.9860929996067,40.63047799992759],[-73.98550900034891,40.631037999818936],[-73.98492799966753,40.63159699966989],[-73.98434400040978,40.63215699972116],[-73.98376299972841,40.63271699984806],[-73.9831789995723,40.63327900023265],[-73.98259799978926,40.633837000328086],[-73.9820150003564,40.63439499985052],[-73.98143200002521,40.63495500029527],[-73.98118099995503,40.635196000084264],[-73.98085000041725,40.63551600019081],[-73.98058099990541,40.635356000329246],[-73.98070800012702,40.635190999772185],[-73.9806079996696,40.63512699983473],[-73.98072400002053,40.63498799973791],[-73.97915300020054,40.63404700032911],[-73.97921199975177,40.633936000264804],[-73.97876999988588,40.63367100002222],[-73.97897300027549,40.63347600016237],[-73.97870399976365,40.633324000226324],[-73.97865199988512,40.633045000322156],[-73.97851600034099,40.632299999999255],[-73.97885000025182,40.6324970000905],[-73.9791439999797,40.6322099999648],[-73.97861400025027,40.63188399970338],[-73.97885399955146,40.63159500011899],[-73.97854099955703,40.631410000160166],[-73.97831100030157,40.63127500030889],[-73.97815499976764,40.63028200015149],[-73.97748600012105,40.63059499971108],[-73.97744199974011,40.63028899973947],[-73.97741699962576,40.63011199999802],[-73.97771000042704,40.62996899980651],[-73.97940500009561,40.62917499997591],[-73.97899199964374,40.628925999703064],[-73.97818300025504,40.62844099986305],[-73.97803900031501,40.62835299972962],[-73.9777780001991,40.62819299974773],[-73.9775239997559,40.62797800025503],[-73.97657800009985,40.627573999697425],[-73.97651399962744,40.6272940001317],[-73.97645000005333,40.627008000327564],[-73.97623499996818,40.62597599981927],[-73.97680400005567,40.62530500033824],[-73.97645300042639,40.62380199973816],[-73.97688100004856,40.62372899973278],[-73.97683400019288,40.6234809998472],[-73.97679400000992,40.623254000019024],[-73.97624300036411,40.62326399970331],[-73.97600999983729,40.62198700009065],[-73.97616399982306,40.62197599995479],[-73.9766159997347,40.62194199995739],[-73.97694700017078,40.621601999713626],[-73.97703300038452,40.62153000029834],[-73.9753780000006,40.62079299987865],[-73.97529599998484,40.62091299973053],[-73.97486599981453,40.618643999780495],[-73.97481300011108,40.618366999860534],[-73.97462999981299,40.61740700001588],[-73.97449500009377,40.61669500010294],[-73.97446900015449,40.616555000165945],[-73.97444400004014,40.616420999951444],[-73.97399299995342,40.614029999698445],[-73.97446099975858,40.61359100015539],[-73.97405999990058,40.61149499987927],[-73.97455100017027,40.61144299998148],[-73.97451500018524,40.611256999700935],[-73.97448000002515,40.611066000193986],[-73.97444499986506,40.61087399971449],[-73.97397799988482,40.61092800022476],[-73.97377799986828,40.60969100012835],[-73.97317600016883,40.60976699975471],[-73.97299399969563,40.60881400025022],[-73.97295900043385,40.60862999971017],[-73.97335699991879,40.60857699984982],[-73.97334600004815,40.60854200007336],[-73.97398700010565,40.608476000269754],[-73.97401399986983,40.60861399984683],[-73.97403099958828,40.608702000070785],[-73.97499499968598,40.60859599974027],[-73.9759189996007,40.6084950001889],[-73.97684699971337,40.60839300002116],[-73.97777400000113,40.6082890001311],[-73.97869899974077,40.60818800011579],[-73.97969700017367,40.608077000037646],[-73.98069499970823,40.607968999821544],[-73.98119600002364,40.60791300007019],[-73.98162399964583,40.60786599974332],[-73.98155099985088,40.60748200030378],[-73.98247999978848,40.60740200025647],[-73.9834029998783,40.60727400025439],[-73.98341299992406,40.607325999986436],[-73.98347700039646,40.607662999852764],[-73.984402999961,40.60755900019067],[-73.98433000016607,40.60716999998696],[-73.98526499995145,40.60710400019231],[-73.9861820001935,40.60696900031636],[-73.98625699963823,40.607356000049556],[-73.9872550000711,40.6072449999535],[-73.98720700039054,40.60699299967771],[-73.98712600019968,40.60656800033477],[-73.98765199973114,40.606516999822766],[-73.9876760000206,40.60664400010277],[-73.98804099989358,40.606598999864666],[-73.98813999962776,40.607149000090374],[-73.9884230003833,40.607118999934364],[-73.98796499972559,40.607566000113984],[-73.98744900023986,40.60805899978644],[-73.98753700010342,40.60819499997322],[-73.98797499977132,40.60807499978269],[-73.98989399974589,40.6091980002198],[-73.9916179997268,40.61020700030766],[-73.99154300028201,40.61070999979152],[-73.9917669996897,40.61084600003887],[-73.99198500014789,40.61097699993018],[-73.99211099964629,40.61105199971591],[-73.99242299981582,40.61071400014373],[-73.99429800030775,40.61185600020511],[-73.99630900034381,40.6130649996663],[-73.99603499980911,40.61333600013719],[-73.9959829999306,40.613387999925735],[-73.9963789997657,40.6136269997185],[-73.99665900014818,40.6132850000168],[-73.99834100029626,40.614275999824876],[-73.99798999976869,40.61460000005631],[-73.9981870003105,40.61471899975313],[-73.99837399990824,40.61483199976181],[-73.99994399990334,40.61578199966417],[-74.00082400033547,40.616313999928096],[-74.00019699962334,40.6169159997474],[-73.99962000003825,40.6174709998892]]]]}},{"type":"Feature","properties":{"zip":"11205","income":28070},"geometry":{"type":"MultiPolygon","coordinates":[[[[-73.98051099958522,40.70204799969041],[-73.98014099968938,40.702385999944305],[-73.98033900005609,40.70265900025926],[-73.98022400042834,40.70306299979974],[-73.9799880004268,40.703540999968254],[-73.97960299956401,40.70417700001107],[-73.97946600019499,40.70446199966272],[-73.97932800010271,40.70474599975588],[-73.97916800026914,40.70527900025845],[-73.97917099974387,40.705301000307635],[-73.97937199958533,40.70544300007873],[-73.97923299966817,40.705768999817785],[-73.97906899963662,40.70596299981174],[-73.97547599990989,40.7074920001897],[-73.97501999980034,40.70773599977305],[-73.97481999978378,40.707883000111956],[-73.97455399964501,40.708079000059016],[-73.97443099962136,40.708168999897076],[-73.97426400011508,40.708298000179205],[-73.97324300011599,40.70904400000276],[-73.9730599998179,40.70917899980081],[-73.97278899965623,40.70937800027509],[-73.97230900015553,40.70907099971189],[-73.97057299958074,40.70755499982723],[-73.97031800021095,40.70733199997757],[-73.9702360001952,40.70736699971633],[-73.97014099976062,40.70740699978437],[-73.96961299968102,40.70763400005595],[-73.96935400011324,40.707198999849126],[-73.96927899977017,40.70703900029496],[-73.96928499961795,40.70692700010597],[-73.96917800038614,40.70693599984241],[-73.96916400014244,40.70676299985418],[-73.96926299987666,40.70675600011685],[-73.96923500028755,40.706203000152534],[-73.9692389995872,40.70588299995994],[-73.96925500037905,40.70561699977875],[-73.96881599998791,40.70556100021451],[-73.96823199983181,40.70568800004625],[-73.9679509996244,40.70573100018103],[-73.96761599988866,40.70496099978836],[-73.96721000000778,40.70425600016096],[-73.96734800010005,40.7040879999369],[-73.96735700032087,40.70392799971869],[-73.96741599987212,40.702990000003474],[-73.96753899989578,40.70297299987155],[-73.96769200005663,40.70286200006499],[-73.96796300021829,40.70258300013932],[-73.9678359999967,40.70253499998299],[-73.96756200036029,40.70236299987668],[-73.96748299981927,40.702287999837715],[-73.96744099998648,40.70225199973455],[-73.96744299963629,40.7022129997143],[-73.96745100003221,40.70204100013849],[-73.9674579997049,40.70189699975611],[-73.96760900021596,40.69943000019216],[-73.96764299965284,40.699167999938425],[-73.96765799972145,40.699050999840566],[-73.96772600039182,40.69794999987382],[-73.96772700021674,40.69771699976799],[-73.96674300002758,40.69767200029383],[-73.965773999907,40.6976359997391],[-73.96487500010663,40.69771399966778],[-73.96390400033624,40.69786699983896],[-73.96283899995619,40.69803899997681],[-73.96246900006035,40.69809799981887],[-73.96227400006667,40.69812799996091],[-73.96189900014797,40.69818800020449],[-73.96105100040121,40.69832600028719],[-73.96019699990838,40.69846199981266],[-73.95885799989198,40.69867699969795],[-73.95888499965614,40.69880099966468],[-73.95890399992271,40.698890999781604],[-73.95845200001108,40.698967999815395],[-73.95847600030054,40.6991179997937],[-73.95754800018784,40.69927199992852],[-73.95743400038505,40.698905000227796],[-73.95702000010826,40.69897399990271],[-73.95664500018952,40.69901899985951],[-73.95657400004444,40.69941100027077],[-73.95358899986493,40.69974700005213],[-73.95336999958181,40.69940500022281],[-73.9529250002412,40.69720399973777],[-73.95248900022311,40.69500399993775],[-73.95234100008508,40.694263000159104],[-73.95219299994709,40.69352599978958],[-73.95217200003069,40.693419000071096],[-73.95204999983196,40.69279400020472],[-73.95190199969394,40.69206299996148],[-73.95180999963245,40.69159899978333],[-73.95175699992899,40.69133000006766],[-73.95161200016405,40.69059700028406],[-73.95146400002604,40.689863999929734],[-73.95144399993455,40.68976399994124],[-73.95157299980598,40.68949099991012],[-73.95472600021498,40.689105999938974],[-73.95481800027649,40.68872899999861],[-73.954974999737,40.68871099969152],[-73.95515499966206,40.68869000023536],[-73.95545000011317,40.68865600016116],[-73.95552100025826,40.68901500028957],[-73.95678999995451,40.68887200029752],[-73.9569880003212,40.688850000271515],[-73.95706100011613,40.68921900005676],[-73.95705600009327,40.689456000314244],[-73.9571430001319,40.68996000007725],[-73.95796999996224,40.689917999901986],[-73.95844199996534,40.690142000076555],[-73.95889200022715,40.69007300010911],[-73.95941000026102,40.68999400016728],[-73.95937199972786,40.688953000082996],[-73.96000600011267,40.688880999748754],[-73.9601219995653,40.68946900008844],[-73.96019699990838,40.689855999854466],[-73.96101600024112,40.689761000164],[-73.9610299995865,40.6898389997764],[-73.96218899967785,40.68969800004368],[-73.96340499967064,40.68955099975838],[-73.96436999959326,40.68943399979989],[-73.96419499969106,40.68839599966123],[-73.96480999980929,40.68832599998213],[-73.96582199958756,40.68820899991638],[-73.96682099984537,40.68808799984189],[-73.9677880003161,40.68798400010329],[-73.96781900027824,40.68814199989099],[-73.9682179995881,40.6880940002279],[-73.96825399957312,40.68827300003021],[-73.9688500003231,40.68819699984559],[-73.96879900026947,40.68794000013884],[-73.96878500002576,40.68786800007246],[-73.96978299956035,40.68775199983965],[-73.97076400027477,40.6876380000014],[-73.97097199978892,40.68868799967048],[-73.97114199966823,40.68954400025562],[-73.97213599990314,40.68958200027178],[-73.9717450000909,40.68762000008082],[-73.97172699964923,40.687527999805276],[-73.9726870004473,40.68741500022592],[-73.9727379996026,40.68767199991377],[-73.97274799964835,40.68772700025629],[-73.97322100037468,40.687654000002375],[-73.97356600015617,40.689292999891386],[-73.97306999986363,40.689343999849264],[-73.97309199960496,40.68945199991165],[-73.97312599994011,40.689622000121986],[-73.97326400003239,40.68962699976104],[-73.9741090003044,40.68966299987544],[-73.97510600001405,40.68969800004368],[-73.97610199989879,40.68973699989817],[-73.97709799978354,40.689772999953156],[-73.97711500040029,40.68988499969712],[-73.97751200006032,40.69167099990531],[-73.97762699968804,40.69166100025253],[-73.97765699982527,40.69181499991593],[-73.97766000019831,40.69189799999821],[-73.97754499967228,40.69189600021082],[-73.97782699970459,40.6934380003392],[-73.97916800026914,40.69348899984905],[-73.97919500003333,40.6936949999561],[-73.97921799959954,40.69376500012517],[-73.97925899960742,40.69382000020647],[-73.97932999975252,40.69389100010804],[-73.9794810002636,40.69401299972384],[-73.97980500012869,40.69424099986962],[-73.9798829999465,40.69430799989262],[-73.97994400004588,40.69438499977479],[-73.98013900003953,40.69468299989555],[-73.9802429997966,40.695456999956605],[-73.9802629998881,40.69563400005633],[-73.9803559997745,40.69617800008573],[-73.98037099984312,40.696262999838055],[-73.98038099988888,40.6964039999813],[-73.98038799956156,40.696506999694456],[-73.98044700001111,40.696670000178095],[-73.98051499978318,40.69743700027568],[-73.98054400009549,40.69824600011614],[-73.98046200007973,40.69970299968261],[-73.98045500040703,40.7008520000025],[-73.98072900004341,40.701268000049694],[-73.9806489996775,40.70156099992325],[-73.98051099958522,40.70204799969041]]]]}},{"type":"Feature","properties":{"zip":"11206","income":18661},"geometry":{"type":"MultiPolygon","coordinates":[[[[-73.9573880003543,40.700577000245865],[-73.95745699995126,40.70082199972513],[-73.95732999972965,40.70090399972481],[-73.95706100011613,40.70107799970544],[-73.95735099964604,40.701333000311855],[-73.9572340003685,40.701410999997904],[-73.95717499991895,40.70135999974203],[-73.9570939997281,40.70140700031306],[-73.95716800024626,40.701492000203835],[-73.95605199981259,40.702240999888325],[-73.95572399974954,40.70194600011509],[-73.95552000043335,40.70207699967468],[-73.95544300044047,40.702125999901256],[-73.95573200014546,40.70240499969814],[-73.95441599969526,40.70326200016273],[-73.95410500024896,40.702990000003474],[-73.95400700033966,40.70305400022104],[-73.95381200034599,40.703181000066216],[-73.95444199963453,40.70374700031945],[-73.9525319998808,40.70498299994258],[-73.95190000004412,40.70441799968379],[-73.95023700016262,40.70547300031775],[-73.95028900004117,40.70591399968407],[-73.950406000217,40.70665299990749],[-73.95053000006556,40.70739099976005],[-73.95065999976191,40.708170000227504],[-73.95076000021933,40.70880300004617],[-73.95082999964121,40.70914300001759],[-73.95087499984707,40.70951300007693],[-73.95095600003792,40.70999100025702],[-73.95099399967275,40.71022100010961],[-73.95105099957416,40.71056700005521],[-73.94917000013275,40.71074900027725],[-73.9491810000034,40.71081999983989],[-73.94904100026132,40.71083500011186],[-73.94905299995689,40.71092700020778],[-73.9488560003134,40.710950000041684],[-73.94889200029841,40.71116799996755],[-73.94877500012255,40.71117899970124],[-73.94865100027398,40.710802000053825],[-73.94717199961717,40.71094600024875],[-73.94718500003596,40.71101900017661],[-73.94637400009914,40.71108699995345],[-73.94636200040357,40.7110249998593],[-73.9455330000251,40.71109799970055],[-73.94554200024594,40.71115299977061],[-73.94507400044078,40.711209999683845],[-73.94506600004487,40.711138999856146],[-73.94384599985412,40.7112570001132],[-73.94382499993773,40.711128000115835],[-73.94333399966804,40.71118600033561],[-73.9433589997824,40.71132200015969],[-73.94216500042926,40.71142699983885],[-73.94222800017845,40.71180099988654],[-73.94068800032058,40.71196199984834],[-73.94047700043339,40.71156299985165],[-73.94042300000672,40.711217999918595],[-73.94031400022676,40.71052199972907],[-73.94019600022601,40.709821000269855],[-73.93721100004649,40.71009499969072],[-73.93733599971995,40.71045299976001],[-73.93768100039975,40.7111819998759],[-73.93798099997542,40.71181499966182],[-73.93831999990914,40.71252399999643],[-73.93803799987681,40.712591000015045],[-73.93786700017262,40.712229000149115],[-73.93545000025568,40.71283399972018],[-73.93531200016342,40.71254199999791],[-73.93453399983855,40.7127539999516],[-73.93425699982912,40.712123000101705],[-73.93389299978105,40.71133600003566],[-73.93360200042623,40.710669000046366],[-73.93329600010448,40.709988000028694],[-73.93299700035374,40.70931700026473],[-73.9326500000241,40.70853600030772],[-73.9325229998025,40.70823800018989],[-73.93207199971579,40.707786000258274],[-73.93229699984668,40.70774900006623],[-73.93219100043979,40.707398000111624],[-73.93264500000123,40.707329000310374],[-73.93262400008483,40.70725799974944],[-73.93247900031987,40.707281000169615],[-73.93237999968736,40.70700399970288],[-73.9320859999595,40.70705099969604],[-73.93189400033887,40.70635399985842],[-73.93179600042957,40.70600300004212],[-73.93211699992162,40.70595599999031],[-73.93204800032464,40.70559899994826],[-73.93233899967949,40.70555099992258],[-73.93223900012036,40.70519700019682],[-73.9316010004359,40.705297000175364],[-73.93150699982627,40.70495800001437],[-73.93130900035786,40.704256999869145],[-73.93115500037207,40.703772999736664],[-73.93059399978219,40.70347299997691],[-73.93088400021041,40.70317699980665],[-73.93014299969548,40.702740000309575],[-73.93004800015925,40.70283700002166],[-73.92930900019245,40.702396999766606],[-73.92963499970736,40.70206400031736],[-73.92887800019722,40.70164100019934],[-73.92858100009632,40.70194399994825],[-73.92833900024696,40.702191999746354],[-73.9275879996863,40.701762000178974],[-73.92903499965774,40.700290000098974],[-73.92933099993375,40.69998700031763],[-73.92839399960025,40.69948399990321],[-73.9300029999534,40.69878799966801],[-73.93030500007718,40.698992000161496],[-73.93052099998725,40.69877200029728],[-73.9302620004195,40.698528999677094],[-73.93279399996415,40.69779600008811],[-73.93297999973697,40.697967999728206],[-73.93324599987575,40.69785500014535],[-73.93400800030709,40.69711800000857],[-73.93522199975172,40.69698599973306],[-73.93779199982953,40.6966900000219],[-73.93771099963868,40.696318999727794],[-73.9351489999568,40.69660599995632],[-73.93508200000964,40.69624399969449],[-73.93470299989296,40.696288000305444],[-73.93463199974786,40.695921999663696],[-73.934558000128,40.695554000057975],[-73.93484199981013,40.69552099991997],[-73.934923000001,40.69551100016391],[-73.93479999997734,40.69477599967858],[-73.93465100001443,40.694045000066176],[-73.93456499980071,40.69405500004235],[-73.934269000423,40.694089999946925],[-73.93413399980548,40.69335500013187],[-73.93704899966478,40.69302099987729],[-73.93719500015295,40.693751999826915],[-73.93889999986726,40.693555000078355],[-73.93922000043273,40.69351800015392],[-73.93912699964801,40.69277999983652],[-73.9399710000951,40.692682999783166],[-73.94017199993654,40.69265899988863],[-73.94023700023386,40.69297000000919],[-73.94052299956583,40.69294100014696],[-73.94053799963443,40.69300700023793],[-73.94267099986924,40.69274499992484],[-73.9425910004016,40.69238199991242],[-73.94280700031167,40.692357999909504],[-73.94282300020521,40.69244299976752],[-73.94285199961921,40.692588999919735],[-73.94313399965151,40.692549999691195],[-73.9431549995679,40.692692000081976],[-73.94525299964259,40.692440999996535],[-73.94518499987055,40.69208500028895],[-73.94533700020651,40.69206800009848],[-73.94564199980503,40.69203299981279],[-73.94565900042178,40.69211899997585],[-73.94571499959997,40.692403000248504],[-73.94854099977081,40.69203799995202],[-73.94851499983154,40.69190499993477],[-73.94997199984874,40.69189700010455],[-73.95180999963245,40.69159899978333],[-73.95190199969394,40.69206299996148],[-73.95204999983196,40.69279400020472],[-73.95217200003069,40.693419000071096],[-73.95219299994709,40.69352599978958],[-73.95234100008508,40.694263000159104],[-73.95248900022311,40.69500399993775],[-73.9529250002412,40.69720399973777],[-73.95336999958181,40.69940500022281],[-73.95358899986493,40.69974700005213],[-73.95657400004444,40.69941100027077],[-73.95664500018952,40.69901899985951],[-73.95702000010826,40.69897399990271],[-73.95743400038505,40.698905000227796],[-73.95754800018784,40.69927199992852],[-73.95766000034085,40.69963100006783],[-73.95733599957742,40.69968099982752],[-73.95716700042135,40.699707999927256],[-73.95722599997258,40.70000000008036],[-73.95725399956167,40.700098999918644],[-73.95764899957187,40.70004599979649],[-73.95784299974065,40.70026499977134],[-73.9573880003543,40.700577000245865]]]]}},{"type":"Feature","properties":{"zip":"11207","income":24163},"geometry":{"type":"MultiPolygon","coordinates":[[[[-73.91575300034691,40.68637000013691],[-73.9153869997507,40.68616799978192],[-73.91453999982886,40.68704400005489],[-73.9148870001585,40.68725400018686],[-73.91478500005124,40.6873600003071],[-73.91464199993611,40.68750699997628],[-73.91452099956228,40.68762899970109],[-73.91439599988882,40.68775499970727],[-73.91401299957417,40.687545999750704],[-73.91281900022102,40.68876699979837],[-73.91287799977225,40.688799999875755],[-73.91173799994745,40.69005199971986],[-73.91199599969032,40.69020100010063],[-73.91183400020694,40.690367000095904],[-73.91174799999321,40.69045600011186],[-73.91162599979447,40.69057899980043],[-73.91126400029452,40.69037699994291],[-73.9102059995872,40.69144199991916],[-73.9105710003585,40.6916509999171],[-73.91037800001466,40.69184799984613],[-73.9102979996487,40.69192999999413],[-73.9088530002254,40.69340499983424],[-73.9081009998398,40.692975999955685],[-73.90734699980439,40.69254899980724],[-73.90659899961676,40.692119999866236],[-73.90584600030459,40.691691999784325],[-73.90509499974391,40.691265000262135],[-73.90434200043173,40.69083600022779],[-73.90359699971883,40.69040899998813],[-73.9039399998505,40.690057999929024],[-73.9036090003127,40.689863000005545],[-73.90158999988071,40.69163199982049],[-73.90124099990126,40.691438000316914],[-73.90180499996588,40.69076599970608],[-73.90042499994158,40.68818399982327],[-73.90116200025854,40.68787800029445],[-73.89734100002786,40.683367999939996],[-73.89651800039549,40.68239699974652],[-73.89648200041047,40.68252999966617],[-73.8964060002425,40.68267999986666],[-73.89633099989942,40.682829999729556],[-73.89623100034032,40.68297699985357],[-73.89612300038527,40.68314000005688],[-73.89581899971334,40.68351600025935],[-73.89529300018188,40.684169000229964],[-73.89494199965429,40.68454800008911],[-73.8945969998728,40.68488199989848],[-73.89440600007707,40.68509000003947],[-73.89420000021276,40.68530900013152],[-73.8941390001134,40.68524299990893],[-73.89252300008754,40.68342399976808],[-73.89166000027217,40.68404400026757],[-73.89087799974936,40.68454300006906],[-73.89013999960748,40.68500500033866],[-73.88960700040333,40.68421399996831],[-73.88892399961472,40.683125999704],[-73.88819100039402,40.68255599987047],[-73.88735399961959,40.682949999785585],[-73.88650500004796,40.68334900020659],[-73.88630300038159,40.6825890002985],[-73.88627499989418,40.68248100001346],[-73.88622300001566,40.68227800009536],[-73.88668999999588,40.682205000003904],[-73.88636399958264,40.68095299988621],[-73.88590499999833,40.68102900015676],[-73.88581499958664,40.680674000175756],[-73.8857409999668,40.68038499999647],[-73.8861910002286,40.68031199987552],[-73.88602700019706,40.67964399978747],[-73.88577299975385,40.6797219996595],[-73.88574500016476,40.679595000056956],[-73.88555500019396,40.67965700011311],[-73.88546099958432,40.679293000255605],[-73.88592500008984,40.67922600012325],[-73.8856499997302,40.67813599999072],[-73.8851919999708,40.678249999731555],[-73.88508499984069,40.6778349998157],[-73.88527700035962,40.677781000271985],[-73.884853999862,40.676128999679634],[-73.88453699966959,40.67488900032564],[-73.88467499976184,40.674867999920934],[-73.8849459999235,40.67482699992285],[-73.88476799964828,40.67414099990373],[-73.88472400016565,40.67414899982147],[-73.88457500020274,40.673566000065506],[-73.88434199967593,40.67360099983006],[-73.88421399962941,40.67362099978463],[-73.88412900013891,40.67329200028089],[-73.88453199964673,40.67322800008945],[-73.88437799966094,40.67261000018972],[-73.88396799958211,40.672665000016096],[-73.88394400019098,40.672570999851736],[-73.8838889999394,40.672355000030194],[-73.88428099957656,40.672295999878436],[-73.88407200023751,40.671374000239595],[-73.883868000023,40.67140700007127],[-73.88378000015945,40.67106799984591],[-73.88356599989922,40.67110000030463],[-73.88351900004353,40.67091500014444],[-73.88348300005853,40.67077500010558],[-73.88386100035031,40.670710000011965],[-73.88368499972489,40.66986600006679],[-73.88326700014846,40.66992700008997],[-73.88323700001125,40.66980900020693],[-73.88317500008695,40.66956300025275],[-73.88313400007908,40.669403999799606],[-73.88310899996472,40.669306999791154],[-73.88351999986845,40.66924200031064],[-73.88328600041504,40.668293999701454],[-73.8828679999403,40.66836200016501],[-73.8828319999553,40.66822200021713],[-73.88278199972657,40.66802600020511],[-73.88273599969583,40.66784600028453],[-73.88269600041116,40.66769199974733],[-73.8830870002234,40.667633999815656],[-73.88284500037409,40.666628000070645],[-73.88244000031813,40.66669199978305],[-73.88241199983071,40.666583000044476],[-73.88250700026528,40.66646900011477],[-73.88234499988356,40.666253000287405],[-73.88228700015725,40.666175000329225],[-73.88266399972579,40.66601200020948],[-73.88161199976454,40.66455100006364],[-73.881227999625,40.664761999811155],[-73.88117099972358,40.664684999773954],[-73.88103600000437,40.66450400007097],[-73.88013300000604,40.663288000113326],[-73.88096099966131,40.66292800010459],[-73.88089200006432,40.662833999842995],[-73.88081000004857,40.662722000300725],[-73.88075200032225,40.662640999985264],[-73.88029600021267,40.662843000084],[-73.87950899966698,40.66174000019129],[-73.87911000035713,40.66190699986033],[-73.87883400017259,40.661534999793304],[-73.8785880001253,40.66120300024555],[-73.8790040000519,40.66102300030899],[-73.87815399975703,40.65987899997409],[-73.87773299980755,40.66005199971667],[-73.8767079996105,40.658713999741806],[-73.87751100004971,40.65836600025233],[-73.87610699973597,40.657125000002175],[-73.87811699994711,40.65625999973838],[-73.87895600037133,40.655897999777395],[-73.87973299997296,40.65556300016273],[-73.87932500044228,40.655029000218484],[-73.87619700014764,40.65069700014182],[-73.87353199963528,40.646997999724526],[-73.87347200025914,40.646925999745115],[-73.87338400039559,40.646820999976626],[-73.87380399962184,40.6463740000485],[-73.87398500027014,40.64617700000951],[-73.87429200041679,40.64585199969138],[-73.87450999997668,40.64557600006181],[-73.87474299960517,40.645283000119825],[-73.87489199956809,40.6450950001775],[-73.87502200016274,40.64520500017901],[-73.87610400026124,40.646215000207626],[-73.87683900003007,40.64719799971421],[-73.87703300019882,40.64745600027419],[-73.87759999973817,40.648213000271184],[-73.87843599978935,40.64932699998886],[-73.87992399976868,40.651443999943766],[-73.87999300026397,40.65154299966764],[-73.88172200026773,40.6537539997558],[-73.8822129996391,40.65449800009037],[-73.88404899977297,40.653709999688715],[-73.88416299957578,40.65366099998255],[-73.88465300002058,40.65345099966597],[-73.8849090001136,40.65334100030725],[-73.8850220000915,40.65329300012139],[-73.88550499996525,40.653089000138806],[-73.88628199956688,40.65275600033054],[-73.88713100003686,40.652393999758864],[-73.88794899964637,40.65204100028469],[-73.88876600032928,40.65169099975198],[-73.88959099961149,40.65133799996641],[-73.88999400001761,40.65113800011636],[-73.89125199984318,40.650026000323265],[-73.89189600027375,40.65059899967593],[-73.89228100023821,40.650416000249734],[-73.89302900042584,40.65037900023399],[-73.8935270003682,40.65084500005796],[-73.89369100039973,40.65073899981061],[-73.89491999991297,40.65244199990994],[-73.89550800026703,40.65325600033792],[-73.89599399961553,40.65320999967587],[-73.89643999967936,40.653168000199386],[-73.89670400016831,40.65343099979604],[-73.89699200004841,40.6537189997977],[-73.89725900001211,40.653603999903524],[-73.89760999964139,40.65345399971405],[-73.89800300000176,40.653800999826416],[-73.89859700020361,40.655828000047784],[-73.89879200019729,40.656520000185076],[-73.89900599955921,40.65725400029774],[-73.8990409997193,40.65737199990586],[-73.89886699964204,40.65739799969906],[-73.8988070002659,40.6574069999921],[-73.89884300025092,40.657555999744645],[-73.8992170003447,40.65911199967411],[-73.89965199963959,40.66073499980904],[-73.89988900036437,40.660640000182944],[-73.90025900026022,40.660619000060876],[-73.90066099994311,40.66058700002434],[-73.90105299958027,40.66212500013351],[-73.90145099996356,40.66365900030766],[-73.90071399964658,40.66373800011739],[-73.90041700044395,40.66380599977526],[-73.90085099991391,40.665345999836504],[-73.90126600001562,40.66688000020134],[-73.90166799969852,40.668412999785915],[-73.90198200041618,40.669670000117215],[-73.90228899966453,40.67093599975021],[-73.90266000028362,40.6721970002917],[-73.90296800025521,40.67343900031779],[-73.90344699993099,40.67539500016069],[-73.9034750004184,40.675507000221785],[-73.90300900026308,40.6756790001682],[-73.90296400005724,40.675699000180714],[-73.90273800010144,40.67579699988271],[-73.90253499971185,40.67588400001195],[-73.90346299982453,40.676015999850215],[-73.90407899976768,40.67607299985446],[-73.90435400012728,40.676092999748775],[-73.90426000041596,40.67715899987633],[-73.90468800003813,40.677943000134405],[-73.90331600040975,40.67786899996013],[-73.90346600019757,40.678896999665476],[-73.90404600015572,40.67922000030132],[-73.90456800038756,40.67951499987737],[-73.9047909999703,40.679641000235975],[-73.90549300012717,40.6800369998126],[-73.90565899980852,40.68014099968988],[-73.90628200032268,40.680506999814796],[-73.90671999999059,40.68076799981551],[-73.90701799991642,40.680948000277674],[-73.90777100012691,40.68137699993034],[-73.90851699976642,40.68180400013789],[-73.90885999989808,40.68199400026982],[-73.90905499989177,40.68210500010343],[-73.90927499999978,40.68223499980854],[-73.91006699967002,40.682683999994545],[-73.9107689998269,40.68309200019726],[-73.91151199999165,40.68350500004435],[-73.91227299969975,40.683935000283334],[-73.91237900000498,40.68386600001994],[-73.91274700025102,40.68382200006151],[-73.91350399976115,40.68421099994131],[-73.91323799962238,40.68448199979411],[-73.91330799994256,40.684520999976286],[-73.9139020001444,40.68444500028132],[-73.91391899986284,40.684529000010876],[-73.9139370003045,40.68461000030668],[-73.91429600032971,40.68469499983002],[-73.91433300013964,40.6846619997635],[-73.91473900002049,40.684861999916244],[-73.91488299996053,40.68492599983836],[-73.91491499974758,40.685072000111894],[-73.91470100038566,40.685317000071464],[-73.9152899996663,40.685645000189425],[-73.9155009995535,40.68576199998837],[-73.91582699996675,40.68594699982183],[-73.91604600024986,40.68607200030231],[-73.91575300034691,40.68637000013691]]]]}},{"type":"Feature","properties":{"zip":"11208","income":27078},"geometry":{"type":"MultiPolygon","coordinates":[[[[-73.88829400032617,40.68517500031306],[-73.88808300043898,40.68529400024152],[-73.88728400019772,40.685621999791444],[-73.88451699957811,40.68669100003838],[-73.88386700019808,40.68772099983723],[-73.8837769997864,40.687863000301476],[-73.88375699969491,40.68787900024848],[-73.88365399976276,40.68795899992582],[-73.88264899965718,40.68874099997355],[-73.88226700006575,40.689039000134336],[-73.8813409996029,40.689761000164],[-73.88072300000994,40.69024300009746],[-73.87961599979711,40.6911059997999],[-73.87951200004002,40.69118700027554],[-73.87945599996355,40.69123100013949],[-73.87776399976968,40.69215300032652],[-73.87402100025513,40.694191000113555],[-73.86891700008454,40.695149999926876],[-73.86871700006799,40.69462200004786],[-73.86868500028095,40.69403500008857],[-73.86867199986216,40.69385500023458],[-73.86868500028095,40.69385000023164],[-73.86805900029208,40.691183999881275],[-73.86796999970528,40.69076499979538],[-73.8679089996059,40.690475999777625],[-73.86776800003892,40.68980299975707],[-73.86762300027397,40.689145000139945],[-73.86750400044828,40.688610000073204],[-73.86746099989226,40.68841499999937],[-73.86727699976925,40.687745000148034],[-73.86701800020145,40.68683000006353],[-73.86687099988836,40.6863309996743],[-73.86659800007689,40.68526999972917],[-73.86650400036557,40.68447399975389],[-73.86629500012819,40.683188999906314],[-73.86619899986871,40.682736000272804],[-73.86607400019525,40.68214400031405],[-73.86602700033959,40.68191799973703],[-73.86499399974662,40.68212899971172],[-73.86444899994858,40.68227800009536],[-73.86410099979402,40.6823730002347],[-73.86378699997466,40.68111400015955],[-73.86395000018129,40.681067000259574],[-73.86387800021129,40.68075200020507],[-73.86416799974117,40.68071900023002],[-73.86386499979247,40.67947099977173],[-73.86356699986663,40.679512000320095],[-73.8635359999045,40.67930200031906],[-73.86334900030675,40.67935199966564],[-73.86331599979648,40.67921399979756],[-73.8632820003596,40.67907300006675],[-73.862345999851,40.67916499975098],[-73.86202799983367,40.67788599968524],[-73.86248399994325,40.67785700007144],[-73.8621840003676,40.67658099980715],[-73.8617120003645,40.67661100009906],[-73.86155400018075,40.6759730002929],[-73.86139699982193,40.675334999831584],[-73.86137300043079,40.67523599998806],[-73.8613180001792,40.67502100009003],[-73.86106399973599,40.674342999917585],[-73.86107700015478,40.67402099965971],[-73.86077500003098,40.67280599967348],[-73.86038900024161,40.67126900010916],[-73.85947399964941,40.67138100028786],[-73.85939099980871,40.67139400018084],[-73.85855499975754,40.67153300008352],[-73.85763300039098,40.67165599994692],[-73.85730899962755,40.67041899981187],[-73.85728199986337,40.670311999786556],[-73.85725199972613,40.67019800009921],[-73.85722599978688,40.67009399970041],[-73.85684699967018,40.668602999927145],[-73.85645900023098,40.66715899972198],[-73.85642499989582,40.667033000302794],[-73.8561150002744,40.66572900019652],[-73.85606300039586,40.66551100011891],[-73.85568500010409,40.663866999890324],[-73.85611699992423,40.663807999724064],[-73.85659099957715,40.66374700023642],[-73.8575360003066,40.66359800000235],[-73.85843000008407,40.66345300003577],[-73.85836999980963,40.66318199987341],[-73.85802500002812,40.66172099974544],[-73.857922000096,40.661318999659606],[-73.85761499994929,40.6601190000361],[-73.85851399974966,40.65989899995547],[-73.85938699961075,40.65977299976837],[-73.86013800017145,40.65967600006253],[-73.86035999992929,40.659646000328664],[-73.86122199991976,40.65922100003752],[-73.86150800015,40.65905000027572],[-73.86317100003153,40.65827700032245],[-73.86599100035461,40.65886200027476],[-73.86646699965733,40.659498000172206],[-73.86718100040808,40.66045199989292],[-73.86823500001915,40.66032699975476],[-73.86915599956082,40.6601190000361],[-73.86998099974134,40.65976399979459],[-73.87079099985326,40.65941499994992],[-73.87161900040684,40.65906000005068],[-73.87242699997059,40.65870899982856],[-73.87325100032619,40.65835700008868],[-73.8740689999357,40.658006000256535],[-73.87489699959097,40.65764599968098],[-73.87610699973597,40.657125000002175],[-73.87751100004971,40.65836600025233],[-73.8767079996105,40.658713999741806],[-73.87773299980755,40.66005199971667],[-73.87815399975703,40.65987899997409],[-73.8790040000519,40.66102300030899],[-73.8785880001253,40.66120300024555],[-73.87883400017259,40.661534999793304],[-73.87911000035713,40.66190699986033],[-73.87950899966698,40.66174000019129],[-73.88029600021267,40.662843000084],[-73.88075200032225,40.662640999985264],[-73.88081000004857,40.662722000300725],[-73.88089200006432,40.662833999842995],[-73.88096099966131,40.66292800010459],[-73.88013300000604,40.663288000113326],[-73.88103600000437,40.66450400007097],[-73.88117099972358,40.664684999773954],[-73.881227999625,40.664761999811155],[-73.88161199976454,40.66455100006364],[-73.88266399972579,40.66601200020948],[-73.88228700015725,40.666175000329225],[-73.88234499988356,40.666253000287405],[-73.88250700026528,40.66646900011477],[-73.88241199983071,40.666583000044476],[-73.88244000031813,40.66669199978305],[-73.88284500037409,40.666628000070645],[-73.8830870002234,40.667633999815656],[-73.88269600041116,40.66769199974733],[-73.88273599969583,40.66784600028453],[-73.88278199972657,40.66802600020511],[-73.8828319999553,40.66822200021713],[-73.8828679999403,40.66836200016501],[-73.88328600041504,40.668293999701454],[-73.88351999986845,40.66924200031064],[-73.88310899996472,40.669306999791154],[-73.88313400007908,40.669403999799606],[-73.88317500008695,40.66956300025275],[-73.88323700001125,40.66980900020693],[-73.88326700014846,40.66992700008997],[-73.88368499972489,40.66986600006679],[-73.88386100035031,40.670710000011965],[-73.88348300005853,40.67077500010558],[-73.88351900004353,40.67091500014444],[-73.88356599989922,40.67110000030463],[-73.88378000015945,40.67106799984591],[-73.883868000023,40.67140700007127],[-73.88407200023751,40.671374000239595],[-73.88428099957656,40.672295999878436],[-73.8838889999394,40.672355000030194],[-73.88394400019098,40.672570999851736],[-73.88396799958211,40.672665000016096],[-73.88437799966094,40.67261000018972],[-73.88453199964673,40.67322800008945],[-73.88412900013891,40.67329200028089],[-73.88421399962941,40.67362099978463],[-73.88434199967593,40.67360099983006],[-73.88457500020274,40.673566000065506],[-73.88472400016565,40.67414899982147],[-73.88476799964828,40.67414099990373],[-73.8849459999235,40.67482699992285],[-73.88467499976184,40.674867999920934],[-73.88453699966959,40.67488900032564],[-73.884853999862,40.676128999679634],[-73.88527700035962,40.677781000271985],[-73.88508499984069,40.6778349998157],[-73.8851919999708,40.678249999731555],[-73.8856499997302,40.67813599999072],[-73.88592500008984,40.67922600012325],[-73.88546099958432,40.679293000255605],[-73.88555500019396,40.67965700011311],[-73.88574500016476,40.679595000056956],[-73.88577299975385,40.6797219996595],[-73.88602700019706,40.67964399978747],[-73.8861910002286,40.68031199987552],[-73.8857409999668,40.68038499999647],[-73.88581499958664,40.680674000175756],[-73.88590499999833,40.68102900015676],[-73.88636399958264,40.68095299988621],[-73.88668999999588,40.682205000003904],[-73.88622300001566,40.68227800009536],[-73.88627499989418,40.68248100001346],[-73.88630300038159,40.6825890002985],[-73.88650500004796,40.68334900020659],[-73.88735399961959,40.682949999785585],[-73.88819100039402,40.68255599987047],[-73.88892399961472,40.683125999704],[-73.88960700040333,40.68421399996831],[-73.88908900036948,40.68464099971266],[-73.88829400032617,40.68517500031306]]]]}},{"type":"Feature","properties":{"zip":"11209","income":44518},"geometry":{"type":"MultiPolygon","coordinates":[[[[-74.04190000030108,40.624495000130246],[-74.04185199972221,40.62479099992438],[-74.04182499995802,40.62493799979535],[-74.04177999975218,40.62511800025416],[-74.04170500030742,40.62536399977853],[-74.0416979997364,40.625513999692345],[-74.04168799969067,40.62564200020694],[-74.04168699986577,40.62582300033479],[-74.04168100001797,40.62601999976206],[-74.0416819998429,40.626133999943875],[-74.04168000019307,40.62619499972804],[-74.04167099997223,40.626333999721],[-74.04165599990361,40.626595999872734],[-74.04163800036027,40.626806000147425],[-74.04161999991862,40.6270309998064],[-74.04157499971276,40.627408000184204],[-74.0415129997885,40.62769400032069],[-74.04148799967413,40.62799000025447],[-74.0414440001915,40.62830600014543],[-74.0414070003816,40.628460000240786],[-74.04139800016075,40.628586999720206],[-74.0412960000535,40.62900400025802],[-74.04124900019787,40.62928300000272],[-74.0411830000756,40.629443000100146],[-74.04112899964896,40.62964400033969],[-74.04111600012845,40.629732000135384],[-74.04114899974041,40.62987299986855],[-74.04112699999911,40.63000299980827],[-74.04110199988475,40.630152000073075],[-74.04103699958742,40.63033499983811],[-74.04094700007404,40.630491000292444],[-74.04087500010404,40.63059999968562],[-74.04077600036983,40.630709999712174],[-74.04070000020185,40.63085100010727],[-74.04059600044478,40.631089000021305],[-74.04050400038328,40.63129200032034],[-74.04031199986433,40.631713000105115],[-74.04014100016009,40.63209900025525],[-74.04005699959619,40.632281000032364],[-74.03998999964904,40.63248500021921],[-74.03983200036362,40.63283599999431],[-74.03971600001267,40.63307800002711],[-74.03963800019486,40.633237999893865],[-74.03933799972089,40.633803000233364],[-74.03847099970757,40.6356769997241],[-74.03809199959089,40.63576599980335],[-74.03794099997816,40.63580499984664],[-74.03724499966907,40.63598500032804],[-74.03661000035765,40.63657699968546],[-74.03638900042472,40.636812000207655],[-74.03627999974647,40.63694899984318],[-74.0361769998143,40.63709900032089],[-74.03607100040739,40.63730600019493],[-74.03610800021733,40.63808599987212],[-74.0360989999965,40.638264000305874],[-74.03607200023231,40.638442000265],[-74.03602000035379,40.6386500000755],[-74.0359580004295,40.63882100031261],[-74.03576400026074,40.638758999782894],[-74.03485700006446,40.63847400001581],[-74.03416099975537,40.63825500015742],[-74.03388000044627,40.63816700000578],[-74.03360699973649,40.63808199979562],[-74.03351700022313,40.63805399993526],[-74.03365299976726,40.63770000024973],[-74.03162599983766,40.637079999674604],[-74.03149000029353,40.63742599968968],[-74.03126799963738,40.63735699969978],[-74.02865800027492,40.63654599974918],[-74.027888000346,40.63630900024438],[-74.0260389997933,40.63574099981603],[-74.02351800011928,40.634616000242616],[-74.02324000028496,40.63448899995864],[-74.02303500024554,40.63439499985052],[-74.0232729998969,40.634096000120714],[-74.02159900014476,40.63333900021745],[-74.02146100005248,40.63351099982958],[-74.02118499986796,40.63338699975741],[-74.02106600004227,40.633333999766265],[-74.0210119996156,40.63346900022675],[-74.01973600024667,40.632884999992896],[-74.01853000029965,40.63233400017762],[-74.01858600037615,40.63219599982737],[-74.01814100013722,40.63199699999098],[-74.01828500007727,40.6318109996693],[-74.01726099970512,40.631337000289605],[-74.01707800030532,40.63150800016901],[-74.01695600010659,40.63162199984535],[-74.0166959998156,40.63145399993146],[-74.01650199964682,40.63132600033024],[-74.0164580001642,40.631297000242654],[-74.01622299998756,40.63114500011841],[-74.01604800008539,40.63103299987719],[-74.01634299963817,40.63028600001355],[-74.01664300011214,40.629575999953225],[-74.01688400013656,40.62894700025481],[-74.01693400036528,40.62881700030452],[-74.01722300007027,40.62810099997661],[-74.01784200038648,40.62659100028021],[-74.0188790002791,40.624303000059925],[-74.01921800021282,40.62429899983952],[-74.01940300016075,40.62429299984935],[-74.01945900023725,40.62429100007976],[-74.0196049998271,40.62428900031018],[-74.01977800007948,40.62399800012375],[-74.02001499990592,40.623678000046],[-74.02019800020405,40.623433000004965],[-74.0202240001433,40.62339900006736],[-74.02065199976548,40.62290300033392],[-74.02101699963845,40.62246399977502],[-74.02110700005015,40.62235899971233],[-74.02115800010377,40.622299000089455],[-74.02120400013452,40.62224600016182],[-74.02176200035134,40.62159100019631],[-74.02226199994355,40.621086999848764],[-74.02328700014061,40.61991199999621],[-74.02338500004991,40.61979400029597],[-74.02365399966342,40.619960000323154],[-74.02454300031636,40.6189899998642],[-74.02552800033044,40.61784199979022],[-74.02588599963242,40.617372000091194],[-74.02664600041393,40.61650799978037],[-74.02630199955904,40.616334999672155],[-74.02646700031379,40.61611499981771],[-74.02663200017022,40.615948999782766],[-74.02665599956136,40.61592199985723],[-74.02741600034287,40.61522499977042],[-74.02838499956512,40.61424899990512],[-74.02851299961164,40.614029999698445],[-74.02867599981826,40.61383800023456],[-74.02897200009427,40.61351599980979],[-74.02850699976386,40.61335900023226],[-74.02830500009749,40.61329100031379],[-74.02821300003599,40.61325999979645],[-74.02755000023717,40.612925000305935],[-74.02701299993674,40.612688999882465],[-74.026818999768,40.613044999970455],[-74.02689699958579,40.61307099998303],[-74.02545800001025,40.61550500015178],[-74.0253140000702,40.61543699968975],[-74.02501299977132,40.61529499980528],[-74.02483399967117,40.61560199995906],[-74.02463600020278,40.61583800032215],[-74.0250749996956,40.616055000041655],[-74.02442000029271,40.61686999995262],[-74.02420299965942,40.616766000299855],[-74.02400199981797,40.617078999788085],[-74.02371700031094,40.61693699998412],[-74.02386100025097,40.616762999966504],[-74.02340900033934,40.61654399981751],[-74.02424600021544,40.615568000127],[-74.0243779995616,40.615637999802516],[-74.02452599969962,40.615444999827886],[-74.02395999998518,40.61516099979125],[-74.02278900019823,40.61459599993675],[-74.02458199977609,40.61023000011587],[-74.0246939999291,40.60995999976343],[-74.02475599985337,40.60978200026301],[-74.02477500011994,40.60967600028161],[-74.02430399994175,40.609457000089904],[-74.02150200006035,40.60782800022396],[-74.02092399975204,40.60748499968987],[-74.020378999954,40.607240000276576],[-74.02002499995166,40.60713100027122],[-74.0191539997404,40.60696700002821],[-74.01838800000941,40.60690700022135],[-74.01795500036438,40.6069399998831],[-74.01760100036205,40.60713100027122],[-74.01701899985578,40.60765500014679],[-74.01623600040637,40.60723300031913],[-74.01549900008939,40.60684199997194],[-74.01728400016965,40.60513800027172],[-74.01731699978161,40.60510700006413],[-74.01752000017119,40.604884999719225],[-74.01823099965058,40.60410799986646],[-74.01864099972941,40.60365499994996],[-74.01873199996602,40.60357000014445],[-74.01919399992337,40.603132999807116],[-74.01923999995412,40.60309100019857],[-74.0194500000164,40.60282800006848],[-74.0200890004241,40.603171999809746],[-74.02024000003684,40.60323499981843],[-74.02040999991615,40.60327700001851],[-74.02058599964325,40.60332900013229],[-74.02076700029153,40.60336499976766],[-74.02092799995,40.603392999849525],[-74.02118400004304,40.60345300008294],[-74.02137499983876,40.60347200006603],[-74.02156099961158,40.60351300026247],[-74.0218150000548,40.60353399993748],[-74.02201599989624,40.6035690002905],[-74.02228000038522,40.60359499989787],[-74.02250899981576,40.60363500016591],[-74.0228000000689,40.60369100009173],[-74.02288999958226,40.6036720001709],[-74.0229349997881,40.603700000124164],[-74.02311300006333,40.603724999828934],[-74.02336199958538,40.603774999892515],[-74.02345500037012,40.603774999892515],[-74.02354499988347,40.60378200021215],[-74.02388600036532,40.603819999985916],[-74.02419799963654,40.603841000246554],[-74.02430999978955,40.60388099968533],[-74.02447899984394,40.60390799970217],[-74.02491099966406,40.60395699978073],[-74.02526899986437,40.604021000260715],[-74.02569400001178,40.60407199994927],[-74.02609800024284,40.604130999727616],[-74.0262999999092,40.60417300004674],[-74.02684800008028,40.604247000122584],[-74.02756500030578,40.60434799995565],[-74.02841499970236,40.60445800024841],[-74.02866699959742,40.604497999999985],[-74.028834000002,40.604501000202056],[-74.02915100019442,40.60455899976266],[-74.02930900037815,40.60459900013576],[-74.0300519996446,40.6047460001079],[-74.03015899977471,40.604784000015634],[-74.03024300033861,40.604820000231406],[-74.0305029997313,40.60493799977949],[-74.03073399970998,40.60506500033194],[-74.03102900016107,40.60521999995956],[-74.03120599971308,40.60532099968632],[-74.03147600004982,40.60548599970158],[-74.03161999998989,40.605600999967386],[-74.03176599957973,40.605715000213436],[-74.0319320001594,40.60580099983968],[-74.03208500032028,40.605856999996725],[-74.03231700012388,40.60595899994301],[-74.03255999979812,40.60615100022205],[-74.03269500041564,40.60626299990276],[-74.03283000013487,40.606364000099326],[-74.03296599967898,40.606472999991695],[-74.03311999966478,40.6066160000188],[-74.03332399987929,40.60682700016775],[-74.03365699996522,40.607121000217994],[-74.03375800024754,40.60721899971998],[-74.03392599957871,40.6073760000841],[-74.03422799970254,40.6076580002071],[-74.03435800029717,40.60780300000786],[-74.03444600016071,40.60793399972669],[-74.03455300029084,40.60812700025543],[-74.03462799973559,40.60825800002111],[-74.03472599964488,40.60829500019474],[-74.03483399959991,40.608245999886705],[-74.03487100030814,40.608261000054355],[-74.03497400024031,40.60827199972059],[-74.03504100018746,40.60836899979862],[-74.03515400016536,40.60838699996634],[-74.03534400013618,40.6084989999917],[-74.03543899967242,40.608604000015575],[-74.03542199995398,40.60866299988508],[-74.03533499991534,40.608632999726744],[-74.03524399967874,40.60857300005164],[-74.03517199970872,40.60862099965965],[-74.03510999978444,40.60872000014881],[-74.0351919998002,40.608809999784306],[-74.0353039999532,40.60884599987735],[-74.03544500041853,40.60886999992858],[-74.03553499993188,40.60889399997121],[-74.03567800004701,40.60896699982058],[-74.03580799974335,40.60903899981811],[-74.03593300031514,40.60914299990493],[-74.03601500033089,40.60922099969331],[-74.03607499970705,40.60927899993161],[-74.03611099969204,40.60931400000402],[-74.03615500007298,40.60938499986076],[-74.03621799982217,40.60948900009104],[-74.03630300021099,40.60968200022068],[-74.03641600018891,40.61000300026891],[-74.03652300031902,40.61039099991543],[-74.03665800003823,40.61067799969309],[-74.03676099997038,40.610944000216016],[-74.0369579996139,40.61118599978732],[-74.03721000040728,40.61146399989259],[-74.03741700009651,40.611643999834556],[-74.0376060002424,40.611818999957265],[-74.03788400007674,40.612100999744065],[-74.03846300020997,40.61261500028881],[-74.03902599955137,40.61315899979312],[-74.03924300018465,40.61341799999514],[-74.0394709997903,40.6137109999876],[-74.03993399957255,40.61438899990092],[-74.04024099971922,40.61487000007182],[-74.04033199995582,40.615092999660966],[-74.04043599971288,40.61532499970038],[-74.04051199988088,40.615583000014944],[-74.04078499969233,40.61701700020855],[-74.04115600031143,40.61870999976925],[-74.04126300044156,40.61907499983128],[-74.04138399991704,40.619647000013785],[-74.04148100000144,40.61999299967557],[-74.04155200014655,40.62015000002866],[-74.04159399997934,40.62028800004305],[-74.04162300029166,40.62039999989454],[-74.04163499998721,40.62051799988801],[-74.04164400020805,40.62071999999398],[-74.04164800040601,40.62081900028531],[-74.04164599985788,40.620865999683495],[-74.04163800036027,40.621056000221365],[-74.04162800031453,40.62115500001474],[-74.04160700039813,40.62129199972783],[-74.04161700044388,40.6214189998828],[-74.0416259997664,40.62151599996738],[-74.04165099988076,40.6217370000276],[-74.04166500012445,40.62194999999847],[-74.04168500021594,40.622079000101905],[-74.04171399962995,40.62222399997363],[-74.04174600031531,40.62235099972029],[-74.04179999984368,40.622445999990305],[-74.0417809995771,40.62254100012519],[-74.04182599978293,40.62267700015496],[-74.04176100038391,40.62287399999771],[-74.04177200025457,40.623190000231475],[-74.04180200039181,40.62342399990283],[-74.04188000020962,40.62364400023315],[-74.04191000034683,40.62384599974956],[-74.0419079997987,40.623965000022544],[-74.04191600019462,40.624246999679755],[-74.04190000030108,40.624495000130246]]]]}},{"type":"Feature","properties":{"zip":"11210","income":42967},"geometry":{"type":"MultiPolygon","coordinates":[[[[-73.9583110004441,40.636741000186376],[-73.95796999996224,40.63678599989176],[-73.95798699968068,40.637038000271815],[-73.9574879999134,40.637083999811104],[-73.95750700017997,40.637182999704976],[-73.95699300034408,40.6375160001917],[-73.95663199977074,40.63755699994853],[-73.95656599964849,40.63720599976948],[-73.95569600016044,40.6376249997057],[-73.95551000038762,40.63771399991476],[-73.9555029998166,40.63815999988028],[-73.95452600019843,40.63863699993592],[-73.95441599969526,40.63849200025241],[-73.95398800007308,40.63867400032654],[-73.95393600019456,40.63847400001581],[-73.9537429998507,40.63856599981054],[-73.95359999973557,40.6384219999869],[-73.95307199965598,40.63842600004301],[-73.95213299967263,40.63842300000094],[-73.9511579997043,40.638428000070945],[-73.9501669998424,40.63849100023938],[-73.94968499979356,40.63851999992905],[-73.94970499988504,40.638769999881106],[-73.94926100036935,40.6388050001814],[-73.94925399979833,40.63874500033698],[-73.94828800005082,40.63882200032062],[-73.94841400044753,40.639987000230555],[-73.94744299977881,40.640048000311644],[-73.94724100011246,40.640060000186935],[-73.94668600026866,40.64009299983286],[-73.94650899981836,40.64010399971123],[-73.94552200015443,40.640164999685396],[-73.94454999966082,40.64022600028554],[-73.94444099988087,40.63950900028017],[-73.94356299999691,40.639567000125794],[-73.94361700042359,40.64028500017591],[-73.94265099977775,40.64034400001421],[-73.94257499960976,40.639641999851406],[-73.94250299963976,40.638964999957174],[-73.94153299969426,40.6390250002855],[-73.940597000084,40.63908299986998],[-73.93966399994842,40.63914200008895],[-73.93873099981289,40.63920000025343],[-73.93776199969231,40.63925899968734],[-73.93751200034536,40.63692100018931],[-73.93654200039988,40.63698000027404],[-73.9356069997162,40.637038000271815],[-73.935359999844,40.63476699989549],[-73.9343949999214,40.63482699990652],[-73.93433100034729,40.63418500026233],[-73.93430500040802,40.63388600027381],[-73.93426799969978,40.633679000021786],[-73.93414600039935,40.63249200025801],[-73.93461900022737,40.63246099978847],[-73.93445500019584,40.63050000012401],[-73.93393399978893,40.63052000004833],[-73.93391799989541,40.63036599993117],[-73.93389500032919,40.630150999935175],[-73.93387600006263,40.62997700024964],[-73.93386000016909,40.629831000022634],[-73.93436599960906,40.629808000144564],[-73.9341849998591,40.628086000172324],[-73.93367699987098,40.62811000013021],[-73.93364599990885,40.6278110002095],[-73.93362300034262,40.6275960001687],[-73.93361199957367,40.62749500002163],[-73.93412100028499,40.62746699981203],[-73.93401199960674,40.626306999901935],[-73.9339189997203,40.626303999997134],[-73.93389199995613,40.62591899995872],[-73.93441500001289,40.625891999971884],[-73.93459499993793,40.625880999797396],[-73.93476700036537,40.62497800024223],[-73.93504100000177,40.62502699987069],[-73.93546399960107,40.625090999943524],[-73.9358899995734,40.62514499987208],[-73.9364019997595,40.6251970000145],[-73.93690499972472,40.62523300014179],[-73.93632999978945,40.624690999845804],[-73.93575300020437,40.624147000150295],[-73.93546399960107,40.62387400011364],[-73.93561099991418,40.62357100005513],[-73.93718000008434,40.62309200028865],[-73.93722600011509,40.622958000231634],[-73.93765899976015,40.62291000001347],[-73.93759900038401,40.62252000028646],[-73.93830900003849,40.622281000260266],[-73.93834000000062,40.62244499973695],[-73.93880100013307,40.62239199992517],[-73.93867800010942,40.621709999713914],[-73.93911900015038,40.621565000090065],[-73.93955000014562,40.621365999938796],[-73.93962999961322,40.62183499991288],[-73.94010699963921,40.62178100003567],[-73.9400289998214,40.62136900006536],[-73.93999100018657,40.62116399974077],[-73.94013000010375,40.621096999857485],[-73.94022899983796,40.62103199977415],[-73.94055699990102,40.62075300033467],[-73.94085099962886,40.62045799997517],[-73.9409019996825,40.6207350000889],[-73.94184200038907,40.62061800007757],[-73.94181300007675,40.62046800007804],[-73.94172699986302,40.6200230001885],[-73.94266400019656,40.61991799969801],[-73.94241599960111,40.61859300030245],[-73.94319399992597,40.617677999922634],[-73.9434700001105,40.61738500027967],[-73.94395800000711,40.6168160001531],[-73.94406099993928,40.61671799972361],[-73.94467600005751,40.616165000158254],[-73.94482699967024,40.61604600030927],[-73.94573700023959,40.61536299972997],[-73.9458150000574,40.61577400024825],[-73.94627799983967,40.6157200002448],[-73.94623199980892,40.61548099975593],[-73.94669200011646,40.61541999973388],[-73.94661599994846,40.61501600027227],[-73.94758599989393,40.61495400014205],[-73.94752899999256,40.61461999996857],[-73.94745799984743,40.6141990001765],[-73.94825500043886,40.61363599977673],[-73.94833499990648,40.61358000000086],[-73.94911900007912,40.61305299971314],[-73.94915199969108,40.61322800023729],[-73.9492089995925,40.61352900006668],[-73.94980699999229,40.61345099985135],[-73.9499479995593,40.61332799974647],[-73.95014599992601,40.613294000121066],[-73.9500249995522,40.612654999931884],[-73.95048800023277,40.61260699981183],[-73.95046700031637,40.61245700023714],[-73.95092400025088,40.61240300028055],[-73.9508139997477,40.61182499970398],[-73.95077799976268,40.61163500018993],[-73.95070599979266,40.611250000164254],[-73.95163300008043,40.61112299977195],[-73.95257700008665,40.61103700017467],[-73.95262300011741,40.61129400025996],[-73.95265099970649,40.611450000179914],[-73.95309900031847,40.61141499986233],[-73.95351699989489,40.61356800014017],[-73.954024999883,40.61622899985753],[-73.95355299987992,40.61628100012212],[-73.95400300014171,40.61867200027959],[-73.95445699970314,40.62106199982047],[-73.95531700004376,40.62096799990308],[-73.95503599983637,40.62129699971701],[-73.95535999970146,40.623184999702126],[-73.95592499959099,40.62325599981965],[-73.95594100038282,40.623340000254956],[-73.95490799978985,40.62345400023851],[-73.95536399989942,40.6258439998169],[-73.95581199961309,40.628233999775354],[-73.95604400031499,40.629459999896234],[-73.95609899966827,40.629664999983866],[-73.95661199967924,40.62962599976284],[-73.95712399986532,40.62958600005453],[-73.95729899976752,40.63051199967024],[-73.95661599987723,40.630590999867536],[-73.956621999725,40.630694999812206],[-73.95661000002943,40.63079200006036],[-73.95657499986933,40.630904000024024],[-73.95651899979283,40.63101199998152],[-73.9564309999293,40.63112400025798],[-73.95636499980704,40.631185999697145],[-73.95672100035752,40.633016000299456],[-73.95716800024626,40.635404999841846],[-73.95819799956787,40.63528899968535],[-73.95840000013256,40.63632699970128],[-73.95825399964437,40.6363970001184],[-73.9583110004441,40.636741000186376]]]]}},{"type":"Feature","properties":{"zip":"11211","income":23567},"geometry":{"type":"MultiPolygon","coordinates":[[[[-73.96432899958536,40.70801499990352],[-73.96418499964531,40.7087199999157],[-73.96402700035989,40.70953399977935],[-73.96387500002393,40.71029699968493],[-73.96383900003893,40.71047700005342],[-73.96360600041041,40.71085299988894],[-73.96356600022743,40.71091899993801],[-73.96353000024241,40.71096700018023],[-73.9634790001888,40.71105500030745],[-73.96337899973136,40.711212999857125],[-73.96294199988836,40.71190499989793],[-73.96255199990102,40.71252599984552],[-73.96208099972283,40.71326899988613],[-73.96167999986484,40.713901000014204],[-73.96128700040276,40.714501999793015],[-73.96088099962358,40.71489199985918],[-73.96043600028298,40.715306000278915],[-73.96013900018205,40.715583000255414],[-73.95951099964503,40.71617200003223],[-73.95891300014355,40.7167280002007],[-73.95831899994171,40.71727999971754],[-73.95772499973985,40.717834999979104],[-73.95713100043633,40.71838800002589],[-73.95653499968635,40.71894100024485],[-73.95594200020774,40.71949299979459],[-73.95534800000591,40.7200490001408],[-73.95475399980407,40.72060100003428],[-73.9516459996009,40.723486000001735],[-73.95064600041653,40.721704999704855],[-73.9501800002612,40.71900900010106],[-73.95002700010032,40.71902299972243],[-73.94981100019025,40.71904299966271],[-73.94975799958848,40.718693999671935],[-73.94894300035203,40.71877300030214],[-73.94891800023768,40.718634999691666],[-73.9487299999167,40.71865000024552],[-73.94853200044831,40.71852400011787],[-73.94841600009734,40.71845500027112],[-73.94853200044831,40.71916800000454],[-73.94751599957377,40.719266999945205],[-73.9469890002174,40.71958400002339],[-73.94679099985065,40.71882100032906],[-73.94676800028442,40.718690999835765],[-73.94675400004073,40.71860899994916],[-73.946743999995,40.71854800022543],[-73.94631899984753,40.71862200016213],[-73.94531799993993,40.7187600001187],[-73.94520199958899,40.71876999978873],[-73.9450839995882,40.7187819997992],[-73.9450330004329,40.71847700005241],[-73.94367699979973,40.71861100029637],[-73.94368699984547,40.718909999776685],[-73.94342699955448,40.71893399974506],[-73.94293799983292,40.718978999832615],[-73.94287199971069,40.71861299996258],[-73.94100399978976,40.71880500032394],[-73.9410349997519,40.71895099988764],[-73.94055000022831,40.718999999953866],[-73.94049199960368,40.71867899980883],[-73.94043899990022,40.71843299980175],[-73.94038000034902,40.718088000062096],[-73.94037299977799,40.718047000100505],[-73.94020999957138,40.71808900024356],[-73.93939100013694,40.718126000136856],[-73.93922700010543,40.7181670000498],[-73.9393440002813,40.71840100028202],[-73.93850300020725,40.71863199985281],[-73.93845800000139,40.71852500029277],[-73.93727799999363,40.71884199981929],[-73.93725799990214,40.71879099997588],[-73.93560599989128,40.719222000052326],[-73.93588299990071,40.71986300021131],[-73.93620900031397,40.720575999842055],[-73.93650399986673,40.72124699983897],[-73.93504100000177,40.72166899988603],[-73.93528399967602,40.722317999891565],[-73.93558900017285,40.722991000244384],[-73.93401199960674,40.723403999894735],[-73.93244099978672,40.72381400010022],[-73.93087099979162,40.72422000014627],[-73.92919500038965,40.724646000057184],[-73.92780600014451,40.72505000032052],[-73.92717099993477,40.72523299983],[-73.9265390000981,40.72406499974183],[-73.92534400002174,40.72163800000748],[-73.92417999990748,40.72001999981266],[-73.92427799981681,40.718536000172755],[-73.92312700012134,40.71702400005679],[-73.92271100019471,40.716478000332145],[-73.9232080003122,40.716355000120274],[-73.92692599971238,40.71540100030974],[-73.92851099977611,40.71499500026173],[-73.92960100027051,40.71472299967976],[-73.93059299995728,40.714452000265304],[-73.93094899960943,40.71436000027356],[-73.93148099988699,40.71422200004764],[-73.93233100018186,40.71401000000181],[-73.93317899992861,40.713799000207715],[-73.93480199962715,40.71337300032815],[-73.93453399983855,40.7127539999516],[-73.93531200016342,40.71254199999791],[-73.93545000025568,40.71283399972018],[-73.93786700017262,40.712229000149115],[-73.93803799987681,40.712591000015045],[-73.93831999990914,40.71252399999643],[-73.93798099997542,40.71181499966182],[-73.93768100039975,40.7111819998759],[-73.93733599971995,40.71045299976001],[-73.93721100004649,40.71009499969072],[-73.94019600022601,40.709821000269855],[-73.94031400022676,40.71052199972907],[-73.94042300000672,40.711217999918595],[-73.94047700043339,40.71156299985165],[-73.94068800032058,40.71196199984834],[-73.94222800017845,40.71180099988654],[-73.94216500042926,40.71142699983885],[-73.9433589997824,40.71132200015969],[-73.94333399966804,40.71118600033561],[-73.94382499993773,40.711128000115835],[-73.94384599985412,40.7112570001132],[-73.94506600004487,40.711138999856146],[-73.94507400044078,40.711209999683845],[-73.94554200024594,40.71115299977061],[-73.9455330000251,40.71109799970055],[-73.94636200040357,40.7110249998593],[-73.94637400009914,40.71108699995345],[-73.94718500003596,40.71101900017661],[-73.94717199961717,40.71094600024875],[-73.94865100027398,40.710802000053825],[-73.94877500012255,40.71117899970124],[-73.94889200029841,40.71116799996755],[-73.9488560003134,40.710950000041684],[-73.94905299995689,40.71092700020778],[-73.94904100026132,40.71083500011186],[-73.9491810000034,40.71081999983989],[-73.94917000013275,40.71074900027725],[-73.95105099957416,40.71056700005521],[-73.95099399967275,40.71022100010961],[-73.95095600003792,40.70999100025702],[-73.95087499984707,40.70951300007693],[-73.95082999964121,40.70914300001759],[-73.95076000021933,40.70880300004617],[-73.95065999976191,40.708170000227504],[-73.95053000006556,40.70739099976005],[-73.950406000217,40.70665299990749],[-73.95028900004117,40.70591399968407],[-73.95023700016262,40.70547300031775],[-73.95190000004412,40.70441799968379],[-73.9525319998808,40.70498299994258],[-73.95444199963453,40.70374700031945],[-73.95381200034599,40.703181000066216],[-73.95400700033966,40.70305400022104],[-73.95410500024896,40.702990000003474],[-73.95441599969526,40.70326200016273],[-73.95573200014546,40.70240499969814],[-73.95544300044047,40.702125999901256],[-73.95552000043335,40.70207699967468],[-73.95572399974954,40.70194600011509],[-73.95605199981259,40.702240999888325],[-73.95716800024626,40.701492000203835],[-73.9570939997281,40.70140700031306],[-73.95717499991895,40.70135999974203],[-73.9572340003685,40.701410999997904],[-73.95735099964604,40.701333000311855],[-73.95706100011613,40.70107799970544],[-73.95732999972965,40.70090399972481],[-73.95745699995126,40.70082199972513],[-73.95807100024459,40.701397999829574],[-73.95868899983755,40.70195299967695],[-73.95933300026812,40.702527999801276],[-73.95988899993681,40.7030320001106],[-73.95998500019627,40.70311799969604],[-73.96005600034138,40.703181000066216],[-73.96016799959607,40.70328200007053],[-73.9602410002893,40.70334699972937],[-73.96034099984841,40.70343699983324],[-73.96059100009367,40.703657999670675],[-73.96065800004082,40.703717999700245],[-73.96072900018594,40.703781999899235],[-73.96120700003682,40.70421100033706],[-73.96185399994211,40.70478600003621],[-73.96248499995387,40.70535200026981],[-73.96309800042229,40.70590000003011],[-73.96374500032759,40.7064790001903],[-73.96439300005778,40.70705600007012],[-73.96484900016735,40.707454000174096],[-73.96442099964686,40.707534000181695],[-73.96432899958536,40.70801499990352]]]]}},{"type":"Feature","properties":{"zip":"11212","income":20839},"geometry":{"type":"MultiPolygon","coordinates":[[[[-73.9306850000188,40.66362000018589],[-73.92987400008197,40.663990000265414],[-73.92940299990379,40.66419899980647],[-73.92916799972713,40.66429899999106],[-73.9290520002745,40.66435100030027],[-73.92854400028638,40.66457400023647],[-73.92822799991889,40.664709999822364],[-73.92771200043317,40.664934999836014],[-73.92739400041584,40.665074999870285],[-73.92638000008944,40.66551499991423],[-73.92592200033005,40.66571500027546],[-73.92546299984741,40.66591600032037],[-73.92444900041932,40.666361000288504],[-73.92438900014487,40.66638500011362],[-73.92456200039722,40.66683599993348],[-73.92477199956119,40.66748699992724],[-73.92419900017406,40.6674519996789],[-73.92413300005182,40.66708299999263],[-73.92362800043675,40.667166999796],[-73.92336800014576,40.66682700023129],[-73.92312899977115,40.666931999861035],[-73.92275300002753,40.667097999892306],[-73.92221499990218,40.66733400018599],[-73.92187199977049,40.66748099973026],[-73.9210199998258,40.667851999767365],[-73.92012799969814,40.668241000173744],[-73.92003900000968,40.668282000133466],[-73.91960299999158,40.66847000015767],[-73.91979100031256,40.66877300016848],[-73.91951500012803,40.668887999805406],[-73.91949000001368,40.669091999852526],[-73.91935399957123,40.66908099998275],[-73.9193229996091,40.669268999798575],[-73.91895299971324,40.66942499988115],[-73.91891099988045,40.66938399994285],[-73.91874199982604,40.669430999903255],[-73.91820299987579,40.66945900022636],[-73.91798100011795,40.66951399992641],[-73.91754599992476,40.66948999986467],[-73.91748200035066,40.669392999981355],[-73.91728300015905,40.669479000060605],[-73.91713500002102,40.66954299976239],[-73.91658400037521,40.66978700002085],[-73.91572900005745,40.67015800017466],[-73.91487299991479,40.670532999802745],[-73.91403900041175,40.670896999795765],[-73.91409600031317,40.670972999947864],[-73.91414200034392,40.671056000095746],[-73.91417400013096,40.671142000074326],[-73.91419300039755,40.67123999966109],[-73.91419199967432,40.67136199986321],[-73.91417099975791,40.671455999687986],[-73.91319900016262,40.67140000002575],[-73.9130860001847,40.671310000251154],[-73.91221800034648,40.671686999926514],[-73.91133600026455,40.672076999955564],[-73.91109900043809,40.67218299968451],[-73.91096800001851,40.672236000167096],[-73.91089699987342,40.67262699989311],[-73.91041999984745,40.67274699992081],[-73.91040099958087,40.67302300025486],[-73.90990400036172,40.672991000037705],[-73.9092549999083,40.67294799989202],[-73.90841999968202,40.67331299981939],[-73.90787700043214,40.67356700023422],[-73.90746900000313,40.67376200014562],[-73.90695699981706,40.673984999953184],[-73.90629700039129,40.67426499988357],[-73.9060949998266,40.67435300012496],[-73.90597000015313,40.67440699972005],[-73.90596000010738,40.67447799986553],[-73.90590800022886,40.674861999706756],[-73.9051230002313,40.675003000168466],[-73.90481400043483,40.67510600025936],[-73.90481100006177,40.67520599975877],[-73.90463100013672,40.67521000033514],[-73.90445700005945,40.675232000094525],[-73.90382000019989,40.67537899994198],[-73.9034750004184,40.675507000221785],[-73.90344699993099,40.67539500016069],[-73.90296800025521,40.67343900031779],[-73.90266000028362,40.6721970002917],[-73.90228899966453,40.67093599975021],[-73.90198200041618,40.669670000117215],[-73.90166799969852,40.668412999785915],[-73.90126600001562,40.66688000020134],[-73.90085099991391,40.665345999836504],[-73.90041700044395,40.66380599977526],[-73.90071399964658,40.66373800011739],[-73.90145099996356,40.66365900030766],[-73.90105299958027,40.66212500013351],[-73.90066099994311,40.66058700002434],[-73.90025900026022,40.660619000060876],[-73.89988900036437,40.660640000182944],[-73.89965199963959,40.66073499980904],[-73.8992170003447,40.65911199967411],[-73.89884300025092,40.657555999744645],[-73.8988070002659,40.6574069999921],[-73.89886699964204,40.65739799969906],[-73.8990409997193,40.65737199990586],[-73.89996700018217,40.657285000157195],[-73.90030299974285,40.65726299992866],[-73.90057200025466,40.65709400006829],[-73.90126099999274,40.65645199991447],[-73.90231100030417,40.65579200006091],[-73.90317300029461,40.65530099987162],[-73.90414200041518,40.65514699967302],[-73.90505700010907,40.65501299988363],[-73.90691599980919,40.654731999766696],[-73.90785599961742,40.65458899983487],[-73.90781600033276,40.65443500003734],[-73.9087279996536,40.654292000150456],[-73.90968199970555,40.654142999923174],[-73.90972600008648,40.654313000219744],[-73.91060399997046,40.654186999704756],[-73.91067900031352,40.65417999989632],[-73.91232899977626,40.6541350003315],[-73.91352399985263,40.654161000023244],[-73.91374399996067,40.654169000293244],[-73.91530700028305,40.65422200009887],[-73.91659100004789,40.65427199985114],[-73.91757600006198,40.65431399999573],[-73.91775199978909,40.65421500029409],[-73.91783499962976,40.654161000023265],[-73.91898700004843,40.65421000004368],[-73.919331000005,40.6542109998212],[-73.9202669996153,40.654256000016275],[-73.92042899999703,40.65440100021113],[-73.92169600004341,40.65437199992478],[-73.92177600040934,40.65442399979478],[-73.92198800012146,40.65461400025965],[-73.92288899957167,40.65542099972685],[-73.92330500039655,40.65580200032423],[-73.92401400022612,40.655753999864366],[-73.92407699997533,40.65648399989009],[-73.92413300005182,40.656533999991645],[-73.92426299974817,40.65644000026041],[-73.92453200026,40.65625300014741],[-73.92475499984276,40.65667199977767],[-73.924636999842,40.656775999980894],[-73.92451499964325,40.65688099975952],[-73.92457800029075,40.65693799976481],[-73.9246539995604,40.65700699995711],[-73.925193000409,40.65748799984855],[-73.92540699977091,40.65767999989791],[-73.92624000034736,40.65841900013119],[-73.92641199987648,40.658587000330385],[-73.92720100007199,40.658536999723104],[-73.92724700010277,40.65922199973995],[-73.92786999971862,40.659207999816],[-73.92794800043471,40.65995800017219],[-73.92819299975879,40.66017699968867],[-73.92882299994564,40.66074500001285],[-73.92938700001025,40.66071500007833],[-73.93032000014581,40.6606559998497],[-73.93046200043602,40.66221700003499],[-73.93107699965596,40.662788999982595],[-73.93155600023007,40.66275599997476],[-73.93157899979629,40.66322999975862],[-73.93160700028368,40.66355699988865],[-73.9306850000188,40.66362000018589]]]]}},{"type":"Feature","properties":{"zip":"11213","income":26366},"geometry":{"type":"MultiPolygon","coordinates":[[[[-73.9478989998884,40.667921999825744],[-73.94781799969755,40.66878400008899],[-73.94774999992548,40.66950099966693],[-73.94773099965889,40.66970499988282],[-73.9477099997425,40.669919999889075],[-73.94764699999331,40.670596999855626],[-73.94764199997046,40.670663999802585],[-73.94756400015264,40.67148799996048],[-73.94747999958874,40.67237999992866],[-73.94739599992315,40.67327200022767],[-73.94731300008249,40.6741619998561],[-73.94723000024179,40.67505300001417],[-73.94714599967789,40.675943999846965],[-73.94710800004306,40.67634799991916],[-73.9470260000273,40.67634500021936],[-73.94705600016452,40.67600499976015],[-73.94661599994846,40.67598099999081],[-73.94657900013854,40.67632699997402],[-73.94464699974519,40.67620999996406],[-73.94467799970732,40.675810000277316],[-73.94457399995026,40.67580400014791],[-73.94437599958354,40.67579400015816],[-73.9441749997421,40.675783000031444],[-73.94416700024449,40.675874000034185],[-73.94392200002211,40.675861000333384],[-73.94390199993062,40.676096000141136],[-73.94191900038197,40.67597499987682],[-73.94188199967373,40.67634799991916],[-73.9417109999695,40.67634099971106],[-73.9417050001217,40.67643000006327],[-73.94153500024241,40.676421000293296],[-73.94146300027238,40.67719999980285],[-73.94138499955626,40.67791899970022],[-73.94137600023375,40.67800799998956],[-73.94136899966274,40.67809299975695],[-73.94127699960123,40.67918399999579],[-73.94124300016436,40.67954999992517],[-73.93867200026166,40.67940900022385],[-73.93862500040598,40.67979599982061],[-73.9384360002601,40.67978599974838],[-73.93739799964423,40.67973000027008],[-73.93756800042185,40.68058900029316],[-73.93562500015786,40.680813999866345],[-73.9355649998834,40.68041600000493],[-73.93550299995914,40.68004000002756],[-73.93451799994503,40.68015700012819],[-73.93452700016586,40.68011000023472],[-73.93456200032595,40.67999899980387],[-73.93462300042533,40.67987599966302],[-73.93470399971787,40.679759999826146],[-73.93479599977937,40.67965999966385],[-73.93487199994735,40.67959299990034],[-73.93435100043878,40.67956399966665],[-73.93289699989631,40.67948500021106],[-73.93132699990122,40.67936700021167],[-73.92905800012227,40.679277000291094],[-73.92981100033278,40.67854999998263],[-73.92992599996052,40.6784339998821],[-73.93003399991554,40.678304000257874],[-73.93012599997707,40.67816500016438],[-73.93019899977197,40.678025999781035],[-73.93025999987134,40.67786799985591],[-73.93030099987924,40.67770599981125],[-73.93032199979564,40.677544000054176],[-73.93032199979564,40.677484999725316],[-73.93032099997072,40.6773920003363],[-73.93031799959768,40.6773509998466],[-73.93032099997072,40.67731700011921],[-73.930382999895,40.676596999737434],[-73.9300809997712,40.676579999683675],[-73.92998700005988,40.67657400030485],[-73.93007300027361,40.675795999747464],[-73.93020999964263,40.67580400014791],[-73.93045700041316,40.67581799999478],[-73.9305300002081,40.67503900000668],[-73.9287569998234,40.67494099987174],[-73.92776099993866,40.67488700002781],[-73.9272570001485,40.67486000008947],[-73.92628300000507,40.67480700033009],[-73.9258570000327,40.67478400028],[-73.92539500007534,40.67475899992031],[-73.92499599986718,40.67473599985366],[-73.9250820000809,40.67384400006379],[-73.92512200026387,40.67339900029349],[-73.92516099972363,40.67295400027847],[-73.92524500028753,40.672061999813174],[-73.92532800012819,40.671169000155615],[-73.9254129996187,40.67027900009435],[-73.92493700031595,40.670252000334],[-73.9250129995856,40.669409000273816],[-73.92549100033482,40.66943500014479],[-73.92557300035058,40.66871499981419],[-73.92559799956662,40.668495999713336],[-73.9255390000154,40.66849299966033],[-73.92536999996099,40.668285000196015],[-73.9251299997615,40.667988000163895],[-73.92491499967632,40.66772000011922],[-73.92477199956119,40.66748699992724],[-73.92456200039722,40.66683599993348],[-73.92438900014487,40.66638500011362],[-73.92444900041932,40.666361000288504],[-73.92546299984741,40.66591600032037],[-73.92592200033005,40.66571500027546],[-73.92638000008944,40.66551499991423],[-73.92739400041584,40.665074999870285],[-73.92771200043317,40.664934999836014],[-73.92822799991889,40.664709999822364],[-73.92854400028638,40.66457400023647],[-73.9290520002745,40.66435100030027],[-73.92916799972713,40.66429899999106],[-73.92940299990379,40.66419899980647],[-73.92987400008197,40.663990000265414],[-73.9306850000188,40.66362000018589],[-73.93160700028368,40.66355699988865],[-73.9343749998299,40.663373000248235],[-73.93455300010513,40.6633620001166],[-73.93726399974993,40.663191999710385],[-73.93721100004649,40.663468999709174],[-73.93948900004625,40.66346800007046],[-73.93944200019058,40.66387700030599],[-73.93992599988924,40.66390399992176],[-73.93997799976779,40.66345300003576],[-73.94216399970604,40.66350200004562],[-73.94225800031568,40.663809000039116],[-73.94262800021153,40.664051000212176],[-73.94269599998361,40.66405500009507],[-73.94261300014291,40.66494700000622],[-73.94252799975409,40.665837999968055],[-73.94280499976354,40.665853000147735],[-73.9427670001287,40.66628599992772],[-73.94525600001566,40.66644400004438],[-73.9453010002215,40.66598800025013],[-73.94556399998724,40.66600200011389],[-73.94568399963782,40.6660079997626],[-73.94565500022384,40.66647999973394],[-73.94753499984033,40.66655900029066],[-73.94802500028509,40.66657499990038],[-73.94798400027722,40.6670309997693],[-73.9478989998884,40.667921999825744]]]]}},{"type":"Feature","properties":{"zip":"11214","income":33765},"geometry":{"type":"MultiPolygon","coordinates":[[[[-74.01447600044045,40.602492000245746],[-74.014520999748,40.60281300004544],[-74.01398000014791,40.60342800027644],[-74.01391099965262,40.603504000204865],[-74.01417500014159,40.603988999687374],[-74.01266500042095,40.60536699992992],[-74.01276800035309,40.60542100011624],[-74.01142699978854,40.60670899986274],[-74.01102400028071,40.6065059998677],[-74.01097300022711,40.60655599989682],[-74.01082300043927,40.60670100004256],[-74.0106910001948,40.60682700016775],[-74.01051899976736,40.606991999875014],[-74.01090399973182,40.607240000276576],[-74.00976800010498,40.60832199979246],[-74.00938099959238,40.60808499969309],[-74.00928400040631,40.60817900000576],[-74.00907799964368,40.60837799988307],[-74.00939700038424,40.608570000032394],[-74.0090159997194,40.608975999824516],[-74.00854600026442,40.60968999968403],[-74.0084809999671,40.609654999808505],[-74.00835100027076,40.60979799984668],[-74.00807799956097,40.60964399968802],[-74.00783499988673,40.60991399995327],[-74.00761899997666,40.60978000005903],[-74.00753500031107,40.60986099974736],[-74.00731100000507,40.61007700002736],[-74.00668300036637,40.61068100029966],[-74.00601399982146,40.611325000325486],[-74.00552099990195,40.611798000157684],[-74.00494199976873,40.61235599970191],[-74.00435900033587,40.612916999866044],[-74.00411999996126,40.61314499975356],[-74.00448800020729,40.61338500012263],[-74.00417500021285,40.61371500016014],[-74.0036029997523,40.614281000339204],[-74.00351300023894,40.61422699981091],[-74.00295099982417,40.61479800021982],[-74.00261400043858,40.61459399987688],[-74.0020310001074,40.615153000300985],[-74.00144899960111,40.61571099978538],[-74.00082400033547,40.616313999928096],[-73.99994399990334,40.61578199966417],[-73.99837399990824,40.61483199976181],[-73.9981870003105,40.61471899975313],[-73.99798999976869,40.61460000005631],[-73.99834100029626,40.614275999824876],[-73.99665900014818,40.6132850000168],[-73.9963789997657,40.6136269997185],[-73.9959829999306,40.613387999925735],[-73.99603499980911,40.61333600013719],[-73.99630900034381,40.6130649996663],[-73.99429800030775,40.61185600020511],[-73.99242299981582,40.61071400014373],[-73.99211099964629,40.61105199971591],[-73.99198500014789,40.61097699993018],[-73.9917669996897,40.61084600003887],[-73.99154300028201,40.61070999979152],[-73.9916179997268,40.61020700030766],[-73.98989399974589,40.6091980002198],[-73.98797499977132,40.60807499978269],[-73.98753700010342,40.60819499997322],[-73.98744900023986,40.60805899978644],[-73.98796499972559,40.607566000113984],[-73.9884230003833,40.607118999934364],[-73.98813999962776,40.607149000090374],[-73.98804099989358,40.606598999864666],[-73.9876760000206,40.60664400010277],[-73.98765199973114,40.606516999822766],[-73.98712600019968,40.60656800033477],[-73.98702400009243,40.60603099977131],[-73.98684699964211,40.60509699970813],[-73.987480000202,40.604539000249105],[-73.98664400015082,40.60404400015181],[-73.98645699965478,40.60301300007604],[-73.98638499968474,40.60264099981329],[-73.98630299966898,40.60222899980491],[-73.98605900016982,40.60095799989252],[-73.98594199999395,40.60032100022771],[-73.98587800041986,40.59995799984292],[-73.98574700000029,40.5993130001755],[-73.9856700000074,40.598909000188804],[-73.98549099990726,40.597930000252816],[-73.98548099986152,40.59787600015335],[-73.98526599977636,40.596744000178866],[-73.98520100037734,40.59639800017622],[-73.98506099973694,40.59567099987848],[-73.9850149997062,40.59541299976567],[-73.98601899998684,40.594445999679515],[-73.98467800032061,40.59365899988158],[-73.98463999978746,40.59355200024684],[-73.98462399989394,40.593474999912864],[-73.98452799963447,40.59298599981488],[-73.98443300009822,40.592496000214005],[-73.98425700037112,40.591568000184516],[-73.98420399976936,40.591165999860955],[-73.98409400016452,40.590567000154195],[-73.98401399979856,40.59015299998046],[-73.98390099982068,40.58957299990827],[-73.98380299991138,40.58904199967719],[-73.98372300044376,40.5886190002799],[-73.98346900000054,40.58726400019168],[-73.98337399956598,40.586770999960066],[-73.98326800015909,40.586190999890626],[-73.98323299999898,40.586009000071705],[-73.98376299972841,40.58594700032018],[-73.98354099997054,40.584749000284845],[-73.98300399967013,40.5848090001957],[-73.9828120000495,40.583792000298075],[-73.98180199992105,40.583593000226465],[-73.98175400024049,40.58358400021609],[-73.98083899964827,40.58331400002393],[-73.98059199977607,40.58317300027117],[-73.98027399975875,40.58313300004042],[-73.98033999988098,40.58297799968788],[-73.9803900001097,40.582867000046555],[-73.98109200026657,40.58149300000312],[-73.98116900025948,40.581528000296935],[-73.98130700035172,40.581629000340406],[-73.98142000032963,40.58169100000109],[-73.98144500044398,40.58180399990604],[-73.98140799973577,40.58194300014318],[-73.98151300021605,40.58202999982562],[-73.98170700038482,40.58223799996431],[-73.98192400011979,40.5823289999495],[-73.9822200003958,40.58245800012879],[-73.98244999965124,40.582576999745626],[-73.98250200042811,40.58268299971911],[-73.98263499959917,40.58285600029334],[-73.98276500019385,40.582998999673016],[-73.98289099969222,40.5830030003192],[-73.98294799959363,40.58303600018313],[-73.98306800014254,40.58312100017124],[-73.9832630001362,40.58320700020974],[-73.98344999973396,40.583220999697794],[-73.98365899997133,40.58319300003645],[-73.9836990001543,40.5832519998209],[-73.98384200026943,40.583333000272745],[-73.98393900035383,40.58323499986521],[-73.98408300029386,40.5831430002709],[-73.98426300021892,40.583011999725514],[-73.98447699958083,40.58283400009925],[-73.98476199998619,40.582560999786516],[-73.98491000012423,40.58241299998345],[-73.98511199979058,40.58225299982794],[-73.98537000043174,40.58210600020054],[-73.98563499984729,40.58189899982945],[-73.98585199958228,40.5818639997297],[-73.9859589997124,40.581783999725495],[-73.98615000040644,40.58165699997416],[-73.98631199988982,40.58158199995413],[-73.98634799987482,40.58153999976969],[-73.98644099976124,40.58145199994752],[-73.98661900003647,40.58135999994767],[-73.98682400007588,40.5812520002313],[-73.98693899970363,40.58117099998845],[-73.98707099994809,40.58104700032794],[-73.98712600019968,40.58093099993128],[-73.98720499984239,40.580841999796405],[-73.98729400042917,40.58070899981108],[-73.98734100028483,40.58056699982729],[-73.98742099975246,40.580388999835016],[-73.98748199985184,40.580232999743664],[-73.98753999957813,40.580085999770766],[-73.98761300027141,40.579983999919996],[-73.98768600006633,40.579896000097705],[-73.98776300005922,40.57979900032223],[-73.98782300033369,40.57982599983073],[-73.98786199979342,40.57979200022043],[-73.98793100028873,40.579730000164226],[-73.98799599968773,40.57964600017247],[-73.98823699971214,40.57970400014557],[-73.98885600002835,40.579992000208236],[-73.98909700005277,40.580205000196095],[-73.9893599998185,40.58023800007587],[-73.9895349997207,40.58041699998788],[-73.98956800023097,40.58043500017738],[-73.98975800020176,40.580498999978126],[-73.99000599989888,40.58067600016361],[-73.98985799976089,40.580809999726604],[-73.98954499976644,40.58193299973328],[-73.98874899989823,40.58281999984789],[-73.988358000086,40.5834749998427],[-73.98852299994242,40.58387999977067],[-73.98878099968529,40.58436300011711],[-73.98914999975622,40.584669999774356],[-73.99003500021121,40.585210999847405],[-73.99087700011016,40.58584800021269],[-73.99175699964395,40.58672800019933],[-73.99222299979927,40.58745400008421],[-73.99252300027324,40.58798399987583],[-73.99825199970951,40.585311999787365],[-73.99826799960303,40.58534700012952],[-73.99841800028918,40.585462999690115],[-73.99881900014718,40.585504000016016],[-73.9991940000659,40.58552600001411],[-73.99945299963366,40.585567000301396],[-73.99961400019046,40.585814000252206],[-73.99968199996252,40.586091000028915],[-73.99954999971804,40.58630300026764],[-73.99938999988446,40.58640600014428],[-73.99919900008875,40.586431000176525],[-73.9988149999492,40.58650799975324],[-73.99826099993032,40.58654400026026],[-73.99829299971738,40.586635999951966],[-73.9984550000991,40.58667500002779],[-73.99852799989404,40.586886999779686],[-73.99828400039488,40.58673199994026],[-73.99811399961725,40.58677699990864],[-73.99779999979789,40.58691600004427],[-73.99758700026086,40.58697000012704],[-73.99757700021513,40.58684799982752],[-73.99733799984052,40.586966999820355],[-73.99694700002829,40.587131000013876],[-73.99672699992026,40.58721299995987],[-73.99643400001729,40.58735299996799],[-73.99572000016485,40.587682000197844],[-73.99504999979503,40.58798800022378],[-73.9943650002549,40.588287999719356],[-73.99417299973597,40.58842399988414],[-73.99430400015554,40.588444000125826],[-73.994829999687,40.58822199970023],[-73.99525900003242,40.588000999988814],[-73.99579799998264,40.58774000002497],[-73.9962440000465,40.587552999861025],[-73.9965050001624,40.58743400022865],[-73.99739800011498,40.58704400014436],[-73.9974419995976,40.58710999996164],[-73.99571299959383,40.58791499997472],[-73.99410199959087,40.58867200027522],[-73.99420799989606,40.588866999947825],[-73.99498700004584,40.58850699968829],[-73.99517700001662,40.588469000078426],[-73.99522700024536,40.58861700012476],[-73.99512799961283,40.5887060001471],[-73.99490800040313,40.58879099975124],[-73.995378999683,40.58938900029274],[-73.9956049996388,40.58923199997577],[-73.99595100014355,40.58911099977983],[-73.9963920001845,40.588863000334584],[-73.99668500008747,40.58872999992589],[-73.99731399955108,40.58838899978792],[-73.99786799956996,40.58807199997264],[-73.99823499999108,40.58789599966319],[-73.99897499978277,40.587552999861025],[-73.99963699975669,40.58723299988149],[-74.00019300032369,40.586957000161576],[-74.00016800020934,40.586638000166296],[-74.00009700006422,40.586610999996324],[-74.00018199955471,40.58649300016159],[-74.00029799990567,40.58643200028677],[-74.0004479996935,40.5865449996866],[-74.0004259999522,40.58669199979132],[-74.00042099992932,40.58691000010816],[-74.00049700009731,40.58697600005773],[-74.00050799996797,40.58704199994214],[-74.00041599990645,40.587135999830444],[-73.99954300004536,40.58756200001953],[-73.99933200015816,40.58767099987214],[-73.99870000032148,40.58795000031901],[-73.99813000040908,40.58824400016859],[-73.9976390001394,40.588463000281656],[-73.99766699972851,40.588522000192576],[-73.99802499992879,40.588412000282005],[-73.99803099977656,40.58846599983902],[-73.99866099996342,40.589198999758004],[-73.9989759996077,40.58901100019122],[-73.99927100005878,40.58896599967944],[-73.9993349996329,40.589096000089796],[-73.99939200043261,40.58916099985917],[-73.9994190001968,40.589258999769754],[-73.99846599996975,40.58965999989868],[-73.99855600038144,40.589767000304114],[-73.99850199995477,40.58982799986572],[-73.99862900017636,40.58992500010522],[-73.99878900000995,40.59029600013087],[-73.99871299984196,40.5903399996958],[-73.99862599980332,40.590259000226254],[-73.99850600015273,40.59025099980164],[-73.99834499959591,40.59034199979937],[-73.99823300034124,40.59042199980002],[-73.99813700008178,40.59054899996267],[-73.99806400028685,40.590720999927285],[-73.99798899994377,40.59086200013939],[-73.99792100017173,40.59089000000098],[-73.99781099966854,40.59093900007167],[-73.99774600026953,40.59097000002826],[-73.99756999964413,40.59105600020654],[-73.99736999962758,40.59117300013672],[-73.9971110000598,40.59127800009213],[-73.99710000018915,40.59140199988569],[-73.99723200043366,40.59161999985642],[-73.99734399968831,40.59171300010016],[-73.99750799971984,40.59189500008552],[-73.997574999667,40.59190799977317],[-73.99781700041464,40.59180900030406],[-73.99798100044617,40.59171700022505],[-73.99832799987749,40.5915890002012],[-73.99872500043584,40.591411000208325],[-73.99900300027019,40.59123299974163],[-73.99923300042396,40.5911319998755],[-73.99960400014471,40.5911040001152],[-73.99974800008476,40.59112500027758],[-73.99982000005477,40.591137000075044],[-73.99996900001769,40.59117600025469],[-74.00014200027006,40.59128599971168],[-74.00020800039232,40.59135800033734],[-74.00021599988992,40.59150300002617],[-74.00015499979055,40.59161300030958],[-73.99995300012418,40.59178300020558],[-73.99915100040818,40.59228699989327],[-73.9989759996077,40.59240199967405],[-73.9989840000036,40.59247399978019],[-73.99909500033169,40.592455000081834],[-73.99919999991367,40.592497000233564],[-73.99940900015105,40.592708999947156],[-73.99949100016681,40.592851000074425],[-73.99948100012108,40.592969000287],[-73.99927299970861,40.593137000126326],[-73.99897499978277,40.593314000292246],[-73.99859400001627,40.59355500025808],[-74.00094999983384,40.592513999881454],[-74.00110499964454,40.59251899997772],[-74.00203899960499,40.59406000022801],[-74.00265899974612,40.59499399967137],[-74.00313900014513,40.59556100013195],[-74.00381000033987,40.59611800022355],[-74.0041159997633,40.5964729999523],[-74.00512400024192,40.597210999836676],[-74.0056010002679,40.597546000340934],[-74.00782200036626,40.59888599989492],[-74.00924000002539,40.59982199994653],[-74.0102400001081,40.60038500009682],[-74.01099099977046,40.60075699995567],[-74.01153700029171,40.60100700008748],[-74.01228899977899,40.60132700031061],[-74.01477500019122,40.602013999954316],[-74.01445499962576,40.60233599987573],[-74.01447600044045,40.602492000245746]]]]}},{"type":"Feature","properties":{"zip":"11215","income":53313},"geometry":{"type":"MultiPolygon","coordinates":[[[[-74.00041300043172,40.654629000237485],[-73.99983699977322,40.6551859999782],[-73.99925599999017,40.65574500002984],[-73.99867100000917,40.65630700008805],[-73.99809100005103,40.65686499986882],[-73.99750100004715,40.65742900017313],[-73.99691799971596,40.6579899999542],[-73.996336000108,40.65854700025645],[-73.99575199995189,40.65910800017631],[-73.9951689996207,40.659669000148554],[-73.99458799983766,40.66022800011695],[-73.99400399968155,40.66078999988934],[-73.9934200004238,40.661349000003895],[-73.9936460003796,40.66148500003275],[-73.99307100044432,40.66204999977917],[-73.99283799991751,40.66190899986609],[-73.99225499958632,40.662468999796786],[-73.99167299997838,40.66302800015048],[-73.99200900043733,40.66323100008241],[-73.99227999970068,40.66294500023199],[-73.99422299996468,40.6641149996719],[-73.99393400025969,40.66439399985709],[-73.99418000030698,40.664542000053125],[-73.99435400038425,40.664446000092326],[-73.99451400021782,40.66427199985375],[-73.99607900019006,40.66524799976459],[-73.99602700031153,40.665296999818544],[-73.99579499960961,40.665516000203695],[-73.99521899984943,40.666075999831605],[-73.99501399981001,40.666370000053575],[-73.99497399962704,40.66647799986526],[-73.99494500021305,40.666576000173926],[-73.99491199970277,40.666666000205446],[-73.99488999996144,40.666726000158896],[-73.99484499975561,40.666804999742844],[-73.99489800035738,40.66686599984052],[-73.99508800032818,40.66708799995957],[-73.99590099991481,40.66796799988251],[-73.99603300015929,40.66805999990084],[-73.9963069997957,40.668610999828],[-73.99652799972861,40.668893999875834],[-73.99667199966868,40.66873900015487],[-73.99701399997544,40.66931200027268],[-73.9972659998705,40.66972299987188],[-73.9976240000708,40.6702739996853],[-73.99845699974892,40.671568000233954],[-73.99861900013063,40.67182999999762],[-73.99859400001627,40.671864999992145],[-73.99855100035856,40.671926000230656],[-73.99748000013078,40.673162000168304],[-73.99697499961736,40.67370900019471],[-73.99691699989104,40.67377299992447],[-73.99663999988161,40.67413400014524],[-73.99662300016317,40.67415799989814],[-73.99601399989271,40.67499400020595],[-73.99557799987461,40.67513699999755],[-73.99527499992593,40.675778000035216],[-73.99397799974231,40.676170999688026],[-73.99256599993096,40.67610600008558],[-73.9908019997671,40.675783000031444],[-73.99042600002345,40.676249000217304],[-73.9899139998374,40.676849999785034],[-73.98943500016158,40.67745900026811],[-73.98938800030592,40.678284999762305],[-73.9889730002042,40.67885000024612],[-73.98855999975234,40.67955899995395],[-73.98820300027528,40.679418999671334],[-73.98785699977056,40.68003300020713],[-73.9877270000742,40.67998899976219],[-73.98696100034323,40.679743999973766],[-73.98724199965231,40.67932700033768],[-73.98739300016337,40.67910400000417],[-73.98704599983375,40.67896999997346],[-73.98683800031961,40.6792889999242],[-73.98592799975026,40.678934000214205],[-73.98613199996475,40.67861600002016],[-73.98542899998299,40.67834400006447],[-73.98527099979923,40.6785750002832],[-73.98499799998775,40.67897699990545],[-73.98261100020805,40.67805100027819],[-73.98281700007239,40.67774700008265],[-73.98055699961597,40.676853000143346],[-73.98077300042435,40.67653299999332],[-73.98065500042357,40.67648799983843],[-73.9804600004299,40.67641299996688],[-73.98032200033764,40.676358999952626],[-73.98013999986443,40.67628799976642],[-73.97991399990863,40.67661100009906],[-73.97811999960754,40.67591100021692],[-73.97821900024006,40.67572699991559],[-73.97786699988757,40.67557500014271],[-73.97795999977397,40.67543800009081],[-73.97705599995074,40.67508600006898],[-73.97684400023864,40.67541400011743],[-73.9755539997277,40.674907000277955],[-73.9757500004446,40.67457700015333],[-73.97546699968908,40.674467000202995],[-73.97537999965043,40.67459100025785],[-73.97535100023643,40.674631999719765],[-73.9750239999983,40.674512999832665],[-73.97492400043917,40.674663999830635],[-73.97312900031316,40.673984999953184],[-73.97333799965222,40.67363699974395],[-73.97312799958993,40.67355500025249],[-73.9729550002359,40.67348799980384],[-73.97267300020359,40.673379000272355],[-73.97251599984476,40.67331900017295],[-73.97233400026987,40.67360899981263],[-73.9715180003102,40.67329299977238],[-73.97136900034728,40.673452999979915],[-73.9712449996004,40.67320400000179],[-73.97113800036858,40.67300800032531],[-73.97101299979681,40.6728840000517],[-73.97085899981101,40.67273000024796],[-73.97040900044753,40.67261700010822],[-73.97085499961307,40.671864999992145],[-73.97132499996634,40.671247999926955],[-73.97181600023602,40.67063000007182],[-73.97231699965312,40.67002900030569],[-73.97281999961837,40.66942699966145],[-73.97332299958362,40.66882499971491],[-73.97382600044718,40.66822299978468],[-73.97433100006224,40.667620999871026],[-73.97483400002747,40.66702200009343],[-73.97533699999273,40.6664189999646],[-73.97583099973714,40.66581500023112],[-73.97633399970238,40.665213999998045],[-73.97684599988845,40.664607000026194],[-73.97734300000592,40.66401200031968],[-73.97784299959811,40.663402000028995],[-73.9783489999364,40.66279899987845],[-73.97885399955146,40.662201999719],[-73.97934999984403,40.66159399992584],[-73.97965399961764,40.6612410000641],[-73.97972700031089,40.66126600004049],[-73.97980900032665,40.661278999860926],[-73.97990800006086,40.66127699983631],[-73.9799819996807,40.661262999662206],[-73.98005100017599,40.66123799968468],[-73.98012700034398,40.661195000137575],[-73.98017099982658,40.661155000264536],[-73.98020500016176,40.661109000278714],[-73.98022799972799,40.66104700001059],[-73.98023000027617,40.66098800007564],[-73.98021299965939,40.66092900008847],[-73.9801790002225,40.66087499980039],[-73.98013200036684,40.66083099965953],[-73.98008100031323,40.66080099976371],[-73.98006100022172,40.66079100024972],[-73.98004299978008,40.66077900001322],[-73.9799880004268,40.66075199981394],[-73.97990700023594,40.660730999727065],[-73.97982699987001,40.66072800000616],[-73.9797709997935,40.66073499980904],[-73.97969799999856,40.660757999934845],[-73.97963000022652,40.66079800004595],[-73.97957800034797,40.660853000074304],[-73.97751100023541,40.65986300012099],[-73.97515700006765,40.65872299985728],[-73.97565199963698,40.65811600010169],[-73.97530299965754,40.657948999800766],[-73.97554100020723,40.65763799982786],[-73.97590500025532,40.65781200033538],[-73.97615399977732,40.65751400027802],[-73.97665699974257,40.65691100005531],[-73.97657599955174,40.65687100033936],[-73.9762850001969,40.6567299997013],[-73.97705000010295,40.65585599994847],[-73.97730799984583,40.65615000024037],[-73.97759900009896,40.65586900014168],[-73.97810500043724,40.65612900006775],[-73.9797699999686,40.65722900018068],[-73.98007000044257,40.656939999919494],[-73.98065299987545,40.65638100033967],[-73.98083799982336,40.65621500021347],[-73.98094099975555,40.65609799967108],[-73.98122199996293,40.65583499968337],[-73.98179600007327,40.6552460000362],[-73.98160699992738,40.65423599970612],[-73.9814529999416,40.653416000230415],[-73.98129700030599,40.65263700025389],[-73.98110999980992,40.65159200024768],[-73.98071200032498,40.64952400027126],[-73.98036400017044,40.647694000292084],[-73.98029100037549,40.64729700028481],[-73.98132800026812,40.64718200022784],[-73.9818050002941,40.64712799971785],[-73.98230999990916,40.64692700031332],[-73.9830730001654,40.64662499978509],[-73.98528400021803,40.645768000310206],[-73.98834999969006,40.64456200021744],[-73.98905900041794,40.64411899986972],[-73.99180799969757,40.64578400013557],[-73.99398500031332,40.64710100012804],[-73.99608800041088,40.648307000006405],[-73.99827599999895,40.64973399999762],[-73.99781800023956,40.65028199981903],[-74.0021440000853,40.65295600010157],[-74.00099500003967,40.654066999674576],[-74.00041300043172,40.654629000237485]]]]}},{"type":"Feature","properties":{"zip":"11216","income":25135},"geometry":{"type":"MultiPolygon","coordinates":[[[[-73.95765699996778,40.67153599999977],[-73.9573120001863,40.67146399992788],[-73.95722000012479,40.67144500020818],[-73.95690499958222,40.67232399967981],[-73.9570169997352,40.67234800008423],[-73.9573389999505,40.67241400012979],[-73.95724400041424,40.67267400029308],[-73.95684600003098,40.67258400019404],[-73.95664799966426,40.673218999887254],[-73.95702099993315,40.67329399994521],[-73.95670299991585,40.67417099993101],[-73.95638599972344,40.67505000025615],[-73.95606900042935,40.67592799975999],[-73.9557489998639,40.676807000084345],[-73.9554750002275,40.677576000129946],[-73.95519499984503,40.67834299996742],[-73.95518300014946,40.6784339998821],[-73.95482900014714,40.678473000196846],[-73.95493399972912,40.6790520002988],[-73.95528000023384,40.679131000267525],[-73.95529500030244,40.67920499972218],[-73.95530899964784,40.67927299995876],[-73.95480099965974,40.67917000017449],[-73.9549110001629,40.67974800027783],[-73.95538599964074,40.67969300016318],[-73.95539700040972,40.679754000052235],[-73.95543699969436,40.679958000236326],[-73.95548600009816,40.68019500004687],[-73.95566600002321,40.68113700006951],[-73.95581900018409,40.68186900031565],[-73.95596599959886,40.68259899995019],[-73.95611200008706,40.683332999853235],[-73.95574399984102,40.68337500009137],[-73.95567600006898,40.68338200024204],[-73.95581199961309,40.68411599969687],[-73.95598999988835,40.68409600016593],[-73.95625699985202,40.68406599983649],[-73.9564030003402,40.68479899993285],[-73.95654999975497,40.68553000016365],[-73.95669899971789,40.686262999826184],[-73.9568410000081,40.68699600028212],[-73.95698699959797,40.687729000168794],[-73.95676800021317,40.68775399975144],[-73.95683400033543,40.68805699999575],[-73.95656399999866,40.68809600012941],[-73.95665000021242,40.68851799980204],[-73.9567270002053,40.688509000301785],[-73.95678999995451,40.68887200029752],[-73.95552100025826,40.68901500028957],[-73.95545000011317,40.68865600016116],[-73.95515499966206,40.68869000023536],[-73.954974999737,40.68871099969152],[-73.95481800027649,40.68872899999861],[-73.95472600021498,40.689105999938974],[-73.95157299980598,40.68949099991012],[-73.95144399993455,40.68976399994124],[-73.95146400002604,40.689863999929734],[-73.95161200016405,40.69059700028406],[-73.95175699992899,40.69133000006766],[-73.95180999963245,40.69159899978333],[-73.94997199984874,40.69189700010455],[-73.94851499983154,40.69190499993477],[-73.94854099977081,40.69203799995202],[-73.94571499959997,40.692403000248504],[-73.94565900042178,40.69211899997585],[-73.94564199980503,40.69203299981279],[-73.94549600021517,40.69130000027008],[-73.94534899990208,40.69056700015648],[-73.94519800028934,40.68983999970095],[-73.94505599999911,40.68910200019652],[-73.94491100023416,40.68836999969172],[-73.94476499974598,40.68763700004374],[-73.94462199963084,40.68690399982635],[-73.94447500021606,40.68617199970046],[-73.94432799990297,40.68543899971821],[-73.94418399996295,40.6847059998486],[-73.94403599982492,40.68397300009184],[-73.94396200020508,40.68360099981545],[-73.94260200027226,40.683754999712974],[-73.94140899984572,40.683794000320596],[-73.94107599975978,40.68366000018094],[-73.94112900036154,40.68392700017746],[-73.93853099979633,40.68423200012764],[-73.9384150003437,40.68387100009082],[-73.93822299982477,40.68389399973068],[-73.9380770002349,40.68316099989946],[-73.93793300029483,40.68242700014594],[-73.93778799963157,40.681693999849806],[-73.93752099966788,40.68172399988448],[-73.93743600017739,40.68136399994015],[-73.93750999979723,40.68135300005127],[-73.9374500004211,40.68098400031178],[-73.9376420000417,40.68096299978335],[-73.93756800042185,40.68058900029316],[-73.93739799964423,40.67973000027008],[-73.9384360002601,40.67978599974838],[-73.93862500040598,40.67979599982061],[-73.93867200026166,40.67940900022385],[-73.94124300016436,40.67954999992517],[-73.94127699960123,40.67918399999579],[-73.94136899966274,40.67809299975695],[-73.94137600023375,40.67800799998956],[-73.94138499955626,40.67791899970022],[-73.94146300027238,40.67719999980285],[-73.94153500024241,40.676421000293296],[-73.9417050001217,40.67643000006327],[-73.9417109999695,40.67634099971106],[-73.94188199967373,40.67634799991916],[-73.94191900038197,40.67597499987682],[-73.94390199993062,40.676096000141136],[-73.94392200002211,40.675861000333384],[-73.94416700024449,40.675874000034185],[-73.9441749997421,40.675783000031444],[-73.94437599958354,40.67579400015816],[-73.94457399995026,40.67580400014791],[-73.94467799970732,40.675810000277316],[-73.94464699974519,40.67620999996406],[-73.94657900013854,40.67632699997402],[-73.94661599994846,40.67598099999081],[-73.94705600016452,40.67600499976015],[-73.9470260000273,40.67634500021936],[-73.94710800004306,40.67634799991916],[-73.94714599967789,40.675943999846965],[-73.94723000024179,40.67505300001417],[-73.94731300008249,40.6741619998561],[-73.94739599992315,40.67327200022767],[-73.94747999958874,40.67237999992866],[-73.94756400015264,40.67148799996048],[-73.94764199997046,40.670663999802585],[-73.94764699999331,40.670596999855626],[-73.9477099997425,40.669919999889075],[-73.94773099965889,40.66970499988282],[-73.95050199957818,40.6698559998678],[-73.95327000002268,40.670007000192214],[-73.95526900036319,40.67012499972487],[-73.95797400016019,40.6706569996791],[-73.9578970001673,40.67087000028569],[-73.95765699996778,40.67153599999977]]]]}},{"type":"Feature","properties":{"zip":"11217","income":49567},"geometry":{"type":"MultiPolygon","coordinates":[[[[-73.98999199965519,40.6833190002221],[-73.989852999738,40.68352099967521],[-73.98955599963708,40.68395599987543],[-73.98912899983982,40.68459000024282],[-73.98871200008831,40.68522400002883],[-73.98828899959068,40.68586899974109],[-73.98785900031869,40.686504000277424],[-73.98832600029894,40.68668900009475],[-73.98839900009386,40.68671799995326],[-73.98794700018223,40.68733999970612],[-73.98742900014838,40.68713800024767],[-73.98699999980299,40.687773000272585],[-73.98656799998285,40.68840799969615],[-73.98641499982197,40.68863200017845],[-73.98635200007278,40.68872400029218],[-73.9841770000052,40.687893000284085],[-73.9839879998593,40.6881750002779],[-73.98312400021904,40.68783800007857],[-73.98181699998968,40.68733000008454],[-73.98140000023815,40.687944999904076],[-73.98265399986576,40.68843500027771],[-73.98232300032795,40.688879999809814],[-73.9820089996103,40.689321999979065],[-73.98106799997713,40.68894499989836],[-73.9808699996104,40.6888659999815],[-73.98025799986522,40.68863799983436],[-73.97928600026992,40.68825400033274],[-73.9795099996776,40.68986300000555],[-73.97862400029602,40.68983099969807],[-73.97793899985757,40.689806000213494],[-73.97709799978354,40.689772999953156],[-73.97610199989879,40.68973699989817],[-73.97510600001405,40.68969800004368],[-73.9741090003044,40.68966299987544],[-73.97326400003239,40.68962699976104],[-73.97312599994011,40.689622000121986],[-73.97309199960496,40.68945199991165],[-73.97306999986363,40.689343999849264],[-73.97356600015617,40.689292999891386],[-73.97322100037468,40.687654000002375],[-73.97274799964835,40.68772700025629],[-73.9727379996026,40.68767199991377],[-73.9726870004473,40.68741500022592],[-73.97267300020359,40.68734500019751],[-73.97262100032505,40.68708400006616],[-73.97309800035103,40.68702899987416],[-73.97293500014442,40.68615400006507],[-73.9734129999953,40.68608899997896],[-73.97337399963723,40.68588500016681],[-73.97311900026743,40.68578099971507],[-73.97284800010577,40.68567499980816],[-73.97261299992913,40.68451499994981],[-73.97211300033693,40.68456900016926],[-73.97206700030618,40.68431800014049],[-73.97205700026045,40.6842609996929],[-73.97254299960895,40.684201999859425],[-73.97237500027775,40.683325999697445],[-73.97232400022413,40.68276799989986],[-73.97174199971785,40.68264600013241],[-73.97064000042622,40.68241399967931],[-73.97085200013832,40.6816199997521],[-73.97111900010202,40.68084999997279],[-73.97139399956332,40.68008299968663],[-73.9717099999308,40.679205999806314],[-73.9720270001232,40.678327999872195],[-73.97233799956952,40.67839300003325],[-73.97254500015706,40.67783599992037],[-73.97247099963892,40.677715000089044],[-73.9727650002651,40.677591999821416],[-73.9727159998613,40.67752299980457],[-73.97244499969965,40.67716200022072],[-73.97190400009958,40.67641299996688],[-73.97142299987564,40.67575500032006],[-73.97104999960672,40.67523700013175],[-73.97116900033072,40.67507300021449],[-73.97126300004206,40.67491600025224],[-73.97134500005781,40.67474700015309],[-73.97140899963193,40.67457300022025],[-73.97142899972341,40.67450200017594],[-73.97146100040878,40.674332000232766],[-73.97147599957908,40.674169000292935],[-73.9714770003023,40.67398799975915],[-73.9714560003859,40.673800999786955],[-73.97143999959407,40.67370500020953],[-73.97136900034728,40.673452999979915],[-73.9715180003102,40.67329299977238],[-73.97233400026987,40.67360899981263],[-73.97251599984476,40.67331900017295],[-73.97267300020359,40.673379000272355],[-73.9729550002359,40.67348799980384],[-73.97312799958993,40.67355500025249],[-73.97333799965222,40.67363699974395],[-73.97312900031316,40.673984999953184],[-73.97492400043917,40.674663999830635],[-73.9750239999983,40.674512999832665],[-73.97535100023643,40.674631999719765],[-73.97537999965043,40.67459100025785],[-73.97546699968908,40.674467000202995],[-73.9757500004446,40.67457700015333],[-73.9755539997277,40.674907000277955],[-73.97684400023864,40.67541400011743],[-73.97705599995074,40.67508600006898],[-73.97795999977397,40.67543800009081],[-73.97786699988757,40.67557500014271],[-73.97821900024006,40.67572699991559],[-73.97811999960754,40.67591100021692],[-73.97991399990863,40.67661100009906],[-73.98013999986443,40.67628799976642],[-73.98032200033764,40.676358999952626],[-73.9804600004299,40.67641299996688],[-73.98065500042357,40.67648799983843],[-73.98077300042435,40.67653299999332],[-73.98055699961597,40.676853000143346],[-73.98281700007239,40.67774700008265],[-73.98261100020805,40.67805100027819],[-73.98499799998775,40.67897699990545],[-73.98527099979923,40.6785750002832],[-73.98542899998299,40.67834400006447],[-73.98613199996475,40.67861600002016],[-73.98592799975026,40.678934000214205],[-73.98683800031961,40.6792889999242],[-73.98704599983375,40.67896999997346],[-73.98739300016337,40.67910400000417],[-73.98724199965231,40.67932700033768],[-73.98696100034323,40.679743999973766],[-73.9877270000742,40.67998899976219],[-73.98785699977056,40.68003300020713],[-73.98820300027528,40.679418999671334],[-73.98855999975234,40.67955899995395],[-73.98808000025163,40.68017199981186],[-73.98912899983982,40.68058099978567],[-73.98891399975466,40.680898000084525],[-73.99057699963619,40.6815460002534],[-73.99040799958178,40.681879000075384],[-73.99086700006443,40.68205800022097],[-73.99042400037362,40.682694000313234],[-73.98999199965519,40.6833190002221]]]]}},{"type":"Feature","properties":{"zip":"11218","income":36432},"geometry":{"type":"MultiPolygon","coordinates":[[[[-73.99121299967082,40.64268600007955],[-73.99049700016856,40.64316399977371],[-73.99066000037517,40.64326200025211],[-73.99078400022373,40.64333699991592],[-73.99045299978764,40.64363699977332],[-73.99019699969459,40.64389800026333],[-73.99005899960234,40.64381399978609],[-73.98977900011816,40.64364499994195],[-73.98931200013794,40.64395299990992],[-73.98905900041794,40.64411899986972],[-73.98834999969006,40.64456200021744],[-73.98528400021803,40.645768000310206],[-73.9830730001654,40.64662499978509],[-73.98230999990916,40.64692700031332],[-73.9818050002941,40.64712799971785],[-73.98132800026812,40.64718200022784],[-73.98029100037549,40.64729700028481],[-73.98036400017044,40.647694000292084],[-73.98071200032498,40.64952400027126],[-73.98110999980992,40.65159200024768],[-73.98129700030599,40.65263700025389],[-73.9814529999416,40.653416000230415],[-73.98160699992738,40.65423599970612],[-73.98179600007327,40.6552460000362],[-73.98122199996293,40.65583499968337],[-73.98094099975555,40.65609799967108],[-73.98083799982336,40.65621500021347],[-73.98065299987545,40.65638100033967],[-73.98007000044257,40.656939999919494],[-73.9797699999686,40.65722900018068],[-73.97810500043724,40.65612900006775],[-73.97759900009896,40.65586900014168],[-73.97730799984583,40.65615000024037],[-73.97705000010295,40.65585599994847],[-73.9762850001969,40.6567299997013],[-73.97657599955174,40.65687100033936],[-73.97665699974257,40.65691100005531],[-73.97615399977732,40.65751400027802],[-73.97590500025532,40.65781200033538],[-73.97554100020723,40.65763799982786],[-73.97530299965754,40.657948999800766],[-73.97565199963698,40.65811600010169],[-73.97515700006765,40.65872299985728],[-73.97448199967498,40.658338999757824],[-73.97404400000707,40.65734699983304],[-73.973792000112,40.656392000259515],[-73.97355500028551,40.65564400021359],[-73.97326599968221,40.65464899974825],[-73.97305099959706,40.65391300003523],[-73.97268300024935,40.65263899985606],[-73.9723429995924,40.65137800027338],[-73.97249999995122,40.65130499974619],[-73.97261399975403,40.651205999669195],[-73.9726809997012,40.651049999910654],[-73.97261999960183,40.6508349997332],[-73.97231199963025,40.650649999929385],[-73.9720820003748,40.65063499973861],[-73.97191599979513,40.65005600029366],[-73.97155900031807,40.648822999732964],[-73.97139699993637,40.64825799974041],[-73.97069300012966,40.64849700016906],[-73.96967200013057,40.64889799996346],[-73.9687930004217,40.64924900000351],[-73.96790999961652,40.64959899971386],[-73.96702800043292,40.649947999791834],[-73.96666500020974,40.64802899988417],[-73.96754599956846,40.64768300030132],[-73.96731899978774,40.64648900013463],[-73.96684799960956,40.64654199990607],[-73.96640099972079,40.64414999969741],[-73.96686699987612,40.64409899992926],[-73.9668230003935,40.643869000183535],[-73.96679200043135,40.643707999958046],[-73.96663400024761,40.64372800001566],[-73.96633200012383,40.643767000178904],[-73.96626799965141,40.64345500027973],[-73.96589600010572,40.64174300018369],[-73.96605500011438,40.64172400017749],[-73.96640900011671,40.641681000323004],[-73.96630600018455,40.64113400005744],[-73.96617399994008,40.64043100003878],[-73.966134999582,40.640227000272525],[-73.9656769998226,40.64030499989588],[-73.9654299999504,40.638991000106124],[-73.96588600005998,40.63893099974724],[-73.96579200034866,40.63844100025125],[-73.96535100030769,40.63864900006483],[-73.9650270004426,40.63666499988792],[-73.96544599984394,40.636619000059916],[-73.96538200026983,40.63627900022979],[-73.96625400030602,40.63586699971124],[-73.9661759995899,40.63545900029261],[-73.96711600029649,40.63501800033256],[-73.96754300009371,40.634947999832995],[-73.9676269997593,40.635237999964104],[-73.96818699962596,40.63497999989518],[-73.96794099957867,40.63463200001432],[-73.9696190004271,40.633840999977195],[-73.96986899977406,40.63419400027772],[-73.97087600042777,40.63372000008972],[-73.97190400009958,40.63322999984146],[-73.97216100001751,40.63311199980927],[-73.97241899976036,40.63299200005957],[-73.97280799992281,40.632805999782654],[-73.97272799955687,40.63240899984816],[-73.97573799985072,40.6308859997869],[-73.97707100001935,40.63025300029228],[-73.97716499973069,40.6307469997238],[-73.97724900029459,40.63070700000517],[-73.97748600012105,40.63059499971108],[-73.97815499976764,40.63028200015149],[-73.97831100030157,40.63127500030889],[-73.97854099955703,40.631410000160166],[-73.97885399955146,40.63159500011899],[-73.97861400025027,40.63188399970338],[-73.9791439999797,40.6322099999648],[-73.97885000025182,40.6324970000905],[-73.97851600034099,40.632299999999255],[-73.97865199988512,40.633045000322156],[-73.97870399976365,40.633324000226324],[-73.97897300027549,40.63347600016237],[-73.97876999988588,40.63367100002222],[-73.97921199975177,40.633936000264804],[-73.97915300020054,40.63404700032911],[-73.98072400002053,40.63498799973791],[-73.9806079996696,40.63512699983473],[-73.98070800012702,40.635190999772185],[-73.98058099990541,40.635356000329246],[-73.98085000041725,40.63551600019081],[-73.98118099995503,40.635196000084264],[-73.98301500043908,40.63637199968572],[-73.98288900004239,40.63674699973987],[-73.98305200024902,40.63684600013348],[-73.9832840000526,40.63698599980596],[-73.98339299983255,40.63705200007569],[-73.98367400003995,40.63677099999335],[-73.98554000031106,40.63789800010877],[-73.98525200043098,40.6381750001483],[-73.98554799980866,40.63835399967815],[-73.98581999979523,40.638064000130186],[-73.98748600004981,40.63907299982768],[-73.98718599957583,40.63934299976198],[-73.98745500008766,40.63950500028896],[-73.98775499966331,40.639686000332844],[-73.98803099984782,40.63940699974781],[-73.98957099970569,40.640335000146244],[-73.98928799984847,40.640608999673006],[-73.98961000006376,40.64080399983042],[-73.9896619999423,40.640835999812296],[-73.98973399991232,40.640880000188396],[-73.9899799999596,40.64102900003823],[-73.9902109999383,40.6407480003364],[-73.99179199980405,40.64172000031907],[-73.99164899968892,40.64185800006958],[-73.99188999971334,40.64200100001887],[-73.99173400007774,40.64208699996958],[-73.9919290000714,40.64220499981671],[-73.99121299967082,40.64268600007955]]]]}},{"type":"Feature","properties":{"zip":"11219","income":26648},"geometry":{"type":"MultiPolygon","coordinates":[[[[-74.01212200027273,40.62958300029698],[-74.0115220002231,40.63015599994291],[-74.01096999985405,40.63068200016888],[-74.01032999962146,40.631301000043884],[-74.00970399963256,40.63190399989488],[-74.00912000037479,40.63246400009844],[-74.0085370000436,40.63302800007529],[-74.00702300012499,40.632110000087344],[-74.00670000008482,40.63232399980614],[-74.00661700024413,40.63237900012641],[-74.00630699972443,40.63258400011537],[-74.0079599995602,40.633584000050234],[-74.00735600021093,40.63416399999452],[-74.00675100013844,40.63474499974158],[-74.00616899963215,40.63530299985597],[-74.00558600019929,40.635866000340584],[-74.0050029998681,40.636424999992016],[-74.00442000043522,40.63698499977045],[-74.00383799992895,40.63754600033213],[-74.00331900007018,40.63723299995364],[-74.00276400022639,40.63780900014493],[-74.00325299994795,40.63810400021324],[-74.00267200016489,40.638667000254216],[-74.00209100038184,40.63922500030878],[-74.00150800005066,40.63978499977639],[-74.00092499971949,40.640345999984724],[-74.00034099956338,40.640905000296186],[-73.9997570003056,40.64146699992172],[-73.99917599962423,40.6420259997069],[-73.99859400001627,40.642585000263665],[-73.9980109996851,40.64314700005858],[-73.99773399967566,40.6434100002985],[-73.99742599970406,40.64370600008831],[-73.99684400009612,40.644266000134145],[-73.99626599978781,40.644827000170736],[-73.99568300035492,40.64538499985246],[-73.99509599982578,40.64594600002573],[-73.99468699957187,40.64634199999521],[-73.99443399985189,40.64658599992868],[-73.99398500031332,40.64710100012804],[-73.99180799969757,40.64578400013557],[-73.98905900041794,40.64411899986972],[-73.98931200013794,40.64395299990992],[-73.98977900011816,40.64364499994195],[-73.99005899960234,40.64381399978609],[-73.99019699969459,40.64389800026333],[-73.99045299978764,40.64363699977332],[-73.99078400022373,40.64333699991592],[-73.99066000037517,40.64326200025211],[-73.99049700016856,40.64316399977371],[-73.99121299967082,40.64268600007955],[-73.9919290000714,40.64220499981671],[-73.99173400007774,40.64208699996958],[-73.99188999971334,40.64200100001887],[-73.99164899968892,40.64185800006958],[-73.99179199980405,40.64172000031907],[-73.9902109999383,40.6407480003364],[-73.9899799999596,40.64102900003823],[-73.98973399991232,40.640880000188396],[-73.9896619999423,40.640835999812296],[-73.98961000006376,40.64080399983042],[-73.98928799984847,40.640608999673006],[-73.98957099970569,40.640335000146244],[-73.98803099984782,40.63940699974781],[-73.98775499966331,40.639686000332844],[-73.98745500008766,40.63950500028896],[-73.98718599957583,40.63934299976198],[-73.98748600004981,40.63907299982768],[-73.98581999979523,40.638064000130186],[-73.98554799980866,40.63835399967815],[-73.98525200043098,40.6381750001483],[-73.98554000031106,40.63789800010877],[-73.98367400003995,40.63677099999335],[-73.98339299983255,40.63705200007569],[-73.9832840000526,40.63698599980596],[-73.98305200024902,40.63684600013348],[-73.98288900004239,40.63674699973987],[-73.98301500043908,40.63637199968572],[-73.98118099995503,40.635196000084264],[-73.98143200002521,40.63495500029527],[-73.9820150003564,40.63439499985052],[-73.98259799978926,40.633837000328086],[-73.9831789995723,40.63327900023265],[-73.98376299972841,40.63271699984806],[-73.98434400040978,40.63215699972116],[-73.98492799966753,40.63159699966989],[-73.98550900034891,40.631037999818936],[-73.9860929996067,40.63047799992759],[-73.98667500011298,40.62991599982942],[-73.98725900026906,40.62935499992356],[-73.98784199970194,40.62879699987016],[-73.98833799999449,40.62831900025132],[-73.98842800040617,40.62823099995712],[-73.98900900018923,40.62767599990008],[-73.9895909997972,40.62711699995159],[-73.99017499995328,40.62655699990486],[-73.99075599973635,40.625998000135155],[-73.99133999989243,40.62543800025085],[-73.99140400036485,40.62537600024764],[-73.99194400014001,40.62485500022332],[-73.99255000003743,40.62427400033155],[-73.99312999999556,40.62371499986281],[-73.9937109997786,40.623156000170155],[-73.99394099993238,40.622935000031994],[-73.99429300028488,40.62259699989021],[-73.99492000009869,40.621993999866184],[-73.99554600008759,40.621392999709656],[-73.99583700034071,40.62156599967479],[-73.99671100002672,40.620762999711516],[-73.99660899991947,40.62070499989571],[-73.99639300000942,40.620582000190225],[-73.9967090003769,40.62027400013364],[-73.99728500013708,40.619712000081016],[-73.9975269999864,40.61985799992813],[-73.997694000391,40.61995900003259],[-73.99797999972294,40.61967700000025],[-73.99829199989249,40.619875999728364],[-73.99820999987672,40.61996600002061],[-73.9982709999761,40.62000200023997],[-73.99819700035623,40.620087999889854],[-73.99863500002417,40.620353999771226],[-73.99859499984119,40.62050200014375],[-73.99891100020868,40.62069299995105],[-73.9991160002481,40.62046100014256],[-73.99936399994522,40.62060199967549],[-73.99925599999017,40.62071999999398],[-73.99959199955083,40.620944000106114],[-73.99949100016681,40.62104300006544],[-74.00022400028583,40.62103499991577],[-74.00164299976989,40.62189300011124],[-74.00164500031802,40.62224499990547],[-74.0016939998235,40.622372000294],[-74.00188299996938,40.622485999884105],[-74.0021020002525,40.62261899995552],[-74.00239699980527,40.62234099989932],[-74.00380000029413,40.62318599994434],[-74.00350400001811,40.62346699992518],[-74.00369999983668,40.623584999955355],[-74.00389200035563,40.62370099998982],[-74.00401100018131,40.62358699974604],[-74.00441000038948,40.623819999839306],[-74.00458100009371,40.62366199969503],[-74.00603999976073,40.62456499999729],[-74.00594900042245,40.62464099975042],[-74.00612400032463,40.62474500009775],[-74.0059319998057,40.62493499982901],[-74.00601999966923,40.6249879996684],[-74.00609500001232,40.62503299979493],[-74.00639999961084,40.62521599995151],[-74.00650599991606,40.62527900031413],[-74.0067710002299,40.62499499981127],[-74.00824400014064,40.625881999999294],[-74.00796200010834,40.62615799992152],[-74.0081350003607,40.62626199995205],[-74.00829900039221,40.626361000210885],[-74.00840499979914,40.626257999848974],[-74.0088040000073,40.626488999783994],[-74.00897200023678,40.626320999910476],[-74.01038999989592,40.62717800020144],[-74.01034399986516,40.62722300021595],[-74.01074200024843,40.627458999750004],[-74.01059999995819,40.6275960001687],[-74.01050000039909,40.62769300014597],[-74.01068000032414,40.62780099984238],[-74.0108119996703,40.627881000009964],[-74.01108100018213,40.62759799983933],[-74.01206299982317,40.62818800027476],[-74.01178199961579,40.628465999856594],[-74.01207399969384,40.62864299987023],[-74.01214200036422,40.628684000303316],[-74.01249999966618,40.62890099988176],[-74.01270200023087,40.62902399994865],[-74.01212200027273,40.62958300029698]]]]}},{"type":"Feature","properties":{"zip":"11220","income":30152},"geometry":{"type":"MultiPolygon","coordinates":[[[[-74.03714000008709,40.638288000014015],[-74.03672499998538,40.63914100008567],[-74.03676099997038,40.639189000226125],[-74.03673099983317,40.63923800033384],[-74.03668200032767,40.639324999754855],[-74.03661000035765,40.63942799972985],[-74.03654900025829,40.6395250002426],[-74.03647700028827,40.63964999981717],[-74.03643299990733,40.63972300014208],[-74.0363950002725,40.63978499977639],[-74.03630599968572,40.6399290000682],[-74.03622299984505,40.64006400014489],[-74.03613699963132,40.64018700009828],[-74.03607399988213,40.64026499976836],[-74.03602000035379,40.64034999992556],[-74.03598299964554,40.64039599990931],[-74.03594900020867,40.64043499997449],[-74.03586499964476,40.640533999670524],[-74.03580699991844,40.64058400013595],[-74.03575800041295,40.64062999995849],[-74.0357619997126,40.640663000004324],[-74.03578699982695,40.64070699981284],[-74.03584700010141,40.64078200030254],[-74.03591300022366,40.64082200012031],[-74.03598299964554,40.640902999660796],[-74.03608700030092,40.64096900014781],[-74.0362119999744,40.64103099998819],[-74.03633699964787,40.641110000009185],[-74.03645600037187,40.64117500031872],[-74.03652199959579,40.64123000016418],[-74.03665999968806,40.641348000163],[-74.03675099992465,40.64140899968202],[-74.03680199997828,40.641478000255326],[-74.0367969999554,40.641574999834106],[-74.03674400025196,40.64167199995363],[-74.03666200023619,40.64175699968245],[-74.03648499978587,40.64192199968915],[-74.03641000034112,40.64201800002586],[-74.03634900024177,40.642082000173644],[-74.0362470001345,40.642165000146036],[-74.03618699986004,40.64220000002959],[-74.03611999991288,40.64221899990023],[-74.03460500016938,40.64367100031283],[-74.0344439996126,40.64382499973286],[-74.03452700035156,40.643874999777964],[-74.03407299989182,40.644312000145746],[-74.03342099996364,40.64392399985399],[-74.03333700029806,40.64387299991324],[-74.03286600011988,40.643587000231555],[-74.03264400036204,40.643800000037054],[-74.03234600043619,40.64412799990914],[-74.03197599964203,40.64385399983176],[-74.03159800024856,40.64420200003564],[-74.0312850002541,40.64451399985098],[-74.03109799975806,40.644634999941765],[-74.03080499985508,40.64499300000168],[-74.03049799970844,40.64529999997248],[-74.03039499977628,40.64521100033498],[-74.02912000023227,40.644437000298645],[-74.02893600010925,40.64446299967938],[-74.02825499986878,40.64405299977088],[-74.0260599997097,40.646261000239114],[-74.02961999982446,40.64847100031504],[-74.02929400030953,40.648739999861306],[-74.02569300018689,40.646616000082425],[-74.02546800005598,40.64683299999746],[-74.02505499960412,40.646990999843524],[-74.0245530003621,40.6471509997637],[-74.02406499956716,40.64759799994025],[-74.02512900012229,40.64832299990464],[-74.02472099969327,40.648739999861306],[-74.02563700011038,40.64975299976822],[-74.024406000049,40.65092199971407],[-74.02140499997599,40.64899200009695],[-74.02087699989637,40.64874300012126],[-74.02146000022756,40.64818200028598],[-74.01925599984764,40.64685299980022],[-74.01867400023968,40.64741200014361],[-74.01809199973341,40.647973000317634],[-74.01750900030054,40.64853300000258],[-74.01692699979426,40.649094000295015],[-74.01634299963817,40.64965599980637],[-74.01576100003022,40.65021400000615],[-74.01518400044513,40.65077300013975],[-74.01459600009107,40.65133300018194],[-74.01401199993497,40.65189499991954],[-74.01343000032702,40.652452999797724],[-74.0112050000307,40.6511119999283],[-74.01179900023254,40.65055799975129],[-74.01238400021354,40.64999800002065],[-74.0129519995778,40.64943000020559],[-74.01286899973715,40.649381000082606],[-74.0127390000408,40.649302000309326],[-74.01262900043592,40.64923500003146],[-74.01205299977744,40.64979900008731],[-74.01147700001725,40.65036300014716],[-74.01091499960246,40.65093799966694],[-74.01055599957726,40.651223999879974],[-74.00923699965234,40.65038199973867],[-74.00952399970751,40.65009699984521],[-74.00937899994256,40.65000900031129],[-74.00908199984164,40.649829000159734],[-74.00875799997652,40.64963299994229],[-74.00853000037091,40.64993700017267],[-74.00688500003274,40.648981000320184],[-74.0071799995855,40.6486790002265],[-74.00682399993336,40.64846499977057],[-74.00462100027667,40.64713100005026],[-74.00241500024694,40.645808999769805],[-74.00219699978874,40.646017999699254],[-74.00211099957501,40.646098999750336],[-74.00012499965331,40.64486200002166],[-74.00034499976134,40.64455600000312],[-74.00021300041517,40.644476999970955],[-73.99993100038287,40.644305999908944],[-73.99963699975669,40.64465299988019],[-73.99773399967566,40.6434100002985],[-73.9980109996851,40.64314700005858],[-73.99859400001627,40.642585000263665],[-73.99917599962423,40.6420259997069],[-73.9997570003056,40.64146699992172],[-74.00034099956338,40.640905000296186],[-74.00092499971949,40.640345999984724],[-74.00150800005066,40.63978499977639],[-74.00209100038184,40.63922500030878],[-74.00267200016489,40.638667000254216],[-74.00325299994795,40.63810400021324],[-74.00276400022639,40.63780900014493],[-74.00331900007018,40.63723299995364],[-74.00383799992895,40.63754600033213],[-74.00442000043522,40.63698499977045],[-74.0050029998681,40.636424999992016],[-74.00558600019929,40.635866000340584],[-74.00616899963215,40.63530299985597],[-74.00675100013844,40.63474499974158],[-74.00735600021093,40.63416399999452],[-74.0079599995602,40.633584000050234],[-74.00630699972443,40.63258400011537],[-74.00661700024413,40.63237900012641],[-74.00670000008482,40.63232399980614],[-74.00702300012499,40.632110000087344],[-74.0085370000436,40.63302800007529],[-74.00912000037479,40.63246400009844],[-74.00970399963256,40.63190399989488],[-74.01032999962146,40.631301000043884],[-74.01096999985405,40.63068200016888],[-74.0115220002231,40.63015599994291],[-74.01212200027273,40.62958300029698],[-74.01270200023087,40.62902399994865],[-74.01249999966618,40.62890099988176],[-74.01214200036422,40.628684000303316],[-74.01284600017091,40.62865599991045],[-74.01484700016123,40.62992300013752],[-74.01490300023774,40.63035300022384],[-74.01604800008539,40.63103299987719],[-74.01622299998756,40.63114500011841],[-74.0164580001642,40.631297000242654],[-74.01650199964682,40.63132600033024],[-74.0166959998156,40.63145399993146],[-74.01695600010659,40.63162199984535],[-74.01707800030532,40.63150800016901],[-74.01726099970512,40.631337000289605],[-74.01828500007727,40.6318109996693],[-74.01814100013722,40.63199699999098],[-74.01858600037615,40.63219599982737],[-74.01853000029965,40.63233400017762],[-74.01973600024667,40.632884999992896],[-74.0210119996156,40.63346900022675],[-74.02106600004227,40.633333999766265],[-74.02118499986796,40.63338699975741],[-74.02146100005248,40.63351099982958],[-74.02159900014476,40.63333900021745],[-74.0232729998969,40.634096000120714],[-74.02303500024554,40.63439499985052],[-74.02324000028496,40.63448899995864],[-74.02351800011928,40.634616000242616],[-74.0260389997933,40.63574099981603],[-74.027888000346,40.63630900024438],[-74.02865800027492,40.63654599974918],[-74.03126799963738,40.63735699969978],[-74.03149000029353,40.63742599968968],[-74.03162599983766,40.637079999674604],[-74.03365299976726,40.63770000024973],[-74.03351700022313,40.63805399993526],[-74.03360699973649,40.63808199979562],[-74.03388000044627,40.63816700000578],[-74.03416099975537,40.63825500015742],[-74.03485700006446,40.63847400001581],[-74.03576400026074,40.638758999782894],[-74.0359580004295,40.63882100031261],[-74.03602000035379,40.6386500000755],[-74.03607200023231,40.638442000265],[-74.0360989999965,40.638264000305874],[-74.03610800021733,40.63808599987212],[-74.03607100040739,40.63730600019493],[-74.0361769998143,40.63709900032089],[-74.03627999974647,40.63694899984318],[-74.03638900042472,40.636812000207655],[-74.03661000035765,40.63657699968546],[-74.03724499966907,40.63598500032804],[-74.03794099997816,40.63580499984664],[-74.03809199959089,40.63576599980335],[-74.03847099970757,40.6356769997241],[-74.03714000008709,40.638288000014015]]]]}},{"type":"Feature","properties":{"zip":"11221","income":22305},"geometry":{"type":"MultiPolygon","coordinates":[[[[-73.94533700020651,40.69206800009848],[-73.94518499987055,40.69208500028895],[-73.94525299964259,40.692440999996535],[-73.9431549995679,40.692692000081976],[-73.94313399965151,40.692549999691195],[-73.94285199961921,40.692588999919735],[-73.94282300020521,40.69244299976752],[-73.94280700031167,40.692357999909504],[-73.9425910004016,40.69238199991242],[-73.94267099986924,40.69274499992484],[-73.94053799963443,40.69300700023793],[-73.94052299956583,40.69294100014696],[-73.94023700023386,40.69297000000919],[-73.94017199993654,40.69265899988863],[-73.9399710000951,40.692682999783166],[-73.93912699964801,40.69277999983652],[-73.93922000043273,40.69351800015392],[-73.93889999986726,40.693555000078355],[-73.93719500015295,40.693751999826915],[-73.93704899966478,40.69302099987729],[-73.93413399980548,40.69335500013187],[-73.934269000423,40.694089999946925],[-73.93456499980071,40.69405500004235],[-73.93465100001443,40.694045000066176],[-73.93479999997734,40.69477599967858],[-73.934923000001,40.69551100016391],[-73.93484199981013,40.69552099991997],[-73.934558000128,40.695554000057975],[-73.93463199974786,40.695921999663696],[-73.93470299989296,40.696288000305444],[-73.93508200000964,40.69624399969449],[-73.9351489999568,40.69660599995632],[-73.93771099963868,40.696318999727794],[-73.93779199982953,40.6966900000219],[-73.93522199975172,40.69698599973306],[-73.93400800030709,40.69711800000857],[-73.93324599987575,40.69785500014535],[-73.93297999973697,40.697967999728206],[-73.93279399996415,40.69779600008811],[-73.9302620004195,40.698528999677094],[-73.93052099998725,40.69877200029728],[-73.93030500007718,40.698992000161496],[-73.9300029999534,40.69878799966801],[-73.92839399960025,40.69948399990321],[-73.92933099993375,40.69998700031763],[-73.92903499965774,40.700290000098974],[-73.9275879996863,40.701762000178974],[-73.92683799984883,40.701334000063916],[-73.92608299998851,40.70091000031882],[-73.92627799998219,40.70071099973913],[-73.9255390000154,40.70026699998861],[-73.92546000037268,40.70034699977568],[-73.92532899995312,40.70048099973165],[-73.9245819995904,40.700056000233985],[-73.92475999986563,40.699871999844284],[-73.92461599992559,40.699750999836574],[-73.92471200018505,40.69965099970377],[-73.92433899991616,40.699440999821526],[-73.92423699980891,40.69951499988156],[-73.92407199995246,40.69938199980686],[-73.92333600035872,40.698940000308724],[-73.92308199991552,40.69919999984792],[-73.92293200012766,40.69911499975659],[-73.92313499961892,40.69889999992283],[-73.92286900037848,40.69875499976986],[-73.92280200043135,40.69882700033145],[-73.92245699975153,40.69863999989382],[-73.92232799988008,40.69877200029728],[-73.92175700014278,40.69845300029332],[-73.92157399984467,40.698344999836976],[-73.92082400000722,40.69791800004493],[-73.92007400016978,40.69748999974938],[-73.91932099995927,40.69706100029323],[-73.91856400044912,40.696629999791284],[-73.91781799991134,40.69620799973024],[-73.9176759996211,40.69635100032472],[-73.91759399960533,40.69643400020511],[-73.91716000013537,40.69617700025627],[-73.91654300036731,40.6968059996789],[-73.91698199986016,40.69705500003352],[-73.91655300041306,40.69749200004994],[-73.91636799956683,40.69768000011176],[-73.91609999977821,40.697952999963384],[-73.91534900011585,40.697523000274145],[-73.91540600001726,40.697464999733036],[-73.91491200027286,40.69718400004826],[-73.9148179996632,40.697275000119554],[-73.91456199957015,40.6971329999614],[-73.91464000028628,40.69705400021726],[-73.91486500041718,40.69682600016298],[-73.91411399985651,40.6963979996625],[-73.91336099964602,40.69596999981778],[-73.91180599971952,40.69755399980292],[-73.91104900020939,40.697125999893075],[-73.91030299967157,40.696700000282114],[-73.91186000014622,40.695114999897974],[-73.9111069999357,40.69468699998409],[-73.91083499994915,40.69496300006518],[-73.91011299970079,40.69450599999367],[-73.91035700009826,40.694259000045065],[-73.90960499971267,40.69383199994572],[-73.9088530002254,40.69340499983424],[-73.9102979996487,40.69192999999413],[-73.91037800001466,40.69184799984613],[-73.9105710003585,40.6916509999171],[-73.9102059995872,40.69144199991916],[-73.91126400029452,40.69037699994291],[-73.91162599979447,40.69057899980043],[-73.91174799999321,40.69045600011186],[-73.91183400020694,40.690367000095904],[-73.91199599969032,40.69020100010063],[-73.91173799994745,40.69005199971986],[-73.91287799977225,40.688799999875755],[-73.91281900022102,40.68876699979837],[-73.91401299957417,40.687545999750704],[-73.91439599988882,40.68775499970727],[-73.91452099956228,40.68762899970109],[-73.91464199993611,40.68750699997628],[-73.91478500005124,40.6873600003071],[-73.9148870001585,40.68725400018686],[-73.91453999982886,40.68704400005489],[-73.9153869997507,40.68616799978192],[-73.91575300034691,40.68637000013691],[-73.91604600024986,40.68607200030231],[-73.91661100013938,40.686391000324164],[-73.91679799973714,40.68649699977348],[-73.91761399969683,40.6869659998957],[-73.91804600041527,40.68721300031363],[-73.91799600018656,40.686964999928],[-73.91792699969128,40.686624999822016],[-73.91806499978354,40.68660800028209],[-73.92067000002143,40.68629799973661],[-73.92059499967836,40.68591700032559],[-73.92074899966416,40.68589899994016],[-73.9209219999165,40.68587900026307],[-73.92101099960497,40.68624100030118],[-73.9229489998461,40.68601499999245],[-73.92289100011979,40.68565200010169],[-73.92309500033429,40.6856289997061],[-73.92325199979481,40.68561199991206],[-73.92349199999431,40.685584000241924],[-73.92367000026955,40.685964000211584],[-73.9264050002038,40.68557800031106],[-73.92652900005235,40.68523699994738],[-73.92702899964456,40.68517900029123],[-73.92719600004914,40.685593000137175],[-73.92917199992509,40.68532100004111],[-73.9291019996049,40.684941999809304],[-73.92945200030759,40.68490299987341],[-73.92952199972946,40.68527299970859],[-73.93143400003132,40.685033000252055],[-73.9322349999224,40.68490699986789],[-73.9323610003191,40.684671999785415],[-73.9323129997402,40.68457200018017],[-73.93237800003755,40.68456500015451],[-73.93282300027646,40.684512999940814],[-73.93285000004063,40.68488699989313],[-73.93507699998679,40.684615000321735],[-73.93501400023759,40.6842609996929],[-73.93529999956952,40.6842290001014],[-73.93586700000719,40.68453000001516],[-73.93789200028696,40.6843310002358],[-73.93803700005192,40.683915000016874],[-73.93822299982477,40.68389399973068],[-73.9384150003437,40.68387100009082],[-73.93853099979633,40.68423200012764],[-73.94112900036154,40.68392700017746],[-73.94107599975978,40.68366000018094],[-73.94140899984572,40.683794000320596],[-73.94260200027226,40.683754999712974],[-73.94396200020508,40.68360099981545],[-73.94403599982492,40.68397300009184],[-73.94418399996295,40.6847059998486],[-73.94432799990297,40.68543899971821],[-73.94447500021606,40.68617199970046],[-73.94462199963084,40.68690399982635],[-73.94476499974598,40.68763700004374],[-73.94491100023416,40.68836999969172],[-73.94505599999911,40.68910200019652],[-73.94519800028934,40.68983999970095],[-73.94534899990208,40.69056700015648],[-73.94549600021517,40.69130000027008],[-73.94564199980503,40.69203299981279],[-73.94533700020651,40.69206800009848]]]]}},{"type":"Feature","properties":{"zip":"11222","income":33578},"geometry":{"type":"MultiPolygon","coordinates":[[[[-73.96262899989392,40.73654500005461],[-73.9624780002812,40.73680200008799],[-73.96185899996499,40.73707199982163],[-73.96152500005415,40.737218000153845],[-73.95706000029124,40.73916699974137],[-73.95508699988999,40.73939999978836],[-73.95390699988224,40.739421000272486],[-73.95274899961578,40.73926199974808],[-73.95272299967651,40.73926099988486],[-73.95266900014816,40.73925800029506],[-73.95254000027671,40.73922800030578],[-73.95188599980042,40.739023000017035],[-73.94706399966212,40.73751599987489],[-73.94683199985853,40.73743699971115],[-73.94636700042643,40.737256000197135],[-73.94216299988112,40.73567799998362],[-73.94036799975515,40.73326900020831],[-73.94031800042474,40.73319500021921],[-73.94037000030326,40.73276699997387],[-73.94007300020233,40.73223299967848],[-73.94000299988215,40.73211399987261],[-73.93997699994287,40.732052000301266],[-73.93991300036878,40.731942999904746],[-73.93965999975046,40.73148700033789],[-73.93752499986584,40.729814999696124],[-73.93442500005861,40.728817999965],[-73.93182499984358,40.72848199981954],[-73.92921299993297,40.72778000017954],[-73.9291789995978,40.72776400028569],[-73.92914000013803,40.7277450002791],[-73.92908599971138,40.727713999826726],[-73.92905800012227,40.727688000226735],[-73.92890800033446,40.72754800032092],[-73.9278010001216,40.72649400026901],[-73.92722500036145,40.72533299967296],[-73.92717099993477,40.72523299983],[-73.92780600014451,40.72505000032052],[-73.92919500038965,40.724646000057184],[-73.93087099979162,40.72422000014627],[-73.93244099978672,40.72381400010022],[-73.93401199960674,40.723403999894735],[-73.93558900017285,40.722991000244384],[-73.93528399967602,40.722317999891565],[-73.93504100000177,40.72166899988603],[-73.93650399986673,40.72124699983897],[-73.93620900031397,40.720575999842055],[-73.93588299990071,40.71986300021131],[-73.93560599989128,40.719222000052326],[-73.93725799990214,40.71879099997588],[-73.93727799999363,40.71884199981929],[-73.93845800000139,40.71852500029277],[-73.93850300020725,40.71863199985281],[-73.9393440002813,40.71840100028202],[-73.93922700010543,40.7181670000498],[-73.93939100013694,40.718126000136856],[-73.94020999957138,40.71808900024356],[-73.94037299977799,40.718047000100505],[-73.94038000034902,40.718088000062096],[-73.94043899990022,40.71843299980175],[-73.94049199960368,40.71867899980883],[-73.94055000022831,40.718999999953866],[-73.9410349997519,40.71895099988764],[-73.94100399978976,40.71880500032394],[-73.94287199971069,40.71861299996258],[-73.94293799983292,40.718978999832615],[-73.94342699955448,40.71893399974506],[-73.94368699984547,40.718909999776685],[-73.94367699979973,40.71861100029637],[-73.9450330004329,40.71847700005241],[-73.9450839995882,40.7187819997992],[-73.94520199958899,40.71876999978873],[-73.94531799993993,40.7187600001187],[-73.94631899984753,40.71862200016213],[-73.946743999995,40.71854800022543],[-73.94675400004073,40.71860899994916],[-73.94676800028442,40.718690999835765],[-73.94679099985065,40.71882100032906],[-73.9469890002174,40.71958400002339],[-73.94751599957377,40.719266999945205],[-73.94853200044831,40.71916800000454],[-73.94841600009734,40.71845500027112],[-73.94853200044831,40.71852400011787],[-73.9487299999167,40.71865000024552],[-73.94891800023768,40.718634999691666],[-73.94894300035203,40.71877300030214],[-73.94975799958848,40.718693999671935],[-73.94981100019025,40.71904299966271],[-73.95002700010032,40.71902299972243],[-73.9501800002612,40.71900900010106],[-73.95064600041653,40.721704999704855],[-73.9516459996009,40.723486000001735],[-73.95475399980407,40.72060100003428],[-73.95603799956889,40.72139700002019],[-73.95544300044047,40.72194599993861],[-73.9547760004437,40.7224600001379],[-73.95418300006676,40.722635999850226],[-73.95451199995472,40.72322499985818],[-73.95513899976852,40.724329000258365],[-73.95527199983792,40.724276999764946],[-73.95539700040972,40.72421100002283],[-73.95550799983947,40.72413100030956],[-73.95560300027402,40.724041000261884],[-73.95567900044202,40.72394300002617],[-73.95615499974475,40.724238999797684],[-73.95757199957899,40.725096999829624],[-73.95771700024225,40.72429800025716],[-73.95823500027612,40.724437000106],[-73.95891999981623,40.7243510001407],[-73.96161100026787,40.724951000130666],[-73.96153099990192,40.725910000236844],[-73.96150099976468,40.72698599969931],[-73.96143600036568,40.727298000242804],[-73.9613889996117,40.72752400005464],[-73.9612830002048,40.72803800006422],[-73.96117199987673,40.72805699998718],[-73.96115699980811,40.72811399972346],[-73.96121500043274,40.728151000171074],[-73.9611069995794,40.72819500012463],[-73.96106300009677,40.72844000010753],[-73.96105499970086,40.7284710002217],[-73.96103999963225,40.72849000002102],[-73.96102799993669,40.72851199988931],[-73.96099199995167,40.72865599989997],[-73.96098600010389,40.72876000012991],[-73.96099399960151,40.728772999721784],[-73.96104399983021,40.72878199990901],[-73.96105399987594,40.72894300032969],[-73.96107499979234,40.72910699972775],[-73.96107999981523,40.72914799968429],[-73.96107599961726,40.7291939996885],[-73.96108800021113,40.72925599988061],[-73.96111499997532,40.729360999865605],[-73.96113699971663,40.72942999997949],[-73.96119699999107,40.729424999924305],[-73.96121399970951,40.729508000110826],[-73.96125999974028,40.72974900000014],[-73.96130800031916,40.730298999777766],[-73.96144999971106,40.730994000161196],[-73.96184300007145,40.731625000169366],[-73.96199700005725,40.732038000016765],[-73.96214799966998,40.73245199998914],[-73.9618969995998,40.732485000206594],[-73.96193199975991,40.73267899995754],[-73.96222899986083,40.73264899972425],[-73.96225200032538,40.73271300002402],[-73.96226099964788,40.732741000306035],[-73.9622680002189,40.732768999895505],[-73.96227800026465,40.73282599967986],[-73.96228800031038,40.732899000120476],[-73.96230699967865,40.733119000236684],[-73.96233799964078,40.733451000309685],[-73.96234799968651,40.73381199986426],[-73.96260499960448,40.73490199989095],[-73.96266499987892,40.7363340002227],[-73.96266800025198,40.736409999936015],[-73.96267199955163,40.736445999949105],[-73.96262899989392,40.73654500005461]]]]}},{"type":"Feature","properties":{"zip":"11223","income":32104},"geometry":{"type":"MultiPolygon","coordinates":[[[[-73.98702400009243,40.60603099977131],[-73.98712600019968,40.60656800033477],[-73.98720700039054,40.60699299967771],[-73.9872550000711,40.6072449999535],[-73.98625699963823,40.607356000049556],[-73.9861820001935,40.60696900031636],[-73.98526499995145,40.60710400019231],[-73.98433000016607,40.60716999998696],[-73.984402999961,40.60755900019067],[-73.98347700039646,40.607662999852764],[-73.98341299992406,40.607325999986436],[-73.9834029998783,40.60727400025439],[-73.98247999978848,40.60740200025647],[-73.98155099985088,40.60748200030378],[-73.98162399964583,40.60786599974332],[-73.98119600002364,40.60791300007019],[-73.98069499970823,40.607968999821544],[-73.97969700017367,40.608077000037646],[-73.97869899974077,40.60818800011579],[-73.97777400000113,40.6082890001311],[-73.97684699971337,40.60839300002116],[-73.9759189996007,40.6084950001889],[-73.97499499968598,40.60859599974027],[-73.97403099958828,40.608702000070785],[-73.97401399986983,40.60861399984683],[-73.97398700010565,40.608476000269754],[-73.97334600004815,40.60854200007336],[-73.97335699991879,40.60857699984982],[-73.97295900043385,40.60862999971017],[-73.97299399969563,40.60881400025022],[-73.97191300032043,40.60893600002508],[-73.97089599962094,40.60905000003824],[-73.96997000005639,40.60914999966232],[-73.96904100011879,40.60925400025836],[-73.96794099957867,40.6093739996958],[-73.96766799976719,40.60940400020344],[-73.96739900015369,40.60943400001564],[-73.96629799978862,40.6095550002582],[-73.9652240000861,40.60967400007442],[-73.9642959999734,40.60977700009398],[-73.96337000040886,40.609879000195164],[-73.96238000037188,40.60998600029443],[-73.96233099996809,40.60973299968127],[-73.96179200001784,40.60980800018131],[-73.96147099962747,40.60811599988339],[-73.96200299990502,40.60804100021237],[-73.96196600009512,40.60784299980352],[-73.96188599972916,40.607336000008985],[-73.96173199974338,40.605358000121974],[-73.96119699999107,40.60541700012915],[-73.96099299977656,40.60306799997953],[-73.96055000008579,40.603116999991826],[-73.96052400014652,40.60278999973074],[-73.96051999994856,40.60273899974603],[-73.96098100008102,40.60271500022118],[-73.96084700018672,40.60098399983341],[-73.96038699987918,40.601025000191854],[-73.96037600000851,40.60087800022082],[-73.96036299958973,40.60069799992737],[-73.96034599987131,40.6004919997091],[-73.9601919998855,40.59857299976505],[-73.96018000018995,40.59841899966011],[-73.96013199961105,40.59816800014614],[-73.96011999991548,40.59810999981457],[-73.96065499966777,40.598055999860534],[-73.96044799997854,40.59658500016148],[-73.96033400017572,40.59658800003662],[-73.96026999970333,40.59624399983579],[-73.96019400043365,40.59625200022542],[-73.96012400011345,40.595869000194014],[-73.96030200038868,40.59585200003494],[-73.96017599999199,40.59515699998105],[-73.96008499975538,40.59508200009298],[-73.95956900026967,40.59513799968086],[-73.95952099969077,40.59486799974975],[-73.95946799998731,40.59456599978302],[-73.95945000044397,40.59440100009678],[-73.95939799966715,40.5939049999608],[-73.95965399976016,40.593875999998524],[-73.95976699973808,40.59386300001134],[-73.9596920002933,40.593474999912864],[-73.9593259996971,40.59351800011032],[-73.9593039999558,40.59340100019044],[-73.95926299994791,40.59317899984969],[-73.95972900010322,40.59312800003603],[-73.95965899978303,40.59278599979896],[-73.95919799965058,40.59283699987352],[-73.9591349999014,40.592503999687835],[-73.95906100028155,40.592115999889046],[-73.96019000023568,40.59203599986859],[-73.96013599980901,40.59165699969011],[-73.96067999978214,40.591597999816486],[-73.96081200002662,40.591583000002174],[-73.96120799986173,40.591538999890794],[-73.96123899982388,40.59192400022484],[-73.9625150000911,40.591783000205595],[-73.96244099957295,40.591402999921605],[-73.9625999995816,40.591385999991275],[-73.9628380001313,40.59135999972829],[-73.96320999967696,40.59131900026389],[-73.96330299956338,40.59130799985426],[-73.96338600030238,40.59171700022505],[-73.96413600013983,40.591634000312126],[-73.96406099979676,40.591225000115756],[-73.96441700034721,40.591185999964715],[-73.96482599970281,40.59114100023445],[-73.96512899965153,40.59110800027658],[-73.9653019999039,40.590357999943585],[-73.96547400033134,40.589608000066995],[-73.9656409998376,40.588888000130545],[-73.96593600028869,40.58885599981702],[-73.96634999966717,40.58881199995782],[-73.96652999959223,40.58879199982619],[-73.96662300037696,40.58835499975482],[-73.9664069995686,40.58831700005859],[-73.96635700023819,40.58807199997264],[-73.96652899976732,40.588052999705724],[-73.96662199965374,40.587676000330525],[-73.96672399976099,40.587686999973215],[-73.9667739999897,40.587484000197456],[-73.96680800032489,40.58733500027574],[-73.96770200010239,40.587233999979745],[-73.96756900003298,40.58651900027025],[-73.96701599983903,40.58657600031568],[-73.96709700002988,40.58617399999972],[-73.96749700006296,40.58613199996985],[-73.96743400031377,40.58577499967433],[-73.96753399987288,40.585763999717095],[-73.96740400017656,40.585048999983115],[-73.96718499989343,40.58507200026147],[-73.96678900005831,40.585112000014874],[-73.9669070000591,40.5849610000019],[-73.96719599976409,40.584824000165014],[-73.9678150000803,40.58453900017295],[-73.96906299986011,40.58399999973317],[-73.96908700014956,40.584000999879784],[-73.96940400034195,40.58400499978381],[-73.96964899966603,40.583995999828865],[-73.96971499978827,40.58399400021771],[-73.97004500039947,40.58396500005062],[-73.97030999981503,40.58392900020208],[-73.97059100002242,40.583878000156034],[-73.97084600029054,40.58381999970866],[-73.9717450000909,40.58366299996261],[-73.97308499993224,40.5834299996993],[-73.97463800020891,40.583113999734856],[-73.97519399987759,40.582966999952895],[-73.97572000030736,40.582876000153426],[-73.97668100003202,40.5828260001509],[-73.9775039996644,40.58278400006536],[-73.98027399975875,40.58313300004042],[-73.98059199977607,40.58317300027117],[-73.98083899964827,40.58331400002393],[-73.98175400024049,40.58358400021609],[-73.98180199992105,40.583593000226465],[-73.9828120000495,40.583792000298075],[-73.98300399967013,40.5848090001957],[-73.98354099997054,40.584749000284845],[-73.98376299972841,40.58594700032018],[-73.98323299999898,40.586009000071705],[-73.98326800015909,40.586190999890626],[-73.98337399956598,40.586770999960066],[-73.98346900000054,40.58726400019168],[-73.98372300044376,40.5886190002799],[-73.98380299991138,40.58904199967719],[-73.98390099982068,40.58957299990827],[-73.98401399979856,40.59015299998046],[-73.98409400016452,40.590567000154195],[-73.98420399976936,40.591165999860955],[-73.98425700037112,40.591568000184516],[-73.98443300009822,40.592496000214005],[-73.98452799963447,40.59298599981488],[-73.98462399989394,40.593474999912864],[-73.98463999978746,40.59355200024684],[-73.98467800032061,40.59365899988158],[-73.98601899998684,40.594445999679515],[-73.9850149997062,40.59541299976567],[-73.98506099973694,40.59567099987848],[-73.98520100037734,40.59639800017622],[-73.98526599977636,40.596744000178866],[-73.98548099986152,40.59787600015335],[-73.98549099990726,40.597930000252816],[-73.9856700000074,40.598909000188804],[-73.98574700000029,40.5993130001755],[-73.98587800041986,40.59995799984292],[-73.98594199999395,40.60032100022771],[-73.98605900016982,40.60095799989252],[-73.98630299966898,40.60222899980491],[-73.98638499968474,40.60264099981329],[-73.98645699965478,40.60301300007604],[-73.98664400015082,40.60404400015181],[-73.987480000202,40.604539000249105],[-73.98684699964211,40.60509699970813],[-73.98702400009243,40.60603099977131]]]]}},{"type":"Feature","properties":{"zip":"11224","income":21281},"geometry":{"type":"MultiPolygon","coordinates":[[[[-74.01302400044614,40.5780470000502],[-74.01287299993508,40.578266999670234],[-74.01274999991145,40.57855700023484],[-74.01237599981764,40.57919300029926],[-74.01208399973957,40.579537000204596],[-74.0117690000953,40.57983400013784],[-74.01127000032803,40.58025600031358],[-74.01082599991402,40.58052700008491],[-74.01037900002527,40.580752000030195],[-74.00959499985262,40.580968999730466],[-74.00924199967521,40.581037999975024],[-74.00838999973051,40.58155899984016],[-74.00774299982521,40.58187700000278],[-74.0073339995713,40.58197199982249],[-74.00695500035293,40.582014999911976],[-74.00670099990973,40.58203100000168],[-74.00616699998233,40.58207199970236],[-74.00580100028445,40.582055000129024],[-74.00562399983411,40.58207500022863],[-74.00526599963383,40.58205399995331],[-74.00472099983578,40.582013999735665],[-74.00400799980827,40.58186200005484],[-74.00393500001333,40.581852000315074],[-74.00358900040693,40.58180399990604],[-74.00321699996293,40.581718000110484],[-74.0028770002043,40.58164799970335],[-74.00090399980309,40.58149899974292],[-74.00078800035044,40.58149199981901],[-73.99962199968807,40.58142400022794],[-73.99936200029538,40.581505999666064],[-73.99914300001228,40.58157399985605],[-73.99868699990267,40.58164600002201],[-73.99829600009043,40.58166100001837],[-73.99793700006524,40.58164199997691],[-73.99774299989647,40.58158000027078],[-73.9976039999793,40.58140200024511],[-73.9976399999643,40.58122600012191],[-73.99785500004947,40.580824999910476],[-73.99762099969776,40.580553999981866],[-73.99684400009612,40.580381999795],[-73.99603599963403,40.580299000141615],[-73.99434299961528,40.57981100010513],[-73.99301100016987,40.579518000242096],[-73.99255699971012,40.57943299976924],[-73.99175099979615,40.57927400020812],[-73.99117400021107,40.579322999920045],[-73.99069700018511,40.57931800020174],[-73.99067899974344,40.5800599998905],[-73.98823699971214,40.57970400014557],[-73.98799599968773,40.57964600017247],[-73.98793100028873,40.579730000164226],[-73.98786199979342,40.57979200022043],[-73.98782300033369,40.57982599983073],[-73.98776300005922,40.57979900032223],[-73.98768600006633,40.579896000097705],[-73.98761300027141,40.579983999919996],[-73.98753999957813,40.580085999770766],[-73.98748199985184,40.580232999743664],[-73.98742099975246,40.580388999835016],[-73.98734100028483,40.58056699982729],[-73.98729400042917,40.58070899981108],[-73.98720499984239,40.580841999796405],[-73.98712600019968,40.58093099993128],[-73.98707099994809,40.58104700032794],[-73.98693899970363,40.58117099998845],[-73.98682400007588,40.5812520002313],[-73.98661900003647,40.58135999994767],[-73.98644099976124,40.58145199994752],[-73.98634799987482,40.58153999976969],[-73.98631199988982,40.58158199995413],[-73.98615000040644,40.58165699997416],[-73.9859589997124,40.581783999725495],[-73.98585199958228,40.5818639997297],[-73.98563499984729,40.58189899982945],[-73.98537000043174,40.58210600020054],[-73.98511199979058,40.58225299982794],[-73.98491000012423,40.58241299998345],[-73.98476199998619,40.582560999786516],[-73.98447699958083,40.58283400009925],[-73.98426300021892,40.583011999725514],[-73.98408300029386,40.5831430002709],[-73.98393900035383,40.58323499986521],[-73.98384200026943,40.583333000272745],[-73.9836990001543,40.5832519998209],[-73.98365899997133,40.58319300003645],[-73.98344999973396,40.583220999697794],[-73.9832630001362,40.58320700020974],[-73.98306800014254,40.58312100017124],[-73.98294799959363,40.58303600018313],[-73.98289099969222,40.5830030003192],[-73.98276500019385,40.582998999673016],[-73.98263499959917,40.58285600029334],[-73.98250200042811,40.58268299971911],[-73.98244999965124,40.582576999745626],[-73.9822200003958,40.58245800012879],[-73.98192400011979,40.5823289999495],[-73.98170700038482,40.58223799996431],[-73.98151300021605,40.58202999982562],[-73.98140799973577,40.58194300014318],[-73.98144500044398,40.58180399990604],[-73.98142000032963,40.58169100000109],[-73.98130700035172,40.581629000340406],[-73.98116900025948,40.581528000296935],[-73.98109200026657,40.58149300000312],[-73.9803900001097,40.582867000046555],[-73.98033999988098,40.58297799968788],[-73.98027399975875,40.58313300004042],[-73.9775039996644,40.58278400006536],[-73.97668100003202,40.5828260001509],[-73.97572000030736,40.582876000153426],[-73.97519399987759,40.582966999952895],[-73.97463800020891,40.583113999734856],[-73.97462499979011,40.58291099972357],[-73.9746180001174,40.58278599971264],[-73.97456600023888,40.5824900000924],[-73.97320299993302,40.58272399970242],[-73.97204200019182,40.58294400031513],[-73.97075900025192,40.58318600028986],[-73.97072499991671,40.583191999877776],[-73.97091599971243,40.58261200015448],[-73.97113400017062,40.58201899993475],[-73.97035400019595,40.58195000001987],[-73.96897800036962,40.581759000003],[-73.96837699959677,40.581674999830035],[-73.96849399977262,40.58142400022794],[-73.96903600009595,40.58025600031358],[-73.9691330001803,40.58004800015229],[-73.9691259996093,40.57937500024348],[-73.96946700009114,40.5781769998511],[-73.96951399994681,40.578015000008],[-73.96958699974175,40.57764200028455],[-73.96948600035772,40.57762099998218],[-73.96969600042003,40.57654700029219],[-73.96975699962105,40.576245000146464],[-73.96991999982768,40.57558299977529],[-73.96907000043112,40.575301999726676],[-73.96886799986643,40.575235999857284],[-73.96879099987355,40.57521099973472],[-73.96853700032865,40.5751420003032],[-73.9676820000109,40.57496699968542],[-73.96675399989822,40.57483300001803],[-73.9647110000751,40.57478199986025],[-73.96288099978898,40.57498300009622],[-73.96103399978446,40.575076000276],[-73.95941399956065,40.57515799998983],[-73.95942299978148,40.5739110002756],[-73.9598250003627,40.57391500010063],[-73.96004299992258,40.573908000065515],[-73.96042000038943,40.573895000290804],[-73.96133099988539,40.57382400026927],[-73.96214099999729,40.57371799990473],[-73.96325200040808,40.573621000042024],[-73.96379300000815,40.573570999945304],[-73.9642890003007,40.57352900019001],[-73.96490400041894,40.573486000104474],[-73.9657250004015,40.57341000017146],[-73.96655200023184,40.5733529998239],[-73.96714499971046,40.573319999959566],[-73.96747500032167,40.57324100028036],[-73.96741300039737,40.573128999867],[-73.9673940001308,40.57299299999036],[-73.96747000029877,40.57302299976615],[-73.96757099968283,40.573201000251764],[-73.96800800042413,40.573185000097105],[-73.9685830003594,40.57312899986701],[-73.96891600044533,40.57303399977154],[-73.96927600029544,40.572926000260566],[-73.96946999956589,40.572806999852],[-73.96935400011324,40.572618000293325],[-73.96922900043978,40.572344000273986],[-73.96928600034119,40.5723180001143],[-73.96954999993183,40.57280899979754],[-73.96978900030642,40.572849000060486],[-73.9702599995863,40.57284199991386],[-73.97053199957287,40.57281599994763],[-73.9710610003757,40.57273200014515],[-73.9713369996619,40.57263900011904],[-73.97136599997422,40.572514000019666],[-73.97125800001919,40.5722760002548],[-73.97114099984334,40.57204499987423],[-73.97118600004917,40.57193900010317],[-73.97128399995846,40.57210500026243],[-73.97149200037092,40.5724970000645],[-73.9716530000294,40.57257999984466],[-73.9720270001232,40.572622000195636],[-73.97243800002694,40.57258300011432],[-73.97293599996932,40.57248799992598],[-73.9733009998423,40.57235799998842],[-73.97335899956862,40.572253999993],[-73.97328300029896,40.57202900012551],[-73.97323499972008,40.57182300029005],[-73.9732509996136,40.571632000018475],[-73.97332400030683,40.571672000302655],[-73.97336699996455,40.57196400008362],[-73.97347300026976,40.57231299987247],[-73.97365099964667,40.572344000273986],[-73.97430000010011,40.57230500003061],[-73.97524499993122,40.57214000000914],[-73.97546800041229,40.572035999674924],[-73.97546099984132,40.57183500013891],[-73.9754120003358,40.57157999981794],[-73.97541099961258,40.57143600025902],[-73.97547199971193,40.57142800031233],[-73.97562599969773,40.572014999659956],[-73.97634000044849,40.572069000172455],[-73.9770109997449,40.57195899981534],[-73.97759999992388,40.571810999756735],[-73.97766000019831,40.57169200009464],[-73.97757999983239,40.5712430002552],[-73.97764799960444,40.57118200012051],[-73.97807000027714,40.571241999917866],[-73.97769000033556,40.5713060003247],[-73.97772399977242,40.571493000192575],[-73.97775200025984,40.57168000022015],[-73.97778200039706,40.57176700028478],[-73.97838099972346,40.57187999989394],[-73.97898800034409,40.571866999725216],[-73.97948399973832,40.57172799970511],[-73.97984699996148,40.57153299987748],[-73.97973999983135,40.57135499973123],[-73.97941400031642,40.571289000062656],[-73.97940599992052,40.57120699970141],[-73.97973999983135,40.571251999878825],[-73.9799530002667,40.571446999842934],[-73.97999799957422,40.57169400007349],[-73.98015199956002,40.57172999968289],[-73.9805859999283,40.571731000012925],[-73.98082199992983,40.57170700027584],[-73.98099900038017,40.571688000136746],[-73.98142299980438,40.571593000042434],[-73.98176599993603,40.571483999919],[-73.98202500040213,40.57147900029717],[-73.9820310002499,40.57142499999089],[-73.98192400011979,40.57132000025627],[-73.9815800001632,40.57130199966136],[-73.9816210001711,40.57124900023187],[-73.98184999960162,40.57123900027042],[-73.98203700009769,40.57128500008068],[-73.98214199967968,40.57156999990599],[-73.9824320001079,40.57156999990599],[-73.98289800026323,40.5715380001776],[-73.98333000008336,40.571448000177206],[-73.98372900029153,40.57137999992987],[-73.98418899970076,40.57134000015345],[-73.98419500044686,40.571235000285434],[-73.98425099962503,40.57120800003928],[-73.98438299986951,40.57133899981755],[-73.98473500022202,40.57130199966136],[-73.9849589996297,40.57127900010719],[-73.98561800012885,40.57121099968811],[-73.98632699995844,40.57113800023498],[-73.98654000039376,40.57109600031722],[-73.98802599982498,40.57095799971953],[-73.98859599973734,40.570897999667594],[-73.98855200025474,40.5707179998713],[-73.98865000016404,40.57070900017582],[-73.9887759996624,40.57087899998108],[-73.98965899956924,40.57078499976482],[-73.99009600031056,40.5707270002479],[-73.99043299969614,40.57066200030596],[-73.99064899960622,40.57062800013275],[-73.99075499991143,40.570467999767985],[-73.99074900006363,40.57025399981651],[-73.99081400036097,40.57029899995241],[-73.99086799988933,40.570532000232724],[-73.99100199978365,40.57057199980978],[-73.99123100011249,40.5705770001817],[-73.99150899994683,40.5705770001817],[-73.99175199962107,40.570530999884745],[-73.99198500014789,40.57050499970294],[-73.99214300033167,40.57050899973155],[-73.99241299977007,40.57048100020852],[-73.99275799955156,40.57047599982941],[-73.99296099994116,40.57037400033907],[-73.99295000007051,40.57023499994717],[-73.9929929997282,40.57021299969665],[-73.99302600023849,40.57028299978623],[-73.993154000285,40.57037200032076],[-73.99332199961619,40.57038100006157],[-73.99361500041745,40.57038999980111],[-73.99371300032675,40.5703910001512],[-73.99411699965947,40.57040100023941],[-73.99486700039523,40.570360000209604],[-73.9950260004039,40.57035499982148],[-73.99516000029823,40.57030999972323],[-73.99516399959785,40.57020300026275],[-73.99509900019883,40.57004900033087],[-73.99520399978081,40.570029000047825],[-73.99523599956785,40.57010400005477],[-73.99526499988018,40.5702989999524],[-73.99533100000242,40.570348000096274],[-73.99559399976816,40.57041100032605],[-73.99591500015852,40.57041800004464],[-73.99652400042896,40.57041899971197],[-73.99691000021835,40.57039599985432],[-73.99712899960315,40.5703919998189],[-73.99727400026643,40.570286999828134],[-73.99733199999274,40.57028000009585],[-73.99733299981766,40.57019199979198],[-73.99741300018361,40.57011600021188],[-73.9974619996891,40.57027499970173],[-73.99750000022223,40.5702989999524],[-73.99775399976714,40.570381999729406],[-73.99805500006603,40.5703770000253],[-73.99860499988694,40.570432000162],[-73.99913100031671,40.57044499992718],[-73.99963400028194,40.570457000023104],[-73.99965600002326,40.570426000112114],[-73.99977200037421,40.57051699978812],[-74.0000819999956,40.57046999978344],[-74.00028200001215,40.5704460002764],[-74.00051499964064,40.570426000112114],[-74.00107299985748,40.570352999802594],[-74.00156900015003,40.570265000277104],[-74.00187899977142,40.57015899973351],[-74.00204399962786,40.57014199986245],[-74.00204899965074,40.57006499987059],[-74.00198699972647,40.569607999867905],[-74.00208700018389,40.569596000302134],[-74.00211800014601,40.569726000146616],[-74.002150999758,40.56997099987565],[-74.00218000007031,40.570093000250104],[-74.00219299959078,40.57020700030948],[-74.00221000020753,40.570366000265466],[-74.00227399978164,40.570689999753334],[-74.00234999994963,40.571071000012495],[-74.00242199991963,40.57131400028597],[-74.00251800017911,40.57152000032371],[-74.00258900032422,40.571645000232856],[-74.002735999739,40.57175800004805],[-74.00285100026504,40.571800000232685],[-74.0029049997934,40.571858999830084],[-74.00278000011993,40.57192500030112],[-74.00290700034154,40.572071999782644],[-74.00305499958124,40.57215999966123],[-74.00334599983437,40.57227100000984],[-74.00343399969792,40.57225700027727],[-74.00354599985091,40.572122999958964],[-74.00392599979249,40.572189999810504],[-74.00409099964895,40.57226100020115],[-74.00401500037927,40.57233700007453],[-74.00392099976963,40.57241899973338],[-74.0039540002799,40.5725029999288],[-74.00404899981616,40.57260300031636],[-74.00421200002276,40.572680999750645],[-74.00448499983425,40.57276000009103],[-74.00481700009527,40.57287100012672],[-74.00518899964092,40.57302700032662],[-74.00540999957387,40.57305399983879],[-74.00581600035306,40.57321600009469],[-74.00611799957855,40.57327299987664],[-74.00641600040268,40.57336500008065],[-74.00674799976538,40.57346800009225],[-74.00864699964845,40.57379999991819],[-74.0091980001926,40.57386300030964],[-74.00970299980766,40.573950000265256],[-74.01029899965933,40.574144999872544],[-74.01073399985252,40.57420600003538],[-74.01070999956306,40.57409000005832],[-74.00966299962468,40.573778999774554],[-74.00975399986129,40.573606999909536],[-74.0102900003368,40.5738080002636],[-74.01071399976101,40.573989999846106],[-74.01105299969473,40.574113000010975],[-74.01205000030271,40.57485000006196],[-74.01243199989412,40.57560400003503],[-74.01261600001715,40.5766360000005],[-74.01293099966139,40.57748499968396],[-74.0130419999895,40.57776600011608],[-74.01313099967795,40.57793800020619],[-74.01302400044614,40.5780470000502]]]]}},{"type":"Feature","properties":{"zip":"11225","income":30192},"geometry":{"type":"MultiPolygon","coordinates":[[[[-73.96469900037953,40.66203399976541],[-73.96460200029514,40.662027999759204],[-73.96450500021076,40.66203799976919],[-73.96440300010352,40.66206799979017],[-73.9643239995625,40.662109000137704],[-73.96426699966109,40.662153999775434],[-73.96419399986615,40.66226099994299],[-73.96413799978964,40.66237500025117],[-73.96410299962955,40.66247600009837],[-73.96407699969028,40.662605000267774],[-73.96407400021555,40.66263599968494],[-73.96409400030703,40.66275200001402],[-73.964090999934,40.662874000072],[-73.96406900019268,40.66298000011991],[-73.9640290000097,40.66308499967345],[-73.96397499958304,40.66317900026278],[-73.96390099996317,40.66327300003816],[-73.96381200027474,40.66335800019222],[-73.96371099999239,40.66343200011788],[-73.96361899993089,40.663485999698715],[-73.96350500012807,40.663537999960425],[-73.9628940002078,40.66379799997943],[-73.96242899987739,40.663124999751915],[-73.96193900033091,40.66322399986008],[-73.96095599996666,40.66328499982596],[-73.96110800030263,40.66406299986003],[-73.96125800009044,40.66480200024674],[-73.96161600029073,40.66669499991714],[-73.96180600026155,40.66768100032806],[-73.96199600023233,40.66866300018205],[-73.96211099986004,40.66919500021701],[-73.96219399970074,40.6696410003365],[-73.96194900037668,40.66963700010729],[-73.9616630001464,40.67047700004672],[-73.96140700005337,40.671166000222776],[-73.96133799955808,40.671351999888586],[-73.95904700003786,40.670882000069284],[-73.95797400016019,40.6706569996791],[-73.95526900036319,40.67012499972487],[-73.95327000002268,40.670007000192214],[-73.95050199957818,40.6698559998678],[-73.94773099965889,40.66970499988282],[-73.94774999992548,40.66950099966693],[-73.94781799969755,40.66878400008899],[-73.9478989998884,40.667921999825744],[-73.94798400027722,40.6670309997693],[-73.94802500028509,40.66657499990038],[-73.94753499984033,40.66655900029066],[-73.94565500022384,40.66647999973394],[-73.94568399963782,40.6660079997626],[-73.94556399998724,40.66600200011389],[-73.9453010002215,40.66598800025013],[-73.94525600001566,40.66644400004438],[-73.9427670001287,40.66628599992772],[-73.94280499976354,40.665853000147735],[-73.94252799975409,40.665837999968055],[-73.94261300014291,40.66494700000622],[-73.94269599998361,40.66405500009507],[-73.94262800021153,40.664051000212176],[-73.94225800031568,40.663809000039116],[-73.94216399970604,40.66350200004562],[-73.93997799976779,40.66345300003576],[-73.9400289998214,40.66302099990683],[-73.94254000034799,40.66286400018736],[-73.94282900005298,40.66284700003929],[-73.9427670001287,40.662059999785875],[-73.94268799958768,40.66132099968297],[-73.94261099959479,40.660610000201224],[-73.94298800006166,40.66058599966096],[-73.94295299990155,40.66023799971534],[-73.94513100034219,40.66009599968991],[-73.94516700032719,40.660451000208965],[-73.94525400036584,40.660445999744454],[-73.94541300037449,40.660436999861425],[-73.94540300032875,40.660352000073736],[-73.94538999990996,40.66023299991633],[-73.94567299976717,40.66021999989203],[-73.94565900042178,40.66008300032034],[-73.94764000032062,40.659958999863576],[-73.94760099996256,40.659586000139036],[-73.94752200031985,40.65887600027136],[-73.94743299973307,40.658031000082396],[-73.94735400009036,40.657280000136886],[-73.94726399967867,40.65643699966503],[-73.95016000016972,40.65625999973838],[-73.95304800026483,40.656080999843155],[-73.9530940002956,40.656507999861766],[-73.95642799955624,40.656247000302784],[-73.95934300031388,40.6559829997885],[-73.95986100034771,40.65563499968277],[-73.9602050003043,40.65551399977293],[-73.96026999970333,40.65587400026779],[-73.96046399987206,40.65583900005888],[-73.96056699980423,40.65627099967815],[-73.96088399999662,40.65621000011294],[-73.96117199987673,40.65615399991553],[-73.96125200024267,40.656599000272124],[-73.96167400001706,40.656538000325284],[-73.96158299978046,40.655842999752686],[-73.96169099973551,40.65495100008331],[-73.96189999997286,40.6548710003217],[-73.96244399994599,40.65831499976337],[-73.96246200038766,40.65842499978053],[-73.96281399984184,40.66050399979416],[-73.9631000000721,40.66047100001876],[-73.96339799999795,40.66036700012432],[-73.96362700032681,40.66018999972138],[-73.96374399960435,40.659865000188034],[-73.96381300009963,40.65998900013807],[-73.96448900031724,40.661205999945096],[-73.96502499989445,40.66217300009793],[-73.96478600041817,40.662053999782074],[-73.96469900037953,40.66203399976541]]]]}},{"type":"Feature","properties":{"zip":"11226","income":29498},"geometry":{"type":"MultiPolygon","coordinates":[[[[-73.96666500020974,40.64802899988417],[-73.96702800043292,40.649947999791834],[-73.96614499962776,40.650297999925286],[-73.96526199972092,40.65064199991894],[-73.96465400017368,40.65088700031512],[-73.96524199962944,40.65174199985233],[-73.96575100034077,40.65250000010325],[-73.96621300029813,40.65318899994095],[-73.96414500036066,40.65399499982547],[-73.96189999997286,40.6548710003217],[-73.96169099973551,40.65495100008331],[-73.96158299978046,40.655842999752686],[-73.96167400001706,40.656538000325284],[-73.96125200024267,40.656599000272124],[-73.96117199987673,40.65615399991553],[-73.96088399999662,40.65621000011294],[-73.96056699980423,40.65627099967815],[-73.96046399987206,40.65583900005888],[-73.96026999970333,40.65587400026779],[-73.9602050003043,40.65551399977293],[-73.95986100034771,40.65563499968277],[-73.95934300031388,40.6559829997885],[-73.95642799955624,40.656247000302784],[-73.9530940002956,40.656507999861766],[-73.95304800026483,40.656080999843155],[-73.95016000016972,40.65625999973838],[-73.94726399967867,40.65643699966503],[-73.94715900009669,40.655594000126484],[-73.94705500033962,40.65456799985241],[-73.94703199987507,40.65433899984207],[-73.94687299986641,40.65279599978751],[-73.94677599978203,40.65185400010967],[-73.94727000042477,40.651825000079356],[-73.94721799964792,40.651238000116315],[-73.94670899983488,40.651264000255345],[-73.94669499959119,40.651135999787705],[-73.94667399967479,40.65094799997624],[-73.9466529997584,40.65075799997662],[-73.94708700012666,40.65074000032168],[-73.94706600021027,40.65057100029531],[-73.94715200042398,40.65056700028548],[-73.94703699989795,40.64945800006498],[-73.9465189998641,40.64948800029074],[-73.94649499957465,40.64925099970718],[-73.94647899968112,40.649100000101335],[-73.94645100009203,40.64883599993349],[-73.94697800034672,40.648793999748484],[-73.9468429997292,40.646979999736935],[-73.94724100011246,40.64696400019833],[-73.94705899963927,40.645250000313325],[-73.94615599964094,40.64530600011991],[-73.94607299980026,40.64531200026683],[-73.94598800030975,40.64453399966705],[-73.94612100037915,40.64452800013183],[-73.94621199971745,40.64452399975974],[-73.9461799999304,40.64419200007859],[-73.94646899963539,40.644175999871585],[-73.94642799962752,40.643786000285154],[-73.94613800009759,40.64380800018614],[-73.94610399976241,40.64340899967751],[-73.94586899958576,40.643424000129265],[-73.94629799993115,40.64290700029087],[-73.94613600044777,40.64109299977096],[-73.94607100015044,40.6404320000227],[-73.94554999974352,40.64042900007081],[-73.94552200015443,40.640164999685396],[-73.94650899981836,40.64010399971123],[-73.94668600026866,40.64009299983286],[-73.94724100011246,40.640060000186935],[-73.94744299977881,40.640048000311644],[-73.94841400044753,40.639987000230555],[-73.94828800005082,40.63882200032062],[-73.94925399979833,40.63874500033698],[-73.94926100036935,40.6388050001814],[-73.94970499988504,40.638769999881106],[-73.94968499979356,40.63851999992905],[-73.9501669998424,40.63849100023938],[-73.9511579997043,40.638428000070945],[-73.95213299967263,40.63842300000094],[-73.95307199965598,40.63842600004301],[-73.95359999973557,40.6384219999869],[-73.9537429998507,40.63856599981054],[-73.95393600019456,40.63847400001581],[-73.95398800007308,40.63867400032654],[-73.95441599969526,40.63849200025241],[-73.95452600019843,40.63863699993592],[-73.9555029998166,40.63815999988028],[-73.95551000038762,40.63771399991476],[-73.95569600016044,40.6376249997057],[-73.95656599964849,40.63720599976948],[-73.95663199977074,40.63755699994853],[-73.95699300034408,40.6375160001917],[-73.95750700017997,40.637182999704976],[-73.9574879999134,40.637083999811104],[-73.95798699968068,40.637038000271815],[-73.95796999996224,40.63678599989176],[-73.9583110004441,40.636741000186376],[-73.95825399964437,40.6363970001184],[-73.95840000013256,40.63632699970128],[-73.95952499988873,40.635786000195445],[-73.95997699980035,40.635567999756475],[-73.96040899962048,40.63535999988734],[-73.9613119996188,40.634925999738705],[-73.96220299992159,40.63450000007868],[-73.96264300013765,40.63428799998709],[-73.96310500009498,40.63406499971417],[-73.96312199981342,40.63416600015016],[-73.96314600010285,40.634313999912344],[-73.9635829999459,40.63427300020912],[-73.96370500014461,40.63493000000429],[-73.96387099982599,40.63485300030359],[-73.96409699978177,40.63515600030392],[-73.96421499978256,40.635100000162225],[-73.96426300036144,40.6353579997675],[-73.96430000017135,40.63555599975545],[-73.96386300032835,40.63575499989186],[-73.96400399989534,40.636477000213105],[-73.96446000000493,40.636412000100854],[-73.96449699981486,40.63660600020653],[-73.96451299970838,40.63668800013093],[-73.96495700012238,40.636479000299495],[-73.96538200026983,40.63627900022979],[-73.96544599984394,40.636619000059916],[-73.9650270004426,40.63666499988792],[-73.96535100030769,40.63864900006483],[-73.96579200034866,40.63844100025125],[-73.96588600005998,40.63893099974724],[-73.9654299999504,40.638991000106124],[-73.9656769998226,40.64030499989588],[-73.966134999582,40.640227000272525],[-73.96617399994008,40.64043100003878],[-73.96630600018455,40.64113400005744],[-73.96640900011671,40.641681000323004],[-73.96605500011438,40.64172400017749],[-73.96589600010572,40.64174300018369],[-73.96626799965141,40.64345500027973],[-73.96633200012383,40.643767000178904],[-73.96663400024761,40.64372800001566],[-73.96679200043135,40.643707999958046],[-73.9668230003935,40.643869000183535],[-73.96686699987612,40.64409899992926],[-73.96640099972079,40.64414999969741],[-73.96684799960956,40.64654199990607],[-73.96731899978774,40.64648900013463],[-73.96754599956846,40.64768300030132],[-73.96666500020974,40.64802899988417]]]]}},{"type":"Feature","properties":{"zip":"11228","income":44932},"geometry":{"type":"MultiPolygon","coordinates":[[[[-74.02851299961164,40.614029999698445],[-74.02838499956512,40.61424899990512],[-74.02741600034287,40.61522499977042],[-74.02665599956136,40.61592199985723],[-74.02663200017022,40.615948999782766],[-74.02646700031379,40.61611499981771],[-74.02630199955904,40.616334999672155],[-74.02664600041393,40.61650799978037],[-74.02588599963242,40.617372000091194],[-74.02552800033044,40.61784199979022],[-74.02454300031636,40.6189899998642],[-74.02365399966342,40.619960000323154],[-74.02338500004991,40.61979400029597],[-74.02328700014061,40.61991199999621],[-74.02226199994355,40.621086999848764],[-74.02176200035134,40.62159100019631],[-74.02120400013452,40.62224600016182],[-74.02115800010377,40.622299000089455],[-74.02110700005015,40.62235899971233],[-74.02101699963845,40.62246399977502],[-74.02065199976548,40.62290300033392],[-74.0202240001433,40.62339900006736],[-74.02019800020405,40.623433000004965],[-74.02001499990592,40.623678000046],[-74.01977800007948,40.62399800012375],[-74.0196049998271,40.62428900031018],[-74.01945900023725,40.62429100007976],[-74.01940300016075,40.62429299984935],[-74.01921800021282,40.62429899983952],[-74.0188790002791,40.624303000059925],[-74.01784200038648,40.62659100028021],[-74.01722300007027,40.62810099997661],[-74.01693400036528,40.62881700030452],[-74.01688400013656,40.62894700025481],[-74.01664300011214,40.629575999953225],[-74.01634299963817,40.63028600001355],[-74.01604800008539,40.63103299987719],[-74.01490300023774,40.63035300022384],[-74.01484700016123,40.62992300013752],[-74.01284600017091,40.62865599991045],[-74.01214200036422,40.628684000303316],[-74.01207399969384,40.62864299987023],[-74.01178199961579,40.628465999856594],[-74.01206299982317,40.62818800027476],[-74.01108100018213,40.62759799983933],[-74.0108119996703,40.627881000009964],[-74.01068000032414,40.62780099984238],[-74.01050000039909,40.62769300014597],[-74.01059999995819,40.6275960001687],[-74.01074200024843,40.627458999750004],[-74.01034399986516,40.62722300021595],[-74.01038999989592,40.62717800020144],[-74.00897200023678,40.626320999910476],[-74.0088040000073,40.626488999783994],[-74.00840499979914,40.626257999848974],[-74.00829900039221,40.626361000210885],[-74.0081350003607,40.62626199995205],[-74.00796200010834,40.62615799992152],[-74.00824400014064,40.625881999999294],[-74.0067710002299,40.62499499981127],[-74.00650599991606,40.62527900031413],[-74.00639999961084,40.62521599995151],[-74.00609500001232,40.62503299979493],[-74.00601999966923,40.6249879996684],[-74.0059319998057,40.62493499982901],[-74.00612400032463,40.62474500009775],[-74.00594900042245,40.62464099975042],[-74.00603999976073,40.62456499999729],[-74.00458100009371,40.62366199969503],[-74.00441000038948,40.623819999839306],[-74.00401100018131,40.62358699974604],[-74.00389200035563,40.62370099998982],[-74.00369999983668,40.623584999955355],[-74.00350400001811,40.62346699992518],[-74.00380000029413,40.62318599994434],[-74.00239699980527,40.62234099989932],[-74.0021020002525,40.62261899995552],[-74.00188299996938,40.622485999884105],[-74.0016939998235,40.622372000294],[-74.00164500031802,40.62224499990547],[-74.00164299976989,40.62189300011124],[-74.00022400028583,40.62103499991577],[-73.99949100016681,40.62104300006544],[-73.99959199955083,40.620944000106114],[-73.99925599999017,40.62071999999398],[-73.99936399994522,40.62060199967549],[-73.9991160002481,40.62046100014256],[-73.99891100020868,40.62069299995105],[-73.99859499984119,40.62050200014375],[-73.99863500002417,40.620353999771226],[-73.99819700035623,40.620087999889854],[-73.9982709999761,40.62000200023997],[-73.99820999987672,40.61996600002061],[-73.99829199989249,40.619875999728364],[-73.99797999972294,40.61967700000025],[-73.99826900032626,40.61939300022495],[-73.99807199978446,40.61927500028981],[-73.99787099994302,40.61915399992031],[-73.99845599992402,40.61859500024263],[-73.99902699966131,40.618028999788244],[-73.99927100005878,40.618178000174126],[-73.99942599986949,40.617628000032575],[-73.99948799979377,40.6174050000402],[-73.99962000003825,40.6174709998892],[-74.00019699962334,40.6169159997474],[-74.00082400033547,40.616313999928096],[-74.00144899960111,40.61571099978538],[-74.0020310001074,40.615153000300985],[-74.00261400043858,40.61459399987688],[-74.00295099982417,40.61479800021982],[-74.00351300023894,40.61422699981091],[-74.0036029997523,40.614281000339204],[-74.00417500021285,40.61371500016014],[-74.00448800020729,40.61338500012263],[-74.00411999996126,40.61314499975356],[-74.00435900033587,40.612916999866044],[-74.00494199976873,40.61235599970191],[-74.00552099990195,40.611798000157684],[-74.00601399982146,40.611325000325486],[-74.00668300036637,40.61068100029966],[-74.00731100000507,40.61007700002736],[-74.00753500031107,40.60986099974736],[-74.00761899997666,40.60978000005903],[-74.00783499988673,40.60991399995327],[-74.00807799956097,40.60964399968802],[-74.00835100027076,40.60979799984668],[-74.0084809999671,40.609654999808505],[-74.00854600026442,40.60968999968403],[-74.0090159997194,40.608975999824516],[-74.00939700038424,40.608570000032394],[-74.00907799964368,40.60837799988307],[-74.00928400040631,40.60817900000576],[-74.00938099959238,40.60808499969309],[-74.00976800010498,40.60832199979246],[-74.01090399973182,40.607240000276576],[-74.01051899976736,40.606991999875014],[-74.0106910001948,40.60682700016775],[-74.01082300043927,40.60670100004256],[-74.01097300022711,40.60655599989682],[-74.01102400028071,40.6065059998677],[-74.01142699978854,40.60670899986274],[-74.01276800035309,40.60542100011624],[-74.01266500042095,40.60536699992992],[-74.01417500014159,40.603988999687374],[-74.01391099965262,40.603504000204865],[-74.01398000014791,40.60342800027644],[-74.014520999748,40.60281300004544],[-74.01447600044045,40.602492000245746],[-74.01445499962576,40.60233599987573],[-74.01477500019122,40.602013999954316],[-74.0153309998599,40.602179999823704],[-74.01553800044745,40.602200999917436],[-74.01603899986456,40.60229899981328],[-74.01667300024937,40.60239800011886],[-74.01720800000167,40.60244799981099],[-74.01787199962538,40.602447999811],[-74.01831400038958,40.6023670000045],[-74.01844699956065,40.602382999999314],[-74.01868799958507,40.602451000105106],[-74.01912299977826,40.602558999689585],[-74.0194500000164,40.60282800006848],[-74.01923999995412,40.60309100019857],[-74.01919399992337,40.603132999807116],[-74.01873199996602,40.60357000014445],[-74.01864099972941,40.60365499994996],[-74.01823099965058,40.60410799986646],[-74.01752000017119,40.604884999719225],[-74.01731699978161,40.60510700006413],[-74.01728400016965,40.60513800027172],[-74.01549900008939,40.60684199997194],[-74.01623600040637,40.60723300031913],[-74.01701899985578,40.60765500014679],[-74.01760100036205,40.60713100027122],[-74.01795500036438,40.6069399998831],[-74.01838800000941,40.60690700022135],[-74.0191539997404,40.60696700002821],[-74.02002499995166,40.60713100027122],[-74.020378999954,40.607240000276576],[-74.02092399975204,40.60748499968987],[-74.02150200006035,40.60782800022396],[-74.02430399994175,40.609457000089904],[-74.02477500011994,40.60967600028161],[-74.02475599985337,40.60978200026301],[-74.0246939999291,40.60995999976343],[-74.02458199977609,40.61023000011587],[-74.02278900019823,40.61459599993675],[-74.02395999998518,40.61516099979125],[-74.02452599969962,40.615444999827886],[-74.0243779995616,40.615637999802516],[-74.02424600021544,40.615568000127],[-74.02340900033934,40.61654399981751],[-74.02386100025097,40.616762999966504],[-74.02371700031094,40.61693699998412],[-74.02400199981797,40.617078999788085],[-74.02420299965942,40.616766000299855],[-74.02442000029271,40.61686999995262],[-74.0250749996956,40.616055000041655],[-74.02463600020278,40.61583800032215],[-74.02483399967117,40.61560199995906],[-74.02501299977132,40.61529499980528],[-74.0253140000702,40.61543699968975],[-74.02545800001025,40.61550500015178],[-74.02689699958579,40.61307099998303],[-74.026818999768,40.613044999970455],[-74.02701299993674,40.612688999882465],[-74.02755000023717,40.612925000305935],[-74.02821300003599,40.61325999979645],[-74.02830500009749,40.61329100031379],[-74.02850699976386,40.61335900023226],[-74.02897200009427,40.61351599980979],[-74.02867599981826,40.61383800023456],[-74.02851299961164,40.614029999698445]]]]}},{"type":"Feature","properties":{"zip":"11229","income":37812},"geometry":{"type":"MultiPolygon","coordinates":[[[[-73.96230500002882,40.60999399972137],[-73.96137299971818,40.61009900012401],[-73.96044399978058,40.610202000170425],[-73.95951999986586,40.610302000116555],[-73.95859299957809,40.61040299966469],[-73.9582269998802,40.61044099976576],[-73.95807399971932,40.61045800030647],[-73.95766899966337,40.61050399974216],[-73.95670499956569,40.610611999953186],[-73.95574100036629,40.61071499989075],[-73.95479599963686,40.610819999842505],[-73.95359899991065,40.6109500000413],[-73.95363200042094,40.611124000194785],[-73.95367099988069,40.61133199985434],[-73.95309900031847,40.61141499986233],[-73.95265099970649,40.611450000179914],[-73.95262300011741,40.61129400025996],[-73.95257700008665,40.61103700017467],[-73.95163300008043,40.61112299977195],[-73.95070599979266,40.611250000164254],[-73.95077799976268,40.61163500018993],[-73.9508139997477,40.61182499970398],[-73.95092400025088,40.61240300028055],[-73.95046700031637,40.61245700023714],[-73.95048800023277,40.61260699981183],[-73.9500249995522,40.612654999931884],[-73.95014599992601,40.613294000121066],[-73.9499479995593,40.61332799974647],[-73.94980699999229,40.61345099985135],[-73.9492089995925,40.61352900006668],[-73.94915199969108,40.61322800023729],[-73.94911900007912,40.61305299971314],[-73.94833499990648,40.61358000000086],[-73.94825500043886,40.61363599977673],[-73.94745799984743,40.6141990001765],[-73.94752899999256,40.61461999996857],[-73.94758599989393,40.61495400014205],[-73.94661599994846,40.61501600027227],[-73.94669200011646,40.61541999973388],[-73.94623199980892,40.61548099975593],[-73.94627799983967,40.6157200002448],[-73.9458150000574,40.61577400024825],[-73.94573700023959,40.61536299972997],[-73.94482699967024,40.61604600030927],[-73.94457399995026,40.61480399969902],[-73.9444350000331,40.61407899985683],[-73.94398300012148,40.614136000274236],[-73.94393200006785,40.61388800023332],[-73.94322700043624,40.61328700011583],[-73.94297899984082,40.61344899975726],[-73.94274399966416,40.61323800005856],[-73.94267099986924,40.61317299982968],[-73.9430769997501,40.612890000079055],[-73.94191900038197,40.611841999892555],[-73.94146599974711,40.61209299988747],[-73.9411610001486,40.61181999968779],[-73.94102100040652,40.611694000111235],[-73.94091099990334,40.611594000202395],[-73.9413109999364,40.6113039996887],[-73.9400070000801,40.61013399976697],[-73.93984899989634,40.61025500010593],[-73.93959799982619,40.61002399995066],[-73.93934699975601,40.610186999756436],[-73.9391979997931,40.61005299972763],[-73.93902899973871,40.609899999915825],[-73.93944800003835,40.60964200016187],[-73.93828099955107,40.6085739998307],[-73.93785600030195,40.60884299987034],[-73.9377750001111,40.60877099966163],[-73.93753699956142,40.60855700017468],[-73.93829700034291,40.60806199982867],[-73.93901200002027,40.607599999925945],[-73.9397259998727,40.607132999872434],[-73.9383729996126,40.605917999883026],[-73.93791599967808,40.60549800033158],[-73.93609399978791,40.60387300020872],[-73.9342629996769,40.6022299996789],[-73.9335510003726,40.602686999855315],[-73.93173399960699,40.60106200027749],[-73.92992199976256,40.59943700007348],[-73.92813099983451,40.59777799991196],[-73.9287910001586,40.59732300017374],[-73.92956899958513,40.596820000203735],[-73.92866899995985,40.59602100010039],[-73.92760000028017,40.59506099980913],[-73.92653300025032,40.59410400004478],[-73.92547200006825,40.59314900024493],[-73.92440400021349,40.592185000230614],[-73.92405500023402,40.59187200010719],[-73.92363799958419,40.5914969998195],[-73.9233210002901,40.5912120002953],[-73.9223079997886,40.590308000077094],[-73.92095999955136,40.5890950000194],[-73.91972500019033,40.587987000136856],[-73.91799100016368,40.58653399985608],[-73.91789599972913,40.58644200002402],[-73.91770900013138,40.5862689998563],[-73.91765600042794,40.58613900009031],[-73.91787200033801,40.58597500019308],[-73.91766300010062,40.585605000195756],[-73.91784600039873,40.58550500014014],[-73.91798299976776,40.58545299980653],[-73.91815900039317,40.58537300000148],[-73.91827099964786,40.58533100015083],[-73.91831099983082,40.585404999934966],[-73.9184280000067,40.585332999721984],[-73.91875799971959,40.58523699977223],[-73.91885399997904,40.585139000107766],[-73.91899100024641,40.58504199974851],[-73.91920600033156,40.58492799972324],[-73.91951799960276,40.584896000243745],[-73.91971500014456,40.58477999969972],[-73.91994399957511,40.584645999903],[-73.92024900007198,40.58465200004224],[-73.92067900024226,40.584703000180255],[-73.92097200014523,40.584579999700814],[-73.92115000042047,40.5846490003138],[-73.9213570001097,40.584652000042226],[-73.92165699968535,40.58465400031592],[-73.9220550000686,40.58467300018403],[-73.92258700034618,40.584674999774855],[-73.92265299957009,40.584645999903],[-73.92303400023492,40.584768000126026],[-73.9231609995582,40.584768000126026],[-73.92345000016152,40.58481800004124],[-73.9236030003224,40.58478199996958],[-73.92379999996588,40.58474300015433],[-73.92407699997533,40.58466700004676],[-73.92431999964958,40.58466300018231],[-73.92453300008489,40.584645999903],[-73.92471999968267,40.5846490003138],[-73.9250600003396,40.58472800016692],[-73.92536999996099,40.58469099991053],[-73.92552399994679,40.584825000299304],[-73.92571899994046,40.58490299981141],[-73.92579799958317,40.58493700023497],[-73.92594800026932,40.58500699992897],[-73.92551599955087,40.58527200015363],[-73.92622100008079,40.58546600006424],[-73.92681899958227,40.58639900005175],[-73.92792199959715,40.587502999943815],[-73.92796699980298,40.58876000014887],[-73.92978000037064,40.58889099966884],[-73.9307340004226,40.58963100014187],[-73.93095500035552,40.59068999985525],[-73.93088099983737,40.591382999882725],[-73.93031799959768,40.59166499994648],[-73.93038500044314,40.591732000009344],[-73.93034500026016,40.592064999946764],[-73.930423000078,40.59213499968373],[-73.93042200025305,40.59221700031537],[-73.93046499991077,40.592299000164346],[-73.93044300016945,40.59243100027566],[-73.93050699974356,40.592513999881454],[-73.93048400017734,40.59261200033535],[-73.93054899957635,40.592679000131476],[-73.93054899957635,40.59271099997989],[-73.93046300026094,40.59272700023936],[-73.93002300004488,40.592504999707295],[-73.93033600003932,40.59283599985906],[-73.930270999742,40.59290200009934],[-73.93026999991709,40.59293499985402],[-73.93022700025938,40.593000999996605],[-73.93020499961978,40.593017000186755],[-73.92977899964741,40.592861000216125],[-73.93007699957325,40.59316399970795],[-73.93001499964896,40.59325599984244],[-73.9299889997097,40.59334499982985],[-73.92990199967106,40.593458999832315],[-73.92988300030281,40.59353900019667],[-73.92988300030281,40.59358899969369],[-73.92989199962531,40.59363799983292],[-73.92986099966318,40.59368599993451],[-73.92986099966318,40.59371999998564],[-73.92994699987692,40.593753000018694],[-73.93001100034931,40.593785000035254],[-73.93001100034931,40.593868000006715],[-73.92999000043291,40.59390099996672],[-73.93003200026573,40.59396699983792],[-73.9300310004408,40.59413099991798],[-73.93009599983984,40.59423000004191],[-73.93018100022863,40.59434699987538],[-73.93024599962764,40.59437900028974],[-73.93033199984137,40.59439600014126],[-73.9303960003138,40.59447900003636],[-73.93080999969226,40.59459600011627],[-73.9309389995637,40.59459600011627],[-73.93119600037996,40.59470600008629],[-73.93122999981682,40.594645000199655],[-73.93133699994695,40.5946779997762],[-73.93144999992485,40.594660000009206],[-73.93155799987989,40.59464400021222],[-73.93162499982704,40.594577000338795],[-73.93189099996582,40.594753000117485],[-73.93243099974099,40.59523800033864],[-73.93305599990497,40.59488700012668],[-73.93301099969912,40.594639000274924],[-73.93400599975897,40.594527000216374],[-73.93494899994026,40.5944289998407],[-73.93501900026045,40.59478199969939],[-73.93505699989528,40.5949740000245],[-73.93574499980845,40.59487500032005],[-73.93591200021307,40.59560299969685],[-73.9373180001766,40.59542300020632],[-73.93726100027521,40.595079000150264],[-73.93721199987141,40.594725999813335],[-73.93787999969308,40.59464400021222],[-73.93785399975381,40.594511999694866],[-73.93879799976001,40.59441000001574],[-73.93884700016383,40.59465100012389],[-73.93974500013928,40.59455399991877],[-73.93970900015427,40.594288000328895],[-73.94067800027484,40.594159999769616],[-73.94066499985604,40.59409100010193],[-73.94061100032769,40.59380800003763],[-73.94163099960357,40.59369099994313],[-73.94255799989133,40.593587999690456],[-73.9434840003542,40.59348699997075],[-73.94354499955523,40.59381200003727],[-73.94355499960099,40.59386400001044],[-73.94448000023893,40.59376100002429],[-73.94440800026891,40.593385000092205],[-73.94537400001643,40.59328000003467],[-73.94633700028922,40.593173999802836],[-73.94726399967867,40.59307200012896],[-73.94819000014155,40.59296700026205],[-73.94911599970608,40.592868000314404],[-73.95015199977378,40.59275399998651],[-73.9513490003983,40.5926219998307],[-73.95230000007722,40.592513999881454],[-73.95325999997694,40.59241299990374],[-73.95422300024973,40.592307999684074],[-73.95463699962819,40.59224799967946],[-73.95514799998935,40.59220700007735],[-73.95607699992695,40.59210100019093],[-73.95700300038982,40.59200200032547],[-73.95702299958299,40.592108999712025],[-73.95709499955301,40.59249300015531],[-73.95755300021072,40.59245500008184],[-73.95759099984556,40.59262499988367],[-73.95803100006161,40.59258199979404],[-73.95785000031164,40.59224799967946],[-73.95767600023437,40.59192899968306],[-73.95899799963406,40.59178400023582],[-73.95906100028155,40.592115999889046],[-73.9591349999014,40.592503999687835],[-73.95919799965058,40.59283699987352],[-73.95965899978303,40.59278599979896],[-73.95972900010322,40.59312800003603],[-73.95926299994791,40.59317899984969],[-73.9593039999558,40.59340100019044],[-73.9593259996971,40.59351800011032],[-73.9596920002933,40.593474999912864],[-73.95976699973808,40.59386300001134],[-73.95965399976016,40.593875999998524],[-73.95939799966715,40.5939049999608],[-73.95945000044397,40.59440100009678],[-73.95946799998731,40.59456599978302],[-73.95952099969077,40.59486799974975],[-73.95956900026967,40.59513799968086],[-73.96008499975538,40.59508200009298],[-73.96017599999199,40.59515699998105],[-73.96030200038868,40.59585200003494],[-73.96012400011345,40.595869000194014],[-73.96019400043365,40.59625200022542],[-73.96026999970333,40.59624399983579],[-73.96033400017572,40.59658800003662],[-73.96044799997854,40.59658500016148],[-73.96065499966777,40.598055999860534],[-73.96011999991548,40.59810999981457],[-73.96013199961105,40.59816800014614],[-73.96018000018995,40.59841899966011],[-73.9601919998855,40.59857299976505],[-73.96034599987131,40.6004919997091],[-73.96036299958973,40.60069799992737],[-73.96037600000851,40.60087800022082],[-73.96038699987918,40.601025000191854],[-73.96084700018672,40.60098399983341],[-73.96098100008102,40.60271500022118],[-73.96051999994856,40.60273899974603],[-73.96052400014652,40.60278999973074],[-73.96055000008579,40.603116999991826],[-73.96099299977656,40.60306799997953],[-73.96119699999107,40.60541700012915],[-73.96173199974338,40.605358000121974],[-73.96188599972916,40.607336000008985],[-73.96196600009512,40.60784299980352],[-73.96200299990502,40.60804100021237],[-73.96147099962747,40.60811599988339],[-73.96179200001784,40.60980800018131],[-73.96233099996809,40.60973299968127],[-73.96238000037188,40.60998600029443],[-73.96230500002882,40.60999399972137]]]]}},{"type":"Feature","properties":{"zip":"11230","income":32327},"geometry":{"type":"MultiPolygon","coordinates":[[[[-73.97771000042704,40.62996899980651],[-73.97741699962576,40.63011199999802],[-73.97744199974011,40.63028899973947],[-73.97748600012105,40.63059499971108],[-73.97724900029459,40.63070700000517],[-73.97716499973069,40.6307469997238],[-73.97707100001935,40.63025300029228],[-73.97573799985072,40.6308859997869],[-73.97272799955687,40.63240899984816],[-73.97280799992281,40.632805999782654],[-73.97241899976036,40.63299200005957],[-73.97216100001751,40.63311199980927],[-73.97190400009958,40.63322999984146],[-73.97087600042777,40.63372000008972],[-73.96986899977406,40.63419400027772],[-73.9696190004271,40.633840999977195],[-73.96794099957867,40.63463200001432],[-73.96818699962596,40.63497999989518],[-73.9676269997593,40.635237999964104],[-73.96754300009371,40.634947999832995],[-73.96711600029649,40.63501800033256],[-73.9661759995899,40.63545900029261],[-73.96625400030602,40.63586699971124],[-73.96538200026983,40.63627900022979],[-73.96495700012238,40.636479000299495],[-73.96451299970838,40.63668800013093],[-73.96449699981486,40.63660600020653],[-73.96446000000493,40.636412000100854],[-73.96400399989534,40.636477000213105],[-73.96386300032835,40.63575499989186],[-73.96430000017135,40.63555599975545],[-73.96426300036144,40.6353579997675],[-73.96421499978256,40.635100000162225],[-73.96409699978177,40.63515600030392],[-73.96387099982599,40.63485300030359],[-73.96370500014461,40.63493000000429],[-73.9635829999459,40.63427300020912],[-73.96314600010285,40.634313999912344],[-73.96312199981342,40.63416600015016],[-73.96310500009498,40.63406499971417],[-73.96264300013765,40.63428799998709],[-73.96220299992159,40.63450000007868],[-73.9613119996188,40.634925999738705],[-73.96040899962048,40.63535999988734],[-73.95997699980035,40.635567999756475],[-73.95952499988873,40.635786000195445],[-73.95840000013256,40.63632699970128],[-73.95819799956787,40.63528899968535],[-73.95716800024626,40.635404999841846],[-73.95672100035752,40.633016000299456],[-73.95636499980704,40.631185999697145],[-73.9564309999293,40.63112400025798],[-73.95651899979283,40.63101199998152],[-73.95657499986933,40.630904000024024],[-73.95661000002943,40.63079200006036],[-73.956621999725,40.630694999812206],[-73.95661599987723,40.630590999867536],[-73.95729899976752,40.63051199967024],[-73.95712399986532,40.62958600005453],[-73.95661199967924,40.62962599976284],[-73.95609899966827,40.629664999983866],[-73.95604400031499,40.629459999896234],[-73.95581199961309,40.628233999775354],[-73.95536399989942,40.6258439998169],[-73.95490799978985,40.62345400023851],[-73.95594100038282,40.623340000254956],[-73.95592499959099,40.62325599981965],[-73.95535999970146,40.623184999702126],[-73.95503599983637,40.62129699971701],[-73.95531700004376,40.62096799990308],[-73.95445699970314,40.62106199982047],[-73.95400300014171,40.61867200027959],[-73.95355299987992,40.61628100012212],[-73.954024999883,40.61622899985753],[-73.95351699989489,40.61356800014017],[-73.95309900031847,40.61141499986233],[-73.95367099988069,40.61133199985434],[-73.95363200042094,40.611124000194785],[-73.95359899991065,40.6109500000413],[-73.95479599963686,40.610819999842505],[-73.95574100036629,40.61071499989075],[-73.95670499956569,40.610611999953186],[-73.95766899966337,40.61050399974216],[-73.95807399971932,40.61045800030647],[-73.9582269998802,40.61044099976576],[-73.95859299957809,40.61040299966469],[-73.95951999986586,40.610302000116555],[-73.96044399978058,40.610202000170425],[-73.96137299971818,40.61009900012401],[-73.96230500002882,40.60999399972137],[-73.96238000037188,40.60998600029443],[-73.96337000040886,40.609879000195164],[-73.9642959999734,40.60977700009398],[-73.9652240000861,40.60967400007442],[-73.96629799978862,40.6095550002582],[-73.96739900015369,40.60943400001564],[-73.96766799976719,40.60940400020344],[-73.96794099957867,40.6093739996958],[-73.96904100011879,40.60925400025836],[-73.96997000005639,40.60914999966232],[-73.97089599962094,40.60905000003824],[-73.97191300032043,40.60893600002508],[-73.97299399969563,40.60881400025022],[-73.97317600016883,40.60976699975471],[-73.97377799986828,40.60969100012835],[-73.97397799988482,40.61092800022476],[-73.97444499986506,40.61087399971449],[-73.97448000002515,40.611066000193986],[-73.97451500018524,40.611256999700935],[-73.97455100017027,40.61144299998148],[-73.97405999990058,40.61149499987927],[-73.97446099975858,40.61359100015539],[-73.97399299995342,40.614029999698445],[-73.97444400004014,40.616420999951444],[-73.97446900015449,40.616555000165945],[-73.97449500009377,40.61669500010294],[-73.97462999981299,40.61740700001588],[-73.97481300011108,40.618366999860534],[-73.97486599981453,40.618643999780495],[-73.97529599998484,40.62091299973053],[-73.9753780000006,40.62079299987865],[-73.97703300038452,40.62153000029834],[-73.97694700017078,40.621601999713626],[-73.9766159997347,40.62194199995739],[-73.97616399982306,40.62197599995479],[-73.97600999983729,40.62198700009065],[-73.97624300036411,40.62326399970331],[-73.97679400000992,40.623254000019024],[-73.97683400019288,40.6234809998472],[-73.97688100004856,40.62372899973278],[-73.97645300042639,40.62380199973816],[-73.97680400005567,40.62530500033824],[-73.97623499996818,40.62597599981927],[-73.97645000005333,40.627008000327564],[-73.97651399962744,40.6272940001317],[-73.97657800009985,40.627573999697425],[-73.9775239997559,40.62797800025503],[-73.9777780001991,40.62819299974773],[-73.97803900031501,40.62835299972962],[-73.97818300025504,40.62844099986305],[-73.97899199964374,40.628925999703064],[-73.97940500009561,40.62917499997591],[-73.97771000042704,40.62996899980651]]]]}},{"type":"Feature","properties":{"zip":"11231","income":45154},"geometry":{"type":"MultiPolygon","coordinates":[[[[-74.01954499955266,40.67716300033555],[-74.01910299968678,40.677204000259614],[-74.01921200036504,40.67778100027197],[-74.01902800024202,40.677873999799566],[-74.01838499963637,40.6779290000525],[-74.01837700013877,40.678192000126806],[-74.01840800010092,40.678319999774644],[-74.01936200015285,40.67828800005604],[-74.0196319995913,40.678429000084705],[-74.01841099957564,40.678503999732],[-74.01824700044243,40.678515000091],[-74.01827500003151,40.67868199999238],[-74.0184290000173,40.67878599993985],[-74.01859100039904,40.67897799999304],[-74.01941900005427,40.67894100014997],[-74.0195489997506,40.67903500018977],[-74.0194919998492,40.67919699972985],[-74.01939899996279,40.67957299969352],[-74.01934700008424,40.67954799976721],[-74.01931699994702,40.67960799971091],[-74.0190769997475,40.67976300005355],[-74.01892500030986,40.679841999860905],[-74.01898300003619,40.679897999926375],[-74.0187389996387,40.680045999775686],[-74.0186730004148,40.68008599989943],[-74.01857899980513,40.68014399990009],[-74.01848199972076,40.68020299991941],[-74.01826300033596,40.68033399999508],[-74.01779700018064,40.680619000143864],[-74.01771299961672,40.68065999998614],[-74.01764400001976,40.680598000181696],[-74.01757399969955,40.680643999668526],[-74.01755899963095,40.6806449997311],[-74.01746300026979,40.680632000279346],[-74.01743999980525,40.6806359998489],[-74.01729000001743,40.68073100028478],[-74.01652000008849,40.6811939997826],[-74.01630900020129,40.681319999692505],[-74.0153450001036,40.68189700018407],[-74.01523700014856,40.68199599967313],[-74.01532300036229,40.68211199970622],[-74.0152749997834,40.68214200023398],[-74.01316699966296,40.68341100017709],[-74.01283500030024,40.68360899996048],[-74.01276800035309,40.68360499988809],[-74.01263000026084,40.683471000049714],[-74.01248399977266,40.683553000287816],[-74.01212599957236,40.68376999994936],[-74.011923999906,40.68389399973068],[-74.01093999971684,40.684484999808916],[-74.00859499976993,40.68590399985848],[-74.00851299975416,40.685963000228824],[-74.00842499989061,40.68601599997436],[-74.00838600043087,40.68596900012501],[-74.0081350003607,40.68561499987607],[-74.00549699961252,40.68584700008609],[-74.0048530000803,40.6856679998983],[-74.00450400010082,40.686300999669704],[-74.00236400019332,40.68573700033968],[-74.00203899960499,40.68640400001507],[-74.00171800011294,40.687068999894436],[-74.00138900022498,40.68775099988373],[-74.00129100031569,40.687951000302974],[-74.00092700026761,40.68783199966948],[-74.00085899959723,40.6879560000674],[-73.99989600022276,40.687641999831705],[-73.9999199996139,40.68759399980849],[-74.00005400040651,40.68731799985552],[-73.99996200034501,40.68728599968828],[-73.9998629997125,40.687251000296705],[-73.99969600020623,40.687198000170994],[-73.9996379995816,40.68731499996819],[-73.99960499996963,40.68738200014384],[-73.99930299984584,40.68728199983659],[-73.9992280004011,40.687419000069646],[-73.9983560003649,40.68713099981034],[-73.99844699970318,40.68693200030424],[-73.99813399970873,40.68681399986466],[-73.99818899996032,40.68669999978418],[-73.99727799956608,40.68639800015805],[-73.99712399958027,40.68634699998915],[-73.99698800003615,40.68660199976228],[-73.99647900022313,40.68643899985149],[-73.99651299966001,40.68637999990253],[-73.99626099976493,40.68629499980344],[-73.99635799984932,40.68609599984456],[-73.99617999957407,40.686037000273174],[-73.99602800013643,40.685986999810375],[-73.9958570004322,40.68632699976528],[-73.99462100034793,40.68590999975999],[-73.99463700024147,40.685792000235594],[-73.9947440003716,40.685562999800375],[-73.99453799960895,40.685494999849844],[-73.99440799991261,40.68545300026644],[-73.99457799979193,40.685099999997156],[-73.99219199983713,40.68417800031628],[-73.99195199963762,40.68408400003581],[-73.98999199965519,40.6833190002221],[-73.99042400037362,40.682694000313234],[-73.99086700006443,40.68205800022097],[-73.99040799958178,40.681879000075384],[-73.99057699963619,40.6815460002534],[-73.98891399975466,40.680898000084525],[-73.98912899983982,40.68058099978567],[-73.98808000025163,40.68017199981186],[-73.98855999975234,40.67955899995395],[-73.9889730002042,40.67885000024612],[-73.98938800030592,40.678284999762305],[-73.98943500016158,40.67745900026811],[-73.9899139998374,40.676849999785034],[-73.99042600002345,40.676249000217304],[-73.9908019997671,40.675783000031444],[-73.99256599993096,40.67610600008558],[-73.99397799974231,40.676170999688026],[-73.99527499992593,40.675778000035216],[-73.99557799987461,40.67513699999755],[-73.99601399989271,40.67499400020595],[-73.99662300016317,40.67415799989814],[-73.99663999988161,40.67413400014524],[-73.99691699989104,40.67377299992447],[-73.99697499961736,40.67370900019471],[-73.99748000013078,40.673162000168304],[-73.99855100035856,40.671926000230656],[-73.99859400001627,40.671864999992145],[-73.99861900013063,40.67182999999762],[-73.9986810000549,40.67173899992594],[-73.99870299979622,40.671713999787166],[-73.99875300002493,40.6716689997863],[-73.99902099981352,40.67142899972288],[-73.99923900027173,40.67073000015233],[-73.99945699983161,40.67014000030299],[-74.00017499988202,40.66860100012211],[-74.00080800044194,40.66889699991082],[-74.00105699996395,40.6689449997712],[-74.00133099960034,40.6683689998481],[-74.00152399994418,40.668382000328265],[-74.00167600028016,40.66840999972908],[-74.00198599990155,40.668512000221085],[-74.00221699988023,40.668582000268096],[-74.00269100043147,40.66759699980932],[-74.00278699979262,40.66740700020873],[-74.00295099982417,40.66732499986961],[-74.00318900037385,40.667277999787615],[-74.0037070004077,40.66742500013671],[-74.00365999965372,40.66754699982345],[-74.00400500033354,40.667657999863984],[-74.00444200017654,40.66772399978207],[-74.00459000031454,40.66781199979835],[-74.00476199984368,40.667763999803846],[-74.00519700003686,40.66787899981805],[-74.00552500009991,40.66788699980572],[-74.00588499995003,40.66798500008805],[-74.00679299997122,40.66619499978556],[-74.00693400043654,40.666184000119394],[-74.0060590000273,40.6680400003224],[-74.00563700025292,40.668949000041884],[-74.00475400034608,40.67072100029432],[-74.00543999971111,40.670922000240864],[-74.00630800044763,40.66911000000703],[-74.00646900010612,40.66877099968719],[-74.00655000029698,40.66876500028709],[-74.00662999976461,40.6686350002061],[-74.00684300019994,40.66855700030842],[-74.00751799969431,40.667081999726676],[-74.00773399960437,40.66714699994976],[-74.00706400013287,40.668553000014185],[-74.00713799975271,40.66859300022011],[-74.0075300002882,40.66860400017035],[-74.00795000041278,40.668553000014185],[-74.00851899960193,40.66853200033937],[-74.00980999993777,40.668510999976576],[-74.01145799975068,40.66521200009141],[-74.0115430001395,40.66508100028374],[-74.01166500033824,40.66504899966223],[-74.01319199977732,40.6648360002233],[-74.01531900016434,40.66465099972042],[-74.01574900033465,40.66465099972042],[-74.01602100032122,40.66467399985876],[-74.01671900028012,40.66480299986553],[-74.01690300040313,40.664847000111855],[-74.01725800023037,40.66509400004204],[-74.0174919996838,40.665308999923646],[-74.01771000014202,40.66555999997965],[-74.01781899992196,40.66571999966353],[-74.01791099998344,40.666010000326764],[-74.01806499996924,40.66680400015405],[-74.01817600029732,40.66750100015771],[-74.01832100006226,40.66837199990674],[-74.01844300026102,40.66910500019178],[-74.01856499956143,40.66991999988908],[-74.01868799958507,40.670798999704886],[-74.01886800040845,40.67121900015111],[-74.01903699956455,40.67145200024897],[-74.0191470000677,40.67160500008093],[-74.01888400030198,40.67158599972012],[-74.01845199958352,40.67141700003771],[-74.01754500028555,40.67103799978517],[-74.01730400026112,40.66952400017668],[-74.01718999956,40.668819999878146],[-74.0170709997343,40.66809499983009],[-74.01699799993938,40.66759000004522],[-74.01688099976352,40.66688399991452],[-74.01677299980848,40.665889000156334],[-74.01668800031798,40.665436999774286],[-74.0165639995711,40.665014000178616],[-74.0165130004158,40.6649220000467],[-74.01602899981883,40.66486199983298],[-74.01589199955146,40.66539800001085],[-74.01531900016434,40.665459000032676],[-74.01338500012118,40.665631000005945],[-74.01288399980575,40.66567599999316],[-74.01262299968982,40.66569899977803],[-74.01228700012916,40.66572900019652],[-74.01188600027118,40.66660499992482],[-74.01175200037686,40.666892000021605],[-74.01140599987214,40.66759300013892],[-74.01121300042661,40.667999999784776],[-74.01112600038799,40.66808099972431],[-74.01087299976967,40.66852000013288],[-74.01089200003625,40.66866099969751],[-74.01037300017748,40.66862900011238],[-74.01036399995664,40.668807000164755],[-74.0103520002611,40.66911100024264],[-74.01053800003392,40.66921299966241],[-74.01087199994477,40.669239999843434],[-74.0109249996482,40.66970000011207],[-74.01154099959136,40.669743000308316],[-74.01166500033824,40.67017400028363],[-74.01161400028461,40.67031799972884],[-74.01188600027118,40.67043799982387],[-74.01213599961812,40.67041400009467],[-74.01407200020942,40.669677999890034],[-74.01425600033244,40.669743000308316],[-74.01185500030903,40.67072700019979],[-74.01195400004323,40.670889000169204],[-74.01212800012051,40.67095700003067],[-74.01232999978689,40.67097000000632],[-74.0125640001386,40.670883999805895],[-74.01284500034599,40.67090399989409],[-74.01300199980652,40.67086099976521],[-74.01312800020322,40.67095199967244],[-74.01328499966374,40.670869000076486],[-74.01343100015193,40.670942999844385],[-74.01328999968659,40.671146999736884],[-74.01354099975678,40.67124699972341],[-74.01364000038929,40.67117699974859],[-74.01377699975832,40.671139999664106],[-74.01391900004855,40.671135000000994],[-74.01398900036874,40.671176999748575],[-74.01430099963996,40.671364000266756],[-74.01504600035285,40.67071700012992],[-74.01519699996561,40.67075999967031],[-74.01389200028436,40.67183599980333],[-74.01424399973855,40.67213500011093],[-74.01555400034097,40.67095400008833],[-74.0157600002053,40.67098700012785],[-74.01432499992943,40.672194999913124],[-74.01356300039639,40.67286399987607],[-74.0130079996543,40.673340999874966],[-74.0133669996795,40.67357900021384],[-74.01383299983482,40.67318100008],[-74.01426200018022,40.6728160001114],[-74.01447300006741,40.67270700016271],[-74.01511900014779,40.67214799985688],[-74.01526100043802,40.67220800032877],[-74.01538399956334,40.672338999763255],[-74.01563499963352,40.672500999904194],[-74.01579100016744,40.67258800024643],[-74.01594900035118,40.67267400029308],[-74.016203999721,40.672814999931425],[-74.01631800042213,40.672878000340276],[-74.01630800037638,40.6730359998277],[-74.0154000003552,40.67378399970151],[-74.01463299990098,40.67441800007383],[-74.01489800021486,40.67462700031849],[-74.01532099981415,40.67430100012025],[-74.01600999955224,40.673702999876205],[-74.01647900008061,40.673301999964636],[-74.01679399972488,40.67303899967639],[-74.01704599961995,40.67285100026969],[-74.01711400029033,40.67282800022613],[-74.01723700031398,40.6727349997915],[-74.01744999985102,40.67253399985945],[-74.01770699976895,40.67236099978868],[-74.01786099975475,40.67221500028948],[-74.01802099958832,40.672022000325484],[-74.01817100027445,40.67191200024788],[-74.01830699981856,40.672022000325484],[-74.01853899962215,40.67214900004693],[-74.01886900023335,40.672239000051775],[-74.0186189999881,40.67241700000641],[-74.01844200043611,40.67248999991552],[-74.01819499966557,40.67274500024005],[-74.01800100039513,40.672917999995825],[-74.01771199979183,40.673174000220726],[-74.01737899970588,40.67346099998026],[-74.01726999992594,40.67356799972163],[-74.01743099958443,40.67374100006727],[-74.01769599989828,40.67391799993661],[-74.01789400026503,40.67415900005797],[-74.01823700039668,40.6744159997619],[-74.01800899989274,40.67474700015309],[-74.01842700036748,40.674512999832665],[-74.01847800042111,40.674583999865284],[-74.01819700021372,40.67494200001986],[-74.01780399985333,40.67523800027539],[-74.01808900025868,40.67542099974146],[-74.01828099987931,40.67543900023143],[-74.01873399961583,40.67503199966118],[-74.01883300024835,40.67507899972838],[-74.01883999992104,40.67515499988288],[-74.01842700036748,40.67554699966271],[-74.018547999843,40.67577300003854],[-74.01850699983513,40.67591899992226],[-74.01801100044088,40.67593500001144],[-74.0178859998691,40.67614599984842],[-74.01790500013567,40.67644499990419],[-74.01806400014432,40.67651399967425],[-74.01819399984066,40.67660299979544],[-74.0191450004179,40.67650299966635],[-74.01912399960318,40.67653299999332],[-74.01935100028221,40.67659199980225],[-74.01984900022457,40.67649799972408],[-74.01989199988229,40.67694699972097],[-74.0200199999288,40.67704900009839],[-74.01954499955266,40.67716300033555]]]]}},{"type":"Feature","properties":{"zip":"11232","income":28395},"geometry":{"type":"MultiPolygon","coordinates":[[[[-74.02387299994652,40.65134599989341],[-74.02383299976356,40.651435000209396],[-74.02305399961381,40.65097800021367],[-74.02268000041829,40.651349000036184],[-74.02157700040344,40.65066100011258],[-74.02134700024966,40.65085799986448],[-74.02123900029463,40.65080699977005],[-74.02101599981356,40.65104800026094],[-74.02108299976071,40.65108999970879],[-74.02094399984352,40.651273999834245],[-74.02222699978346,40.65204200009472],[-74.02198199956106,40.652258000279154],[-74.02180300035924,40.65224199996133],[-74.02162300043419,40.65237400025366],[-74.02138200040976,40.65259900030497],[-74.02129199999806,40.6527349997712],[-74.02116399995155,40.65283800017969],[-74.02205199988126,40.653368000098475],[-74.0217380000619,40.65361600006771],[-74.0213999999531,40.65393299976061],[-74.02121800037824,40.65426599982832],[-74.02087699989637,40.654432999807504],[-74.02045099992402,40.654237000164784],[-74.01979899999587,40.65418299991165],[-74.01928900035793,40.65408600025599],[-74.01900200030275,40.65439800020559],[-74.02012299986097,40.65511100000018],[-74.02010199994459,40.655246000036215],[-74.01993899973795,40.655269999771704],[-74.0190340000898,40.65467199992794],[-74.0183650004432,40.65427600032038],[-74.0178859998691,40.65405399981167],[-74.01712199978795,40.65477800006085],[-74.01853100012455,40.65562099968752],[-74.01914899971753,40.65615300016711],[-74.01831199984144,40.65580699977384],[-74.01728300034473,40.65517799983008],[-74.01691799957344,40.6554900001252],[-74.01665300015789,40.655308000243956],[-74.0164010002628,40.65559499988327],[-74.01679899974776,40.65593000001876],[-74.01723499976585,40.65621000011294],[-74.01916499961105,40.65736100014758],[-74.01869500015609,40.65778500029816],[-74.01838899983434,40.6576740001816],[-74.01819100036593,40.65760999999362],[-74.01787099980048,40.65744200005992],[-74.01666499985345,40.656720000258574],[-74.01643800007275,40.65646799990421],[-74.01586499978728,40.656218999884736],[-74.0154659995791,40.65661699970952],[-74.01554000009727,40.656890000122246],[-74.016239999706,40.65732100001995],[-74.01685300017442,40.65773499977122],[-74.01759799998901,40.658242000011214],[-74.01675699991495,40.65787999990124],[-74.01606200032909,40.657555999744645],[-74.01551499998291,40.65722400015614],[-74.01433400015027,40.6565449998863],[-74.01422600019521,40.65666000016317],[-74.01517900042225,40.65720499978694],[-74.0148019999554,40.657487000120135],[-74.01451900009818,40.65751400027802],[-74.01441799981583,40.65763499996787],[-74.01531800033943,40.65813399981128],[-74.01741899988886,40.659403999847044],[-74.01743999980525,40.659430999910526],[-74.01667300024937,40.65998000019345],[-74.0155910001509,40.66073600017022],[-74.01552800040172,40.66071500007833],[-74.01531800033943,40.660610000201224],[-74.01399600004144,40.6598079999578],[-74.01366600032856,40.66001399990224],[-74.01358900033567,40.659980999884496],[-74.01194200034767,40.65896599978979],[-74.01112899986272,40.65967499968548],[-74.01371099963609,40.66124199973624],[-74.0140699996613,40.66147899997724],[-74.01325799989957,40.6619349999353],[-74.01309600041616,40.66192600025324],[-74.01284699999582,40.66202199975252],[-74.00876200017449,40.65962900004193],[-74.00854799991426,40.659629000041946],[-74.00748900028032,40.66055299992613],[-74.00869199985429,40.66135999978607],[-74.0099649997485,40.66210199979759],[-74.01040800033758,40.66250999989778],[-74.01036899997953,40.662625000113195],[-74.00995700025088,40.663074000175804],[-74.00932799988894,40.6632610002482],[-74.00880999985509,40.66334700005812],[-74.00613199982223,40.6618629997188],[-74.00569800035228,40.662282000229624],[-74.0043690003816,40.66148000032721],[-74.00433900024437,40.66157700013555],[-74.00426100042657,40.66162899984125],[-74.0056010002679,40.662419999709435],[-74.00586700040667,40.66256600021115],[-74.00626499989164,40.662814000060195],[-74.00592900033097,40.66314900006006],[-74.003945999884,40.661979000029376],[-74.00354599985091,40.662191999733594],[-74.00426700027435,40.66263100006568],[-74.00456299965205,40.662810000102944],[-74.00522299997613,40.66320699980377],[-74.00555400041225,40.66340599995076],[-74.00592900033097,40.66363199991128],[-74.0077770001604,40.66471600026867],[-74.0076780004262,40.664768999872116],[-74.00596399959275,40.663809999672814],[-74.00578500039092,40.663907999813404],[-74.00579399971343,40.66449100019762],[-74.00561499961329,40.66451800024623],[-74.00564200027578,40.663907000181204],[-74.0051779997703,40.66362200014026],[-74.00426700027435,40.663070000234065],[-74.00362600021684,40.662736000168614],[-74.00339000021529,40.6630019998259],[-74.00433699969625,40.66355400029488],[-74.00455400032952,40.663684999694716],[-74.00457400042103,40.66374599992042],[-74.00451099977352,40.66381299993647],[-74.00437000020652,40.6639530002817],[-74.00417900041082,40.663907999813404],[-74.00413400020496,40.66397099977907],[-74.00425999970335,40.66406999999432],[-74.00449900007794,40.66420700023562],[-74.00463299997224,40.66428900032006],[-74.00473900027745,40.66434499982111],[-74.00492099985233,40.664429999971865],[-74.00508200040913,40.664520999796665],[-74.00523899986966,40.664668999710834],[-74.0051939996638,40.664784000292215],[-74.0050940001047,40.66489399986284],[-74.00492500005029,40.66499499998402],[-74.00484700023249,40.665067999841476],[-74.00401500037927,40.66458599979022],[-74.00283100017354,40.66390199997582],[-74.00200400034322,40.66342099999601],[-74.00111700023841,40.662907000021406],[-74.00100500008543,40.663062999994835],[-74.00083500020611,40.6630019998259],[-74.00055399999871,40.66333599992222],[-74.0000460000106,40.66381899978211],[-73.99970899972669,40.664046000017564],[-73.99952499960368,40.66439900002564],[-74.00292400005998,40.666403000317445],[-74.00240100000323,40.66673199974248],[-74.0021440000853,40.66678299992845],[-74.00157199962476,40.66679200031797],[-74.00118500001048,40.66700500032384],[-74.00143100005778,40.667130000212055],[-74.00047100015803,40.66759699980932],[-74.0001659996612,40.6674990003196],[-73.99989299984972,40.66759699980932],[-73.99932499958715,40.668129999740906],[-73.99919099969284,40.668296000197024],[-73.99907199986717,40.66844599972018],[-73.99905000012585,40.668602999927145],[-73.9990889995856,40.66887599966299],[-73.99865000009277,40.670905000102785],[-73.99854100031283,40.67137599996145],[-73.99852700006913,40.67144100008722],[-73.99852000039643,40.67148600024201],[-73.99845699974892,40.671568000233954],[-73.9976240000708,40.6702739996853],[-73.9972659998705,40.66972299987188],[-73.99701399997544,40.66931200027268],[-73.99667199966868,40.66873900015487],[-73.99652799972861,40.668893999875834],[-73.9963069997957,40.668610999828],[-73.99603300015929,40.66805999990084],[-73.99590099991481,40.66796799988251],[-73.99508800032818,40.66708799995957],[-73.99489800035738,40.66686599984052],[-73.99484499975561,40.666804999742844],[-73.99488999996144,40.666726000158896],[-73.99491199970277,40.666666000205446],[-73.99494500021305,40.666576000173926],[-73.99497399962704,40.66647799986526],[-73.99501399981001,40.666370000053575],[-73.99521899984943,40.666075999831605],[-73.99579499960961,40.665516000203695],[-73.99602700031153,40.665296999818544],[-73.99607900019006,40.66524799976459],[-73.99451400021782,40.66427199985375],[-73.99435400038425,40.664446000092326],[-73.99418000030698,40.664542000053125],[-73.99393400025969,40.66439399985709],[-73.99422299996468,40.6641149996719],[-73.99227999970068,40.66294500023199],[-73.99200900043733,40.66323100008241],[-73.99167299997838,40.66302800015048],[-73.99225499958632,40.662468999796786],[-73.99283799991751,40.66190899986609],[-73.99307100044432,40.66204999977917],[-73.9936460003796,40.66148500003275],[-73.9934200004238,40.661349000003895],[-73.99400399968155,40.66078999988934],[-73.99458799983766,40.66022800011695],[-73.9951689996207,40.659669000148554],[-73.99575199995189,40.65910800017631],[-73.996336000108,40.65854700025645],[-73.99691799971596,40.6579899999542],[-73.99750100004715,40.65742900017313],[-73.99809100005103,40.65686499986882],[-73.99867100000917,40.65630700008805],[-73.99925599999017,40.65574500002984],[-73.99983699977322,40.6551859999782],[-74.00041300043172,40.654629000237485],[-74.00099500003967,40.654066999674576],[-74.0021440000853,40.65295600010157],[-73.99781800023956,40.65028199981903],[-73.99827599999895,40.64973399999762],[-73.99608800041088,40.648307000006405],[-73.99398500031332,40.64710100012804],[-73.99443399985189,40.64658599992868],[-73.99468699957187,40.64634199999521],[-73.99509599982578,40.64594600002573],[-73.99568300035492,40.64538499985246],[-73.99626599978781,40.644827000170736],[-73.99684400009612,40.644266000134145],[-73.99742599970406,40.64370600008831],[-73.99773399967566,40.6434100002985],[-73.99963699975669,40.64465299988019],[-73.99993100038287,40.644305999908944],[-74.00021300041517,40.644476999970955],[-74.00034499976134,40.64455600000312],[-74.00012499965331,40.64486200002166],[-74.00211099957501,40.646098999750336],[-74.00219699978874,40.646017999699254],[-74.00241500024694,40.645808999769805],[-74.00462100027667,40.64713100005026],[-74.00682399993336,40.64846499977057],[-74.0071799995855,40.6486790002265],[-74.00688500003274,40.648981000320184],[-74.00853000037091,40.64993700017267],[-74.00875799997652,40.64963299994229],[-74.00908199984164,40.649829000159734],[-74.00937899994256,40.65000900031129],[-74.00952399970751,40.65009699984521],[-74.00923699965234,40.65038199973867],[-74.01055599957726,40.651223999879974],[-74.01091499960246,40.65093799966694],[-74.01147700001725,40.65036300014716],[-74.01205299977744,40.64979900008731],[-74.01262900043592,40.64923500003146],[-74.0127390000408,40.649302000309326],[-74.01286899973715,40.649381000082606],[-74.0129519995778,40.64943000020559],[-74.01238400021354,40.64999800002065],[-74.01179900023254,40.65055799975129],[-74.0112050000307,40.6511119999283],[-74.01343000032702,40.652452999797724],[-74.01401199993497,40.65189499991954],[-74.01459600009107,40.65133300018194],[-74.01518400044513,40.65077300013975],[-74.01576100003022,40.65021400000615],[-74.01634299963817,40.64965599980637],[-74.01692699979426,40.649094000295015],[-74.01750900030054,40.64853300000258],[-74.01809199973341,40.647973000317634],[-74.01867400023968,40.64741200014361],[-74.01925599984764,40.64685299980022],[-74.02146000022756,40.64818200028598],[-74.02087699989637,40.64874300012126],[-74.02140499997599,40.64899200009695],[-74.024406000049,40.65092199971407],[-74.0242920002462,40.651111999928276],[-74.02387299994652,40.65134599989341]]]]}},{"type":"Feature","properties":{"zip":"11233","income":22754},"geometry":{"type":"MultiPolygon","coordinates":[[[[-73.93803700005192,40.683915000016874],[-73.93789200028696,40.6843310002358],[-73.93586700000719,40.68453000001516],[-73.93529999956952,40.6842290001014],[-73.93501400023759,40.6842609996929],[-73.93507699998679,40.684615000321735],[-73.93285000004063,40.68488699989313],[-73.93282300027646,40.684512999940814],[-73.93237800003755,40.68456500015451],[-73.9323129997402,40.68457200018017],[-73.9323610003191,40.684671999785415],[-73.9322349999224,40.68490699986789],[-73.93143400003132,40.685033000252055],[-73.92952199972946,40.68527299970859],[-73.92945200030759,40.68490299987341],[-73.9291019996049,40.684941999809304],[-73.92917199992509,40.68532100004111],[-73.92719600004914,40.685593000137175],[-73.92702899964456,40.68517900029123],[-73.92652900005235,40.68523699994738],[-73.9264050002038,40.68557800031106],[-73.92367000026955,40.685964000211584],[-73.92349199999431,40.685584000241924],[-73.92325199979481,40.68561199991206],[-73.92309500033429,40.6856289997061],[-73.92289100011979,40.68565200010169],[-73.9229489998461,40.68601499999245],[-73.92101099960497,40.68624100030118],[-73.9209219999165,40.68587900026307],[-73.92074899966416,40.68589899994016],[-73.92059499967836,40.68591700032559],[-73.92067000002143,40.68629799973661],[-73.91806499978354,40.68660800028209],[-73.91792699969128,40.686624999822016],[-73.91799600018656,40.686964999928],[-73.91804600041527,40.68721300031363],[-73.91761399969683,40.6869659998957],[-73.91679799973714,40.68649699977348],[-73.91661100013938,40.686391000324164],[-73.91604600024986,40.68607200030231],[-73.91582699996675,40.68594699982183],[-73.9155009995535,40.68576199998837],[-73.9152899996663,40.685645000189425],[-73.91470100038566,40.685317000071464],[-73.91491499974758,40.685072000111894],[-73.91488299996053,40.68492599983836],[-73.91473900002049,40.684861999916244],[-73.91433300013964,40.6846619997635],[-73.91429600032971,40.68469499983002],[-73.9139370003045,40.68461000030668],[-73.91391899986284,40.684529000010876],[-73.9139020001444,40.68444500028132],[-73.91330799994256,40.684520999976286],[-73.91323799962238,40.68448199979411],[-73.91350399976115,40.68421099994131],[-73.91274700025102,40.68382200006151],[-73.91237900000498,40.68386600001994],[-73.91227299969975,40.683935000283334],[-73.91151199999165,40.68350500004435],[-73.9107689998269,40.68309200019726],[-73.91006699967002,40.682683999994545],[-73.90927499999978,40.68223499980854],[-73.90905499989177,40.68210500010343],[-73.90885999989808,40.68199400026982],[-73.90851699976642,40.68180400013789],[-73.90777100012691,40.68137699993034],[-73.90701799991642,40.680948000277674],[-73.90671999999059,40.68076799981551],[-73.90628200032268,40.680506999814796],[-73.90565899980852,40.68014099968988],[-73.90549300012717,40.6800369998126],[-73.9047909999703,40.679641000235975],[-73.90456800038756,40.67951499987737],[-73.90404600015572,40.67922000030132],[-73.90346600019757,40.678896999665476],[-73.90331600040975,40.67786899996013],[-73.90468800003813,40.677943000134405],[-73.90426000041596,40.67715899987633],[-73.90435400012728,40.676092999748775],[-73.90407899976768,40.67607299985446],[-73.90346299982453,40.676015999850215],[-73.90253499971185,40.67588400001195],[-73.90273800010144,40.67579699988271],[-73.90296400005724,40.675699000180714],[-73.90300900026308,40.6756790001682],[-73.9034750004184,40.675507000221785],[-73.90382000019989,40.67537899994198],[-73.90445700005945,40.675232000094525],[-73.90463100013672,40.67521000033514],[-73.90481100006177,40.67520599975877],[-73.90481400043483,40.67510600025936],[-73.9051230002313,40.675003000168466],[-73.90590800022886,40.674861999706756],[-73.90596000010738,40.67447799986553],[-73.90597000015313,40.67440699972005],[-73.9060949998266,40.67435300012496],[-73.90629700039129,40.67426499988357],[-73.90695699981706,40.673984999953184],[-73.90746900000313,40.67376200014562],[-73.90787700043214,40.67356700023422],[-73.90841999968202,40.67331299981939],[-73.9092549999083,40.67294799989202],[-73.90990400036172,40.672991000037705],[-73.91040099958087,40.67302300025486],[-73.91041999984745,40.67274699992081],[-73.91089699987342,40.67262699989311],[-73.91096800001851,40.672236000167096],[-73.91109900043809,40.67218299968451],[-73.91133600026455,40.672076999955564],[-73.91221800034648,40.671686999926514],[-73.9130860001847,40.671310000251154],[-73.91319900016262,40.67140000002575],[-73.91417099975791,40.671455999687986],[-73.91419199967432,40.67136199986321],[-73.91419300039755,40.67123999966109],[-73.91417400013096,40.671142000074326],[-73.91414200034392,40.671056000095746],[-73.91409600031317,40.670972999947864],[-73.91403900041175,40.670896999795765],[-73.91487299991479,40.670532999802745],[-73.91572900005745,40.67015800017466],[-73.91658400037521,40.66978700002085],[-73.91713500002102,40.66954299976239],[-73.91728300015905,40.669479000060605],[-73.91748200035066,40.669392999981355],[-73.91754599992476,40.66948999986467],[-73.91798100011795,40.66951399992641],[-73.91820299987579,40.66945900022636],[-73.91874199982604,40.669430999903255],[-73.91891099988045,40.66938399994285],[-73.91895299971324,40.66942499988115],[-73.9193229996091,40.669268999798575],[-73.91935399957123,40.66908099998275],[-73.91949000001368,40.669091999852526],[-73.91951500012803,40.668887999805406],[-73.91979100031256,40.66877300016848],[-73.91960299999158,40.66847000015767],[-73.92003900000968,40.668282000133466],[-73.92012799969814,40.668241000173744],[-73.9210199998258,40.667851999767365],[-73.92187199977049,40.66748099973026],[-73.92221499990218,40.66733400018599],[-73.92275300002753,40.667097999892306],[-73.92312899977115,40.666931999861035],[-73.92336800014576,40.66682700023129],[-73.92362800043675,40.667166999796],[-73.92413300005182,40.66708299999263],[-73.92419900017406,40.6674519996789],[-73.92477199956119,40.66748699992724],[-73.92491499967632,40.66772000011922],[-73.9251299997615,40.667988000163895],[-73.92536999996099,40.668285000196015],[-73.9255390000154,40.66849299966033],[-73.92559799956662,40.668495999713336],[-73.92557300035058,40.66871499981419],[-73.92549100033482,40.66943500014479],[-73.9250129995856,40.669409000273816],[-73.92493700031595,40.670252000334],[-73.9254129996187,40.67027900009435],[-73.92532800012819,40.671169000155615],[-73.92524500028753,40.672061999813174],[-73.92516099972363,40.67295400027847],[-73.92512200026387,40.67339900029349],[-73.9250820000809,40.67384400006379],[-73.92499599986718,40.67473599985366],[-73.92539500007534,40.67475899992031],[-73.9258570000327,40.67478400028],[-73.92628300000507,40.67480700033009],[-73.9272570001485,40.67486000008947],[-73.92776099993866,40.67488700002781],[-73.9287569998234,40.67494099987174],[-73.9305300002081,40.67503900000668],[-73.93045700041316,40.67581799999478],[-73.93020999964263,40.67580400014791],[-73.93007300027361,40.675795999747464],[-73.92998700005988,40.67657400030485],[-73.9300809997712,40.676579999683675],[-73.930382999895,40.676596999737434],[-73.93032099997072,40.67731700011921],[-73.93031799959768,40.6773509998466],[-73.93032099997072,40.6773920003363],[-73.93032199979564,40.677484999725316],[-73.93032199979564,40.677544000054176],[-73.93030099987924,40.67770599981125],[-73.93025999987134,40.67786799985591],[-73.93019899977197,40.678025999781035],[-73.93012599997707,40.67816500016438],[-73.93003399991554,40.678304000257874],[-73.92992599996052,40.6784339998821],[-73.92981100033278,40.67854999998263],[-73.92905800012227,40.679277000291094],[-73.93132699990122,40.67936700021167],[-73.93289699989631,40.67948500021106],[-73.93435100043878,40.67956399966665],[-73.93487199994735,40.67959299990034],[-73.93479599977937,40.67965999966385],[-73.93470399971787,40.679759999826146],[-73.93462300042533,40.67987599966302],[-73.93456200032595,40.67999899980387],[-73.93452700016586,40.68011000023472],[-73.93451799994503,40.68015700012819],[-73.93550299995914,40.68004000002756],[-73.9355649998834,40.68041600000493],[-73.93562500015786,40.680813999866345],[-73.93756800042185,40.68058900029316],[-73.9376420000417,40.68096299978335],[-73.9374500004211,40.68098400031178],[-73.93750999979723,40.68135300005127],[-73.93743600017739,40.68136399994015],[-73.93752099966788,40.68172399988448],[-73.93778799963157,40.681693999849806],[-73.93793300029483,40.68242700014594],[-73.9380770002349,40.68316099989946],[-73.93822299982477,40.68389399973068],[-73.93803700005192,40.683915000016874]]]]}},{"type":"Feature","properties":{"zip":"11234","income":51446},"geometry":{"type":"MultiPolygon","coordinates":[[[[-73.94406099993928,40.61671799972361],[-73.94395800000711,40.6168160001531],[-73.9434700001105,40.61738500027967],[-73.94319399992597,40.617677999922634],[-73.94241599960111,40.61859300030245],[-73.94266400019656,40.61991799969801],[-73.94172699986302,40.6200230001885],[-73.94181300007675,40.62046800007804],[-73.94184200038907,40.62061800007757],[-73.9409019996825,40.6207350000889],[-73.94085099962886,40.62045799997517],[-73.94055699990102,40.62075300033467],[-73.94022899983796,40.62103199977415],[-73.94013000010375,40.621096999857485],[-73.93999100018657,40.62116399974077],[-73.9400289998214,40.62136900006536],[-73.94010699963921,40.62178100003567],[-73.93962999961322,40.62183499991288],[-73.93955000014562,40.621365999938796],[-73.93911900015038,40.621565000090065],[-73.93867800010942,40.621709999713914],[-73.93880100013307,40.62239199992517],[-73.93834000000062,40.62244499973695],[-73.93830900003849,40.622281000260266],[-73.93759900038401,40.62252000028646],[-73.93765899976015,40.62291000001347],[-73.93722600011509,40.622958000231634],[-73.93718000008434,40.62309200028865],[-73.93561099991418,40.62357100005513],[-73.93546399960107,40.62387400011364],[-73.93575300020437,40.624147000150295],[-73.93632999978945,40.624690999845804],[-73.93690499972472,40.62523300014179],[-73.9364019997595,40.6251970000145],[-73.9358899995734,40.62514499987208],[-73.93546399960107,40.625090999943524],[-73.93504100000177,40.62502699987069],[-73.93476700036537,40.62497800024223],[-73.93459499993793,40.625880999797396],[-73.93441500001289,40.625891999971884],[-73.93389199995613,40.62591899995872],[-73.9339189997203,40.626303999997134],[-73.93401199960674,40.626306999901935],[-73.93412100028499,40.62746699981203],[-73.93361199957367,40.62749500002163],[-73.93362300034262,40.6275960001687],[-73.93364599990885,40.6278110002095],[-73.93367699987098,40.62811000013021],[-73.9341849998591,40.628086000172324],[-73.93436599960906,40.629808000144564],[-73.93386000016909,40.629831000022634],[-73.93387600006263,40.62997700024964],[-73.93389500032919,40.630150999935175],[-73.93391799989541,40.63036599993117],[-73.93393399978893,40.63052000004833],[-73.93445500019584,40.63050000012401],[-73.93461900022737,40.63246099978847],[-73.93414600039935,40.63249200025801],[-73.93426799969978,40.633679000021786],[-73.93430500040802,40.63388600027381],[-73.93433100034729,40.63418500026233],[-73.9343949999214,40.63482699990652],[-73.93342699962574,40.63488399966257],[-73.93250000023627,40.63494699976687],[-73.9322349999224,40.634963000141],[-73.93157999962119,40.635390999692596],[-73.92878100011283,40.636758000169536],[-73.92608200016362,40.63816299993417],[-73.92332700013787,40.639900000308984],[-73.92220700040457,40.64106499981025],[-73.92160900000478,40.64168700011414],[-73.91972900038827,40.64272500016998],[-73.91966200044112,40.642103999954664],[-73.91961700023528,40.64165899972094],[-73.91958299990009,40.64139800001874],[-73.9195560001359,40.641185000046114],[-73.91946200042459,40.64023900011567],[-73.9194149996706,40.63977499983931],[-73.91928999999713,40.63859600016077],[-73.91917199999635,40.6374700002684],[-73.91916399960044,40.63740399973026],[-73.91912299959256,40.637012000044],[-73.919006000315,40.63589299970332],[-73.91892500012415,40.63515899981113],[-73.91885200032922,40.634483000202295],[-73.91943999978497,40.63410199991186],[-73.9198089998559,40.633864999911935],[-73.91970400027392,40.63295499992848],[-73.91860399973378,40.63209599992888],[-73.9169219995857,40.631668999822715],[-73.90847999995648,40.627978999743746],[-73.90651400012626,40.627130999790296],[-73.90425200002002,40.62603200011329],[-73.90177999985153,40.62481599992065],[-73.89826099974462,40.622989000339956],[-73.90016300000075,40.62167699984601],[-73.89729499999711,40.62157800014443],[-73.89701700016278,40.62156800020777],[-73.89691400023061,40.62144100033612],[-73.89664499971877,40.62110899972952],[-73.89660899973376,40.62106499996071],[-73.89612199966204,40.620464000309774],[-73.8958789999878,40.620163999964106],[-73.89420500023562,40.61809700033965],[-73.88733500025135,40.60956599971138],[-73.88875100026067,40.60891100022353],[-73.89152999967752,40.609287999893525],[-73.89758700007516,40.60579600005474],[-73.89855100017286,40.60532499967908],[-73.89861999976983,40.6046089998843],[-73.89874100014366,40.60389200007241],[-73.89757200000653,40.60396099985518],[-73.88667199955424,40.60459900013576],[-73.88493199967981,40.60470199979291],[-73.88416599994883,40.602920999727054],[-73.88207299989702,40.59805799973324],[-73.87855499961502,40.58988399976097],[-73.8790590003035,40.58903599993181],[-73.87887500018047,40.58875000007603],[-73.878891000074,40.58842999968441],[-73.87877899992102,40.588047999957716],[-73.87879300016472,40.58794800014389],[-73.87865300042263,40.58742399995757],[-73.87853700007167,40.587188000219946],[-73.8781789998714,40.58675200000574],[-73.87792799980123,40.5865219999148],[-73.87783800028785,40.58630700003399],[-73.87768599995188,40.58610599971074],[-73.87696600025167,40.585311999787365],[-73.87682399996143,40.58523500019819],[-73.8767429997706,40.58506000005793],[-73.87669500009001,40.58491899989249],[-73.87700899990936,40.58441499993375],[-73.87772699995978,40.58327500003495],[-73.87829900042028,40.58236099997489],[-73.87971100023164,40.58013100011704],[-73.88174499983394,40.57959100010447],[-73.88185199996408,40.57941000028091],[-73.88173599961311,40.57915399995445],[-73.88208700014071,40.57905399980601],[-73.88220500014148,40.579158000148325],[-73.88243399957202,40.57916100012301],[-73.88260299962641,40.57908900001143],[-73.88307399980461,40.579068999701335],[-73.88325999957746,40.57902200024548],[-73.8834799996855,40.578935000062316],[-73.8838889999394,40.57874400030633],[-73.88448499979106,40.57856900024053],[-73.88483299994562,40.57853000021418],[-73.88499799980204,40.578519999976315],[-73.88538600013956,40.57844499985052],[-73.88551500001098,40.57839199993833],[-73.88559899967659,40.578358000281554],[-73.8860289998469,40.57825400006014],[-73.88644300012369,40.57818499967317],[-73.88682700026324,40.57818899992494],[-73.88704599964804,40.57807499981872],[-73.88773500028442,40.57800899995574],[-73.88799499967712,40.57800599992942],[-73.88861300016842,40.5780710002424],[-73.88895200010212,40.57804899983911],[-73.88927000011942,40.577906000111845],[-73.88965799955864,40.5777869996906],[-73.88994299996399,40.57777800026364],[-73.89061900018159,40.57783800028692],[-73.8911480000861,40.577843999672204],[-73.89145900043073,40.57772999966044],[-73.89156800021067,40.577658000055614],[-73.89188100020513,40.577566999856714],[-73.89198300031236,40.57749699988193],[-73.89218199960568,40.57746299977022],[-73.89225500029895,40.577395999740446],[-73.8926269998446,40.577395000177376],[-73.89272499975391,40.57727300015261],[-73.89307700010642,40.57729800018699],[-73.89317300036588,40.57721599968452],[-73.89352499982006,40.577144999775605],[-73.8938310001418,40.577048000105066],[-73.89410200030346,40.57696700023026],[-73.89447600039729,40.57682499980865],[-73.89495300042327,40.57675499973982],[-73.89525100034909,40.5767259998458],[-73.89543999959665,40.57670499993817],[-73.89569999988767,40.576642999750206],[-73.89629699956423,40.57686200032236],[-73.89625499973144,40.57690200020922],[-73.89571999997914,40.57670499993817],[-73.8955269996353,40.57686799979518],[-73.89550700044214,40.577259000101996],[-73.89567399994839,40.57763600019882],[-73.89590300027724,40.578010000191945],[-73.89633199972432,40.578626999782806],[-73.8966670003584,40.57916199965966],[-73.8968849999183,40.57963600010143],[-73.89681399977319,40.58001999984498],[-73.89680299990252,40.58050000017708],[-73.89680399972742,40.58111199973301],[-73.89665099956655,40.581601000012625],[-73.89651400019753,40.58185900020128],[-73.89637000025748,40.58224199997377],[-73.89644200022751,40.58283400009925],[-73.89674500017621,40.583320000282605],[-73.89695000021563,40.58358699999229],[-73.89699299987333,40.5839280000544],[-73.8973159999135,40.58432299991582],[-73.89766900009093,40.5846680001834],[-73.89795600014611,40.58494800032818],[-73.89824499985112,40.58529499967307],[-73.89796100016898,40.585567000301396],[-73.89789699969657,40.58582099972381],[-73.89802899994105,40.586148999871384],[-73.89833000023992,40.58661300021144],[-73.89830500012556,40.586840999781174],[-73.89854600014999,40.587134000313185],[-73.89886699964204,40.587505000132246],[-73.8990969997958,40.58774800006771],[-73.89942400003396,40.58798000020975],[-73.8997639997926,40.58804200012317],[-73.89994500044085,40.58798000020975],[-73.90027500015375,40.58809599997896],[-73.90081199955587,40.588068999715404],[-73.90115600041077,40.58784499991333],[-73.90161099979711,40.58765399967526],[-73.90184099995089,40.58747399993383],[-73.90208500034835,40.58736599985639],[-73.90246100009199,40.587371999751575],[-73.90289499956195,40.587351999871515],[-73.90316099970073,40.58727599999976],[-73.90350399983241,40.587176999812904],[-73.90358699967307,40.58706400011653],[-73.9041309996462,40.58701200031283],[-73.90421699985993,40.58689499992451],[-73.90447799997584,40.58696500029806],[-73.90477699972658,40.58692799991485],[-73.90504500041352,40.58704099984101],[-73.9052830000649,40.58713300021343],[-73.90576799958846,40.58716499998707],[-73.90607800010817,40.58731499970239],[-73.9061290001618,40.58707999968068],[-73.90641500039207,40.587080999781186],[-73.90689900009073,40.586984000191876],[-73.90775000021051,40.5868619999179],[-73.90846599971279,40.586697000322914],[-73.90910500012046,40.586462000176226],[-73.91044499996181,40.58607699977714],[-73.91115299996645,40.585965999821056],[-73.91148100002951,40.585758999797996],[-73.91185599994824,40.5861959997774],[-73.91270299987008,40.585750000079095],[-73.91278800025889,40.58586299994901],[-73.91293300002384,40.58594199973257],[-73.91298300025255,40.58596800005542],[-73.91308500035981,40.586013999972145],[-73.91323000012476,40.586009000071705],[-73.91330499956953,40.58608500001881],[-73.91338300028563,40.58609599992324],[-73.91359699964757,40.5861230003011],[-73.91371399982344,40.58603300013615],[-73.91383099999929,40.58603300013615],[-73.91397599976425,40.586099000268966],[-73.9140560001302,40.58609499980795],[-73.91426799984231,40.58612499984858],[-73.91441099995743,40.586227999999345],[-73.91451899991246,40.586206999663574],[-73.91472700032493,40.586253000098125],[-73.91479699974681,40.586272000194214],[-73.91494300023498,40.58626600020041],[-73.91521100002359,40.586280999842906],[-73.91535400013873,40.58624999975929],[-73.9153869997507,40.586253000098125],[-73.91549899990369,40.586227999999345],[-73.91569399989736,40.58621399977624],[-73.91575199962367,40.586153000329176],[-73.91578400030905,40.58611899984154],[-73.91591700037843,40.586142999866496],[-73.91603100018123,40.586111000286095],[-73.91613599976323,40.58607299999702],[-73.91628499972614,40.58604699971498],[-73.91653699962123,40.585972999958955],[-73.9166899997821,40.58592800013176],[-73.91682600022453,40.585923000224895],[-73.91701399964721,40.585866999741626],[-73.91707300009675,40.585828999996146],[-73.9170970003862,40.58570100029953],[-73.91719699994533,40.58568300016266],[-73.91728700035699,40.585690000330196],[-73.9173309998396,40.58562299967145],[-73.91736099997682,40.58557600004496],[-73.91753000003123,40.58561199968922],[-73.91766300010062,40.585605000195756],[-73.91787200033801,40.58597500019308],[-73.91765600042794,40.58613900009031],[-73.91770900013138,40.5862689998563],[-73.91789599972913,40.58644200002402],[-73.91799100016368,40.58653399985608],[-73.91972500019033,40.587987000136856],[-73.92095999955136,40.5890950000194],[-73.9223079997886,40.590308000077094],[-73.9233210002901,40.5912120002953],[-73.92363799958419,40.5914969998195],[-73.92405500023402,40.59187200010719],[-73.92440400021349,40.592185000230614],[-73.92547200006825,40.59314900024493],[-73.92653300025032,40.59410400004478],[-73.92760000028017,40.59506099980913],[-73.92866899995985,40.59602100010039],[-73.92956899958513,40.596820000203735],[-73.9287910001586,40.59732300017374],[-73.92813099983451,40.59777799991196],[-73.92992199976256,40.59943700007348],[-73.93173399960699,40.60106200027749],[-73.9335510003726,40.602686999855315],[-73.9342629996769,40.6022299996789],[-73.93609399978791,40.60387300020872],[-73.93791599967808,40.60549800033158],[-73.9383729996126,40.605917999883026],[-73.9397259998727,40.607132999872434],[-73.93901200002027,40.607599999925945],[-73.93829700034291,40.60806199982867],[-73.93753699956142,40.60855700017468],[-73.9377750001111,40.60877099966163],[-73.93785600030195,40.60884299987034],[-73.93828099955107,40.6085739998307],[-73.93944800003835,40.60964200016187],[-73.93902899973871,40.609899999915825],[-73.9391979997931,40.61005299972763],[-73.93934699975601,40.610186999756436],[-73.93959799982619,40.61002399995066],[-73.93984899989634,40.61025500010593],[-73.9400070000801,40.61013399976697],[-73.9413109999364,40.6113039996887],[-73.94091099990334,40.611594000202395],[-73.94102100040652,40.611694000111235],[-73.9411610001486,40.61181999968779],[-73.94146599974711,40.61209299988747],[-73.94191900038197,40.611841999892555],[-73.9430769997501,40.612890000079055],[-73.94267099986924,40.61317299982968],[-73.94274399966416,40.61323800005856],[-73.94297899984082,40.61344899975726],[-73.94322700043624,40.61328700011583],[-73.94393200006785,40.61388800023332],[-73.94398300012148,40.614136000274236],[-73.9444350000331,40.61407899985683],[-73.94457399995026,40.61480399969902],[-73.94482699967024,40.61604600030927],[-73.94467600005751,40.616165000158254],[-73.94406099993928,40.61671799972361]]]]}},{"type":"Feature","properties":{"zip":"11235","income":31013},"geometry":{"type":"MultiPolygon","coordinates":[[[[-73.97308499993224,40.5834299996993],[-73.9717450000909,40.58366299996261],[-73.97084600029054,40.58381999970866],[-73.97059100002242,40.583878000156034],[-73.97030999981503,40.58392900020208],[-73.97004500039947,40.58396500005062],[-73.96971499978827,40.58399400021771],[-73.96964899966603,40.583995999828865],[-73.96940400034195,40.58400499978381],[-73.96908700014956,40.584000999879784],[-73.96906299986011,40.58399999973317],[-73.9678150000803,40.58453900017295],[-73.96719599976409,40.584824000165014],[-73.9669070000591,40.5849610000019],[-73.96678900005831,40.585112000014874],[-73.96718499989343,40.58507200026147],[-73.96740400017656,40.585048999983115],[-73.96753399987288,40.585763999717095],[-73.96743400031377,40.58577499967433],[-73.96749700006296,40.58613199996985],[-73.96709700002988,40.58617399999972],[-73.96701599983903,40.58657600031568],[-73.96756900003298,40.58651900027025],[-73.96770200010239,40.587233999979745],[-73.96680800032489,40.58733500027574],[-73.9667739999897,40.587484000197456],[-73.96672399976099,40.587686999973215],[-73.96662199965374,40.587676000330525],[-73.96652899976732,40.588052999705724],[-73.96635700023819,40.58807199997264],[-73.9664069995686,40.58831700005859],[-73.96662300037696,40.58835499975482],[-73.96652999959223,40.58879199982619],[-73.96634999966717,40.58881199995782],[-73.96593600028869,40.58885599981702],[-73.9656409998376,40.588888000130545],[-73.96547400033134,40.589608000066995],[-73.9653019999039,40.590357999943585],[-73.96512899965153,40.59110800027658],[-73.96482599970281,40.59114100023445],[-73.96441700034721,40.591185999964715],[-73.96406099979676,40.591225000115756],[-73.96413600013983,40.591634000312126],[-73.96338600030238,40.59171700022505],[-73.96330299956338,40.59130799985426],[-73.96320999967696,40.59131900026389],[-73.9628380001313,40.59135999972829],[-73.9625999995816,40.591385999991275],[-73.96244099957295,40.591402999921605],[-73.9625150000911,40.591783000205595],[-73.96123899982388,40.59192400022484],[-73.96120799986173,40.591538999890794],[-73.96081200002662,40.591583000002174],[-73.96067999978214,40.591597999816486],[-73.96013599980901,40.59165699969011],[-73.96019000023568,40.59203599986859],[-73.95906100028155,40.592115999889046],[-73.95899799963406,40.59178400023582],[-73.95767600023437,40.59192899968306],[-73.95785000031164,40.59224799967946],[-73.95803100006161,40.59258199979404],[-73.95759099984556,40.59262499988367],[-73.95755300021072,40.59245500008184],[-73.95709499955301,40.59249300015531],[-73.95702299958299,40.592108999712025],[-73.95700300038982,40.59200200032547],[-73.95607699992695,40.59210100019093],[-73.95514799998935,40.59220700007735],[-73.95463699962819,40.59224799967946],[-73.95422300024973,40.592307999684074],[-73.95325999997694,40.59241299990374],[-73.95230000007722,40.592513999881454],[-73.9513490003983,40.5926219998307],[-73.95015199977378,40.59275399998651],[-73.94911599970608,40.592868000314404],[-73.94819000014155,40.59296700026205],[-73.94726399967867,40.59307200012896],[-73.94633700028922,40.593173999802836],[-73.94537400001643,40.59328000003467],[-73.94440800026891,40.593385000092205],[-73.94448000023893,40.59376100002429],[-73.94355499960099,40.59386400001044],[-73.94354499955523,40.59381200003727],[-73.9434840003542,40.59348699997075],[-73.94255799989133,40.593587999690456],[-73.94163099960357,40.59369099994313],[-73.94061100032769,40.59380800003763],[-73.94066499985604,40.59409100010193],[-73.94067800027484,40.594159999769616],[-73.93970900015427,40.594288000328895],[-73.93974500013928,40.59455399991877],[-73.93884700016383,40.59465100012389],[-73.93879799976001,40.59441000001574],[-73.93785399975381,40.594511999694866],[-73.93787999969308,40.59464400021222],[-73.93721199987141,40.594725999813335],[-73.93726100027521,40.595079000150264],[-73.9373180001766,40.59542300020632],[-73.93591200021307,40.59560299969685],[-73.93574499980845,40.59487500032005],[-73.93505699989528,40.5949740000245],[-73.93501900026045,40.59478199969939],[-73.93494899994026,40.5944289998407],[-73.93400599975897,40.594527000216374],[-73.93301099969912,40.594639000274924],[-73.93305599990497,40.59488700012668],[-73.93243099974099,40.59523800033864],[-73.93189099996582,40.594753000117485],[-73.93162499982704,40.594577000338795],[-73.93155799987989,40.59464400021222],[-73.93144999992485,40.594660000009206],[-73.93133699994695,40.5946779997762],[-73.93122999981682,40.594645000199655],[-73.93119600037996,40.59470600008629],[-73.9309389995637,40.59459600011627],[-73.93080999969226,40.59459600011627],[-73.9303960003138,40.59447900003636],[-73.93033199984137,40.59439600014126],[-73.93024599962764,40.59437900028974],[-73.93018100022863,40.59434699987538],[-73.93009599983984,40.59423000004191],[-73.9300310004408,40.59413099991798],[-73.93003200026573,40.59396699983792],[-73.92999000043291,40.59390099996672],[-73.93001100034931,40.593868000006715],[-73.93001100034931,40.593785000035254],[-73.92994699987692,40.593753000018694],[-73.92986099966318,40.59371999998564],[-73.92986099966318,40.59368599993451],[-73.92989199962531,40.59363799983292],[-73.92988300030281,40.59358899969369],[-73.92988300030281,40.59353900019667],[-73.92990199967106,40.593458999832315],[-73.9299889997097,40.59334499982985],[-73.93001499964896,40.59325599984244],[-73.93007699957325,40.59316399970795],[-73.92977899964741,40.592861000216125],[-73.93020499961978,40.593017000186755],[-73.93022700025938,40.593000999996605],[-73.93026999991709,40.59293499985402],[-73.930270999742,40.59290200009934],[-73.93033600003932,40.59283599985906],[-73.93002300004488,40.592504999707295],[-73.93046300026094,40.59272700023936],[-73.93054899957635,40.59271099997989],[-73.93054899957635,40.592679000131476],[-73.93048400017734,40.59261200033535],[-73.93050699974356,40.592513999881454],[-73.93044300016945,40.59243100027566],[-73.93046499991077,40.592299000164346],[-73.93042200025305,40.59221700031537],[-73.930423000078,40.59213499968373],[-73.93034500026016,40.592064999946764],[-73.93038500044314,40.591732000009344],[-73.93031799959768,40.59166499994648],[-73.93088099983737,40.591382999882725],[-73.93095500035552,40.59068999985525],[-73.9307340004226,40.58963100014187],[-73.92978000037064,40.58889099966884],[-73.92796699980298,40.58876000014887],[-73.92792199959715,40.587502999943815],[-73.92681899958227,40.58639900005175],[-73.92622100008079,40.58546600006424],[-73.92551599955087,40.58527200015363],[-73.92594800026932,40.58500699992897],[-73.92579799958317,40.58493700023497],[-73.92571899994046,40.58490299981141],[-73.92552399994679,40.584825000299304],[-73.92536999996099,40.58469099991053],[-73.9250600003396,40.58472800016692],[-73.92471999968267,40.5846490003138],[-73.92453300008489,40.584645999903],[-73.92431999964958,40.58466300018231],[-73.92407699997533,40.58466700004676],[-73.92379999996588,40.58474300015433],[-73.9236030003224,40.58478199996958],[-73.92345000016152,40.58481800004124],[-73.9231609995582,40.584768000126026],[-73.92303400023492,40.584768000126026],[-73.92265299957009,40.584645999903],[-73.92258700034618,40.584674999774855],[-73.9220550000686,40.58467300018403],[-73.92165699968535,40.58465400031592],[-73.9213570001097,40.584652000042226],[-73.92115000042047,40.5846490003138],[-73.92097200014523,40.584579999700814],[-73.92067900024226,40.584703000180255],[-73.92024900007198,40.58465200004224],[-73.91994399957511,40.584645999903],[-73.91971500014456,40.58477999969972],[-73.91951799960276,40.584896000243745],[-73.91920600033156,40.58492799972324],[-73.91899100024641,40.58504199974851],[-73.91885399997904,40.585139000107766],[-73.91875799971959,40.58523699977223],[-73.9184280000067,40.585332999721984],[-73.91831099983082,40.585404999934966],[-73.91827099964786,40.58533100015083],[-73.91815900039317,40.58537300000148],[-73.91798299976776,40.58545299980653],[-73.91784600039873,40.58550500014014],[-73.91766300010062,40.585605000195756],[-73.91753000003123,40.58561199968922],[-73.91736099997682,40.58557600004496],[-73.9173309998396,40.58562299967145],[-73.91728700035699,40.585690000330196],[-73.91719699994533,40.58568300016266],[-73.9170970003862,40.58570100029953],[-73.91707300009675,40.585828999996146],[-73.91701399964721,40.585866999741626],[-73.91682600022453,40.585923000224895],[-73.9166899997821,40.58592800013176],[-73.91653699962123,40.585972999958955],[-73.91628499972614,40.58604699971498],[-73.91613599976323,40.58607299999702],[-73.91603100018123,40.586111000286095],[-73.91591700037843,40.586142999866496],[-73.91578400030905,40.58611899984154],[-73.91575199962367,40.586153000329176],[-73.91569399989736,40.58621399977624],[-73.91549899990369,40.586227999999345],[-73.9153869997507,40.586253000098125],[-73.91535400013873,40.58624999975929],[-73.91521100002359,40.586280999842906],[-73.91494300023498,40.58626600020041],[-73.91479699974681,40.586272000194214],[-73.91472700032493,40.586253000098125],[-73.91451899991246,40.586206999663574],[-73.91441099995743,40.586227999999345],[-73.91426799984231,40.58612499984858],[-73.9140560001302,40.58609499980795],[-73.91397599976425,40.586099000268966],[-73.91383099999929,40.58603300013615],[-73.91371399982344,40.58603300013615],[-73.91359699964757,40.5861230003011],[-73.91338300028563,40.58609599992324],[-73.91330499956953,40.58608500001881],[-73.91323000012476,40.586009000071705],[-73.91308500035981,40.586013999972145],[-73.91298300025255,40.58596800005542],[-73.91293300002384,40.58594199973257],[-73.91278800025889,40.58586299994901],[-73.91270299987008,40.585750000079095],[-73.91185599994824,40.5861959997774],[-73.91148100002951,40.585758999797996],[-73.91115299996645,40.585965999821056],[-73.91044499996181,40.58607699977714],[-73.90910500012046,40.586462000176226],[-73.90846599971279,40.586697000322914],[-73.90775000021051,40.5868619999179],[-73.90689900009073,40.586984000191876],[-73.90641500039207,40.587080999781186],[-73.9061290001618,40.58707999968068],[-73.90607800010817,40.58731499970239],[-73.90576799958846,40.58716499998707],[-73.9052830000649,40.58713300021343],[-73.90504500041352,40.58704099984101],[-73.90477699972658,40.58692799991485],[-73.90447799997584,40.58696500029806],[-73.90421699985993,40.58689499992451],[-73.9041309996462,40.58701200031283],[-73.90358699967307,40.58706400011653],[-73.90350399983241,40.587176999812904],[-73.90316099970073,40.58727599999976],[-73.90289499956195,40.587351999871515],[-73.90246100009199,40.587371999751575],[-73.90208500034835,40.58736599985639],[-73.90184099995089,40.58747399993383],[-73.90161099979711,40.58765399967526],[-73.90115600041077,40.58784499991333],[-73.90081199955587,40.588068999715404],[-73.90027500015375,40.58809599997896],[-73.89994500044085,40.58798000020975],[-73.8997639997926,40.58804200012317],[-73.89942400003396,40.58798000020975],[-73.8990969997958,40.58774800006771],[-73.89886699964204,40.587505000132246],[-73.89854600014999,40.587134000313185],[-73.89830500012556,40.586840999781174],[-73.89833000023992,40.58661300021144],[-73.89802899994105,40.586148999871384],[-73.89789699969657,40.58582099972381],[-73.89796100016898,40.585567000301396],[-73.89824499985112,40.58529499967307],[-73.89795600014611,40.58494800032818],[-73.89766900009093,40.5846680001834],[-73.8973159999135,40.58432299991582],[-73.89699299987333,40.5839280000544],[-73.89695000021563,40.58358699999229],[-73.90873900042257,40.58160200019509],[-73.9118380004049,40.58176000018312],[-73.91213499960749,40.581769999936625],[-73.91248799978491,40.58176899975665],[-73.9128739995743,40.58175499996466],[-73.91321699970598,40.581712999888886],[-73.91362400031007,40.58164099979504],[-73.91386199996144,40.58165000006687],[-73.9142750004133,40.581705999987385],[-73.91454300020192,40.58168900032105],[-73.91485100017348,40.581584000319594],[-73.91531700032881,40.5815870001855],[-73.91582000029405,40.58166299969924],[-73.91650099963621,40.58172699968965],[-73.91681799982861,40.58187100029692],[-73.91714199969371,40.58195599971867],[-73.91735799960378,40.58202100028718],[-73.91765600042794,40.582103999850666],[-73.91795299963054,40.582107999868114],[-73.91822299996728,40.58216500026152],[-73.91870800038917,40.58231500027476],[-73.91911900029291,40.582454000132245],[-73.91950199970924,40.58256899976655],[-73.91991599998603,40.5826530001813],[-73.92032199986689,40.58275100007705],[-73.92067900024226,40.58286199991087],[-73.92110199984155,40.58296299998681],[-73.92165400021061,40.58312399996817],[-73.92225900028312,40.5832599997183],[-73.9229420001734,40.583394999718436],[-73.92339699955976,40.58343499979248],[-73.92381699968432,40.583473000215946],[-73.9241029999146,40.583463000034804],[-73.92458999998631,40.583554999871204],[-73.92524799976225,40.58350700000203],[-73.92599099992701,40.58352299973479],[-73.9265469995957,40.583559999955085],[-73.92738500019503,40.583559999955064],[-73.92816699981952,40.58351999995575],[-73.92893799957335,40.58347099990698],[-73.92941399977444,40.583420000193954],[-73.92965099960091,40.58343999988536],[-73.930130000175,40.58331100023549],[-73.93040299998647,40.583252999978704],[-73.93067800034609,40.5831630000452],[-73.93085900009606,40.58300499995996],[-73.93087300033976,40.58287700031685],[-73.93074100009528,40.58285399996587],[-73.9307779999052,40.582756000221046],[-73.93090799960156,40.58278999968933],[-73.93094500030979,40.58272799968281],[-73.93110299959523,40.58275299972533],[-73.93171900043669,40.582809000086925],[-73.93173600015513,40.58296599979084],[-73.93177999963773,40.583049000228456],[-73.93184199956201,40.58307599978969],[-73.93194600021741,40.582021999781134],[-73.9325019998861,40.581158999767275],[-73.93225800038694,40.58032099980496],[-73.93212799979229,40.579874000294595],[-73.9321079997008,40.5798069999503],[-73.93203699955568,40.57956200007522],[-73.93195600026314,40.579390000066816],[-73.93191500025529,40.579267000051395],[-73.93182300019375,40.578960999697564],[-73.93182700039172,40.57868699972693],[-73.93176600029236,40.5784560003291],[-73.93168799957624,40.57817800008471],[-73.93161599960621,40.578115999897236],[-73.93157799997137,40.577921999819765],[-73.93143900005423,40.57751000032142],[-73.931116000014,40.57611699984963],[-73.93134000032,40.57584599995356],[-73.93139700022141,40.57576199986111],[-73.93149699978052,40.57571399985839],[-73.93156499955256,40.575678999934205],[-73.93194899969212,40.57565299970577],[-73.93263800032854,40.57562400001639],[-73.93293700007929,40.575617000160044],[-73.93330600015022,40.57559900003877],[-73.93365400030477,40.57559000031749],[-73.93416099956966,40.575587000182665],[-73.93451000044743,40.57558299977528],[-73.9347050004411,40.575580000322496],[-73.93487199994735,40.57557400005186],[-73.9349039997344,40.57556099991848],[-73.93490000043477,40.57551400004507],[-73.93490899975728,40.575400999749725],[-73.93492600037403,40.57527200029036],[-73.93494700029044,40.57527200029037],[-73.93495499978806,40.57534199986388],[-73.934958999986,40.57540599976079],[-73.93497900007748,40.5755709999163],[-73.93502699975805,40.57558500032018],[-73.93517400007116,40.575630999871976],[-73.93535800019417,40.57569300031549],[-73.93566500034083,40.57575699987665],[-73.93582599999931,40.57579999986723],[-73.93593099958129,40.57582299991439],[-73.9360500003053,40.5758499996629],[-73.93626000036758,40.57587899993663],[-73.93642199985096,40.575880000204656],[-73.93658300040778,40.575860000299855],[-73.93661000017195,40.575784000334146],[-73.93665299982965,40.57564599985248],[-73.9366560002027,40.57546700013863],[-73.93668899981466,40.57542500020882],[-73.93674999991403,40.57540700003589],[-73.93679500011989,40.575535999917314],[-73.93685899969398,40.5755500003285],[-73.9376770002018,40.57553099991597],[-73.93847899991779,40.57548799975252],[-73.9422249998054,40.57537699996436],[-73.94232799973759,40.57537599968883],[-73.94240599955536,40.575383999845805],[-73.94249799961686,40.57540899990372],[-73.9424990003401,40.57544799970255],[-73.94244200043869,40.575492000165525],[-73.9424650000049,40.57555900005521],[-73.94256899976199,40.57560900003092],[-73.94274600021231,40.57564899998463],[-73.94307900029824,40.57572300024536],[-73.94327799959156,40.57575199989182],[-73.94358599956313,40.57578499992128],[-73.94392200002211,40.575816000078845],[-73.9442030002295,40.57581799993448],[-73.94445400029967,40.5757869997778],[-73.94453200011748,40.575766999845214],[-73.94463699969945,40.57570099975225],[-73.94463300039982,40.57564700012399],[-73.94456499972942,40.57538000010858],[-73.94454899983592,40.575343999733654],[-73.94456300007961,40.57527499975696],[-73.9445890000189,40.575247000181186],[-73.94464799957014,40.57526099997057],[-73.9446810000804,40.57535199989445],[-73.94468500027834,40.5754409998278],[-73.94471100021762,40.575492000165525],[-73.94474300000466,40.57551400004507],[-73.94486299965526,40.57554099991829],[-73.9451460004108,40.57556299978172],[-73.94545500020728,40.575570000325996],[-73.94569299985866,40.57555700019187],[-73.94593800008104,40.57551500031855],[-73.94606399957942,40.57545799971725],[-73.94620199967169,40.57533499997807],[-73.94622699978605,40.57526999973612],[-73.94620800041778,40.5752009996831],[-73.94617800028057,40.57519000003391],[-73.9459489999517,40.57520899986099],[-73.94590899976873,40.5751390001483],[-73.94592600038548,40.57511500026892],[-73.94609100024192,40.57507499999595],[-73.94632899989332,40.57504999981321],[-73.94655099965115,40.575029999660295],[-73.94678800037593,40.57500700002291],[-73.94772900000908,40.57489800000223],[-73.9479270003758,40.57487900008688],[-73.94868899990884,40.57480700014312],[-73.94886999965878,40.57478800020192],[-73.94905999962958,40.57475400007817],[-73.94929099960827,40.5746909998434],[-73.94954500005149,40.574649000108785],[-73.94979100009878,40.574587999667514],[-73.94986800009167,40.57457100023933],[-73.9499540003054,40.574556000017765],[-73.95003100029828,40.57456400027281],[-73.95021399969808,40.574557999911036],[-73.9503140001555,40.57453300021748],[-73.95050900014917,40.57452300006449],[-73.95070499996775,40.57450099985911],[-73.95102499963488,40.5744640000867],[-73.95116199990224,40.574441000254765],[-73.9512070001081,40.57443499988197],[-73.95129499997164,40.57442700029387],[-73.95139399970583,40.57444399975862],[-73.95162800005757,40.57442999979836],[-73.95180999963245,40.574420000312266],[-73.95194299970183,40.57441599983515],[-73.95213500022076,40.574382000204714],[-73.95223399995497,40.57433799969404],[-73.95239899981141,40.57425399975527],[-73.95250199974357,40.574234000046715],[-73.95258299993444,40.5742280003377],[-73.952750000339,40.57422300023861],[-73.95291600002037,40.57423999975525],[-73.95311799968673,40.574288000133095],[-73.95324300025851,40.574279000235435],[-73.95341999981052,40.57428699984127],[-73.95352600011573,40.57428600023177],[-73.95364199956836,40.574270000336575],[-73.95376999961489,40.5742600001443],[-73.95394299986725,40.57423900014504],[-73.95399800011883,40.57427200023839],[-73.95401999986014,40.574269000044474],[-73.95401700038539,40.57419500022266],[-73.95403999995162,40.57408100013403],[-73.95407500011173,40.5740740001163],[-73.95410500024896,40.57412100031893],[-73.95409900040116,40.5742049997423],[-73.95410600007386,40.574283000038506],[-73.9541720001961,40.574333999894286],[-73.95474600030646,40.574377000117146],[-73.95512700007296,40.57437500021846],[-73.95539999988443,40.574354000255234],[-73.95569399961232,40.57432899980311],[-73.95596800014701,40.5743020001231],[-73.95624400033154,40.57425100024289],[-73.95638599972344,40.574183999725754],[-73.95638099970058,40.57410499970199],[-73.95632299997425,40.57390299994251],[-73.95629500038517,40.573808000263604],[-73.95636599963196,40.57379999991819],[-73.9563899999214,40.573853000056516],[-73.95646500026447,40.574104000089775],[-73.9565229999908,40.574144999872544],[-73.95692100037405,40.574183000114694],[-73.95725799975963,40.57417800001224],[-73.9578109999536,40.57412599974331],[-73.95849200019406,40.57407700031894],[-73.9588470000213,40.57399800016882],[-73.95898900031153,40.57392900016866],[-73.95896599984698,40.573606999909536],[-73.95897000004496,40.57343799983362],[-73.9590300003194,40.5734520000015],[-73.95904700003786,40.573615999897555],[-73.9590589997334,40.57374299990287],[-73.95906799995424,40.573833000228106],[-73.95911099961194,40.573870999965166],[-73.95942299978148,40.5739110002756],[-73.95941399956065,40.57515799998983],[-73.96103399978446,40.575076000276],[-73.96288099978898,40.57498300009622],[-73.9647110000751,40.57478199986025],[-73.96675399989822,40.57483300001803],[-73.9676820000109,40.57496699968542],[-73.96853700032865,40.5751420003032],[-73.96879099987355,40.57521099973472],[-73.96886799986643,40.575235999857284],[-73.96907000043112,40.575301999726676],[-73.96991999982768,40.57558299977529],[-73.96975699962105,40.576245000146464],[-73.96969600042003,40.57654700029219],[-73.96948600035772,40.57762099998218],[-73.96958699974175,40.57764200028455],[-73.96951399994681,40.578015000008],[-73.96946700009114,40.5781769998511],[-73.9691259996093,40.57937500024348],[-73.9691330001803,40.58004800015229],[-73.96903600009595,40.58025600031358],[-73.96849399977262,40.58142400022794],[-73.96837699959677,40.581674999830035],[-73.96897800036962,40.581759000003],[-73.97035400019595,40.58195000001987],[-73.97113400017062,40.58201899993475],[-73.97091599971243,40.58261200015448],[-73.97072499991671,40.583191999877776],[-73.97075900025192,40.58318600028986],[-73.97204200019182,40.58294400031513],[-73.97320299993302,40.58272399970242],[-73.97456600023888,40.5824900000924],[-73.9746180001174,40.58278599971264],[-73.97462499979011,40.58291099972357],[-73.97463800020891,40.583113999734856],[-73.97308499993224,40.5834299996993]]]]}},{"type":"Feature","properties":{"zip":"11236","income":42370},"geometry":{"type":"MultiPolygon","coordinates":[[[[-73.92042899999703,40.65440100021113],[-73.9202669996153,40.654256000016275],[-73.919331000005,40.6542109998212],[-73.91898700004843,40.65421000004368],[-73.91783499962976,40.654161000023265],[-73.91775199978909,40.65421500029409],[-73.91757600006198,40.65431399999573],[-73.91659100004789,40.65427199985114],[-73.91530700028305,40.65422200009887],[-73.91374399996067,40.654169000293244],[-73.91352399985263,40.654161000023244],[-73.91232899977626,40.6541350003315],[-73.91067900031352,40.65417999989632],[-73.91060399997046,40.654186999704756],[-73.90972600008648,40.654313000219744],[-73.90968199970555,40.654142999923174],[-73.9087279996536,40.654292000150456],[-73.90781600033276,40.65443500003734],[-73.90785599961742,40.65458899983487],[-73.90691599980919,40.654731999766696],[-73.90505700010907,40.65501299988363],[-73.90414200041518,40.65514699967302],[-73.90317300029461,40.65530099987162],[-73.90231100030417,40.65579200006091],[-73.90126099999274,40.65645199991447],[-73.90057200025466,40.65709400006829],[-73.90030299974285,40.65726299992866],[-73.89996700018217,40.657285000157195],[-73.8990409997193,40.65737199990586],[-73.89900599955921,40.65725400029774],[-73.89879200019729,40.656520000185076],[-73.89859700020361,40.655828000047784],[-73.89800300000176,40.653800999826416],[-73.89760999964139,40.65345399971405],[-73.89725900001211,40.653603999903524],[-73.89699200004841,40.6537189997977],[-73.89670400016831,40.65343099979604],[-73.89643999967936,40.653168000199386],[-73.89599399961553,40.65320999967587],[-73.89550800026703,40.65325600033792],[-73.89491999991297,40.65244199990994],[-73.89369100039973,40.65073899981061],[-73.8935270003682,40.65084500005796],[-73.89302900042584,40.65037900023399],[-73.89228100023821,40.650416000249734],[-73.89189600027375,40.65059899967593],[-73.89125199984318,40.650026000323265],[-73.88958700031183,40.648111000089685],[-73.88655699992648,40.64508700018271],[-73.88618600020573,40.644770999962226],[-73.88432400013258,40.64293700005344],[-73.88373499995359,40.64245099978618],[-73.88311300016268,40.64187400015064],[-73.88251599958778,40.641351000073605],[-73.88190100036788,40.640834999834425],[-73.88073899990344,40.63961299996749],[-73.87954100035235,40.6388619999495],[-73.87893799992968,40.638084999853],[-73.87881400008112,40.63794199969471],[-73.87630000007981,40.63519199983459],[-73.87635000030852,40.63347399998608],[-73.87728799956862,40.633244999853716],[-73.87706599981078,40.63425199996898],[-73.87717399976583,40.63438499978775],[-73.87736700010967,40.6345500002916],[-73.87762599967743,40.634599999785316],[-73.87786400022713,40.63455199975396],[-73.8780380003044,40.634485999739674],[-73.87814700008434,40.63438800001126],[-73.87823300029807,40.63425699966969],[-73.87842999994156,40.63412899998794],[-73.88266000042616,40.62991499968793],[-73.8819170002614,40.6293930001535],[-73.88242699989932,40.628981000095116],[-73.88337099990554,40.6293800002567],[-73.8837709999386,40.6289680001181],[-73.88395300041182,40.62880599993002],[-73.88400399956711,40.628765999730504],[-73.88404700012315,40.62873199978065],[-73.88726900012911,40.62615699972374],[-73.8884449999389,40.626124000007515],[-73.88885800039078,40.62591199991269],[-73.88920599964702,40.625583999855046],[-73.88935899980788,40.625172999691536],[-73.88945000004448,40.624711999683804],[-73.8894290001281,40.62444900009971],[-73.88920800019515,40.62380299997122],[-73.88929699988361,40.62339100019989],[-73.88947199978578,40.62307899984713],[-73.88969000024399,40.62283300008868],[-73.88992899972028,40.62262000020627],[-73.89042900021079,40.622209999788176],[-73.89066699986216,40.62209599972695],[-73.89125100001826,40.62193300033623],[-73.89149000039286,40.62185100001967],[-73.89168399966331,40.62188500006339],[-73.89202900034311,40.6219549999384],[-73.89590300027724,40.62263900019459],[-73.89593800043734,40.622645000333314],[-73.89630599978507,40.622710000210645],[-73.89644499970223,40.62273400005499],[-73.89671800041202,40.6227719999613],[-73.89826099974462,40.622989000339956],[-73.90177999985153,40.62481599992065],[-73.90425200002002,40.62603200011329],[-73.90651400012626,40.627130999790296],[-73.90847999995648,40.627978999743746],[-73.9169219995857,40.631668999822715],[-73.91860399973378,40.63209599992888],[-73.91970400027392,40.63295499992848],[-73.9198089998559,40.633864999911935],[-73.91943999978497,40.63410199991186],[-73.91885200032922,40.634483000202295],[-73.91892500012415,40.63515899981113],[-73.919006000315,40.63589299970332],[-73.91912299959256,40.637012000044],[-73.91916399960044,40.63740399973026],[-73.91917199999635,40.6374700002684],[-73.91928999999713,40.63859600016077],[-73.9194149996706,40.63977499983931],[-73.91946200042459,40.64023900011567],[-73.9195560001359,40.641185000046114],[-73.91958299990009,40.64139800001874],[-73.91961700023528,40.64165899972094],[-73.91966200044112,40.642103999954664],[-73.91972900038827,40.64272500016998],[-73.91990699976519,40.64433000017127],[-73.91995100014613,40.64470699966635],[-73.91997600026048,40.64503000027724],[-73.92053199992917,40.64499900017671],[-73.92066099980062,40.64644599994184],[-73.92052699990629,40.64675800017261],[-73.92016600023129,40.646808999953606],[-73.92017899975176,40.64692700031332],[-73.92018499959953,40.64703000014482],[-73.92035899967681,40.648597000037356],[-73.92037499957034,40.64877899982211],[-73.92075500041025,40.648754999796516],[-73.92092500028957,40.648743999980695],[-73.92109400034397,40.65043499982616],[-73.92055399967049,40.65045899992908],[-73.92058100033299,40.65070699980573],[-73.9209849996657,40.650681000131236],[-73.92135200008683,40.65251700016208],[-73.9207729999536,40.65255399967387],[-73.92087599988577,40.65360799973133],[-73.92157999969245,40.654262999816694],[-73.92169600004341,40.65437199992478],[-73.92042899999703,40.65440100021113]]]]}},{"type":"Feature","properties":{"zip":"11237","income":23104},"geometry":{"type":"MultiPolygon","coordinates":[[[[-73.93317899992861,40.713799000207715],[-73.93233100018186,40.71401000000181],[-73.93148099988699,40.71422200004764],[-73.93094899960943,40.71436000027356],[-73.93059299995728,40.714452000265304],[-73.92960100027051,40.71472299967976],[-73.92851099977611,40.71499500026173],[-73.92692599971238,40.71540100030974],[-73.9232080003122,40.716355000120274],[-73.92271100019471,40.716478000332145],[-73.92273899978382,40.71615799981134],[-73.92432700022059,40.71556799969133],[-73.92424100000686,40.715126000027894],[-73.92405900043198,40.71411200016592],[-73.9240400001654,40.71400800019728],[-73.92313700016707,40.71339599999807],[-73.92223300034384,40.712854000157975],[-73.92168699982258,40.71189400028414],[-73.92154600025559,40.711043000265995],[-73.92122099966726,40.710791000257856],[-73.92074500036452,40.71053000004654],[-73.921891999862,40.70939599976509],[-73.9214349999275,40.709128999680516],[-73.92070099998357,40.70869500002839],[-73.91996000036696,40.70825700031722],[-73.91922200022506,40.707814999787075],[-73.91847700041049,40.7073820000851],[-73.91773699972047,40.7069430002418],[-73.91699500027894,40.70650299987302],[-73.9162529999391,40.70606599972631],[-73.91551300014739,40.70562599969213],[-73.91477099980754,40.70518899991969],[-73.91403100001584,40.704749000220396],[-73.91329200004904,40.704312999848845],[-73.9125489998843,40.703872999810336],[-73.91180700044276,40.703434999711156],[-73.91290399971155,40.70236200014001],[-73.91216200026999,40.70192299989548],[-73.91142199957997,40.701487000093074],[-73.91067900031352,40.70104600001707],[-73.91180800026765,40.69993799987965],[-73.91103599979058,40.699532000215],[-73.910142999838,40.6990330002788],[-73.90953299974264,40.698675000114015],[-73.90877399968436,40.69825499966345],[-73.90802200019709,40.697824999880375],[-73.90777100012691,40.697684000020374],[-73.90757000028546,40.697571999764314],[-73.90752300042979,40.69754800026871],[-73.90737199991874,40.697452000156694],[-73.90727499983439,40.697398999971746],[-73.90712000002368,40.69731400030667],[-73.90703600035809,40.69726800006608],[-73.90692699967981,40.69720799967497],[-73.90684600038728,40.697163999671666],[-73.90652400017201,40.69697600019687],[-73.90626300005611,40.696831999762146],[-73.90615599992599,40.69677600030363],[-73.90611699956793,40.69675000019847],[-73.9057709999615,40.69654899980289],[-73.90570400001435,40.69651500033335],[-73.90558299964053,40.696449000312],[-73.90540100006567,40.696349999816775],[-73.90523500038431,40.69625099985554],[-73.90508300004834,40.69616299991789],[-73.90501100007832,40.696122000077494],[-73.90495199962878,40.696086000047316],[-73.90488999970448,40.696050999829026],[-73.90480299966586,40.69600800025573],[-73.90466399974868,40.69593200003921],[-73.90426000041596,40.695700000204],[-73.90480400038908,40.69514800023708],[-73.90491399999394,40.69507400009375],[-73.90580000027384,40.69412800009508],[-73.90504299986536,40.69370400011815],[-73.90428800000504,40.693277999740445],[-73.90354099964232,40.69284899972531],[-73.90278800033015,40.69241799990072],[-73.90207299975448,40.69199900008204],[-73.90183000008022,40.69181499991593],[-73.90158999988071,40.69163199982049],[-73.9036090003127,40.689863000005545],[-73.9039399998505,40.690057999929024],[-73.90359699971883,40.69040899998813],[-73.90434200043173,40.69083600022779],[-73.90509499974391,40.691265000262135],[-73.90584600030459,40.691691999784325],[-73.90659899961676,40.692119999866236],[-73.90734699980439,40.69254899980724],[-73.9081009998398,40.692975999955685],[-73.9088530002254,40.69340499983424],[-73.90960499971267,40.69383199994572],[-73.91035700009826,40.694259000045065],[-73.91011299970079,40.69450599999367],[-73.91083499994915,40.69496300006518],[-73.9111069999357,40.69468699998409],[-73.91186000014622,40.695114999897974],[-73.91030299967157,40.696700000282114],[-73.91104900020939,40.697125999893075],[-73.91180599971952,40.69755399980292],[-73.91336099964602,40.69596999981778],[-73.91411399985651,40.6963979996625],[-73.91486500041718,40.69682600016298],[-73.91464000028628,40.69705400021726],[-73.91456199957015,40.6971329999614],[-73.9148179996632,40.697275000119554],[-73.91491200027286,40.69718400004826],[-73.91540600001726,40.697464999733036],[-73.91534900011585,40.697523000274145],[-73.91609999977821,40.697952999963384],[-73.91636799956683,40.69768000011176],[-73.91655300041306,40.69749200004994],[-73.91698199986016,40.69705500003352],[-73.91654300036731,40.6968059996789],[-73.91716000013537,40.69617700025627],[-73.91759399960533,40.69643400020511],[-73.9176759996211,40.69635100032472],[-73.91781799991134,40.69620799973024],[-73.91856400044912,40.696629999791284],[-73.91932099995927,40.69706100029323],[-73.92007400016978,40.69748999974938],[-73.92082400000722,40.69791800004493],[-73.92157399984467,40.698344999836976],[-73.92175700014278,40.69845300029332],[-73.92232799988008,40.69877200029728],[-73.92245699975153,40.69863999989382],[-73.92280200043135,40.69882700033145],[-73.92286900037848,40.69875499976986],[-73.92313499961892,40.69889999992283],[-73.92293200012766,40.69911499975659],[-73.92308199991552,40.69919999984792],[-73.92333600035872,40.698940000308724],[-73.92407199995246,40.69938199980686],[-73.92423699980891,40.69951499988156],[-73.92433899991616,40.699440999821526],[-73.92471200018505,40.69965099970377],[-73.92461599992559,40.699750999836574],[-73.92475999986563,40.699871999844284],[-73.9245819995904,40.700056000233985],[-73.92532899995312,40.70048099973165],[-73.92546000037268,40.70034699977568],[-73.9255390000154,40.70026699998861],[-73.92627799998219,40.70071099973913],[-73.92608299998851,40.70091000031882],[-73.92683799984883,40.701334000063916],[-73.9275879996863,40.701762000178974],[-73.92833900024696,40.702191999746354],[-73.92858100009632,40.70194399994825],[-73.92887800019722,40.70164100019934],[-73.92963499970736,40.70206400031736],[-73.92930900019245,40.702396999766606],[-73.93004800015925,40.70283700002166],[-73.93014299969548,40.702740000309575],[-73.93088400021041,40.70317699980665],[-73.93059399978219,40.70347299997691],[-73.93115500037207,40.703772999736664],[-73.93130900035786,40.704256999869145],[-73.93150699982627,40.70495800001437],[-73.9316010004359,40.705297000175364],[-73.93223900012036,40.70519700019682],[-73.93233899967949,40.70555099992258],[-73.93204800032464,40.70559899994826],[-73.93211699992162,40.70595599999031],[-73.93179600042957,40.70600300004212],[-73.93189400033887,40.70635399985842],[-73.9320859999595,40.70705099969604],[-73.93237999968736,40.70700399970288],[-73.93247900031987,40.707281000169615],[-73.93262400008483,40.70725799974944],[-73.93264500000123,40.707329000310374],[-73.93219100043979,40.707398000111624],[-73.93229699984668,40.70774900006623],[-73.93207199971579,40.707786000258274],[-73.9325229998025,40.70823800018989],[-73.9326500000241,40.70853600030772],[-73.93299700035374,40.70931700026473],[-73.93329600010448,40.709988000028694],[-73.93360200042623,40.710669000046366],[-73.93389299978105,40.71133600003566],[-73.93425699982912,40.712123000101705],[-73.93453399983855,40.7127539999516],[-73.93480199962715,40.71337300032815],[-73.93317899992861,40.713799000207715]]]]}},{"type":"Feature","properties":{"zip":"11238","income":39917},"geometry":{"type":"MultiPolygon","coordinates":[[[[-73.98020500016176,40.661109000278714],[-73.98017099982658,40.661155000264536],[-73.98012700034398,40.661195000137575],[-73.98005100017599,40.66123799968468],[-73.9799819996807,40.661262999662206],[-73.97990800006086,40.66127699983631],[-73.97980900032665,40.661278999860926],[-73.97972700031089,40.66126600004049],[-73.97965399961764,40.6612410000641],[-73.97934999984403,40.66159399992584],[-73.97885399955146,40.662201999719],[-73.9783489999364,40.66279899987845],[-73.97784299959811,40.663402000028995],[-73.97734300000592,40.66401200031968],[-73.97684599988845,40.664607000026194],[-73.97633399970238,40.665213999998045],[-73.97583099973714,40.66581500023112],[-73.97533699999273,40.6664189999646],[-73.97483400002747,40.66702200009343],[-73.97433100006224,40.667620999871026],[-73.97382600044718,40.66822299978468],[-73.97332299958362,40.66882499971491],[-73.97281999961837,40.66942699966145],[-73.97231699965312,40.67002900030569],[-73.97181600023602,40.67063000007182],[-73.97132499996634,40.671247999926955],[-73.97085499961307,40.671864999992145],[-73.97040900044753,40.67261700010822],[-73.97085899981101,40.67273000024796],[-73.97101299979681,40.6728840000517],[-73.97113800036858,40.67300800032531],[-73.9712449996004,40.67320400000179],[-73.97136900034728,40.673452999979915],[-73.97143999959407,40.67370500020953],[-73.9714560003859,40.673800999786955],[-73.9714770003023,40.67398799975915],[-73.97147599957908,40.674169000292935],[-73.97146100040878,40.674332000232766],[-73.97142899972341,40.67450200017594],[-73.97140899963193,40.67457300022025],[-73.97134500005781,40.67474700015309],[-73.97126300004206,40.67491600025224],[-73.97116900033072,40.67507300021449],[-73.97104999960672,40.67523700013175],[-73.97142299987564,40.67575500032006],[-73.97190400009958,40.67641299996688],[-73.97244499969965,40.67716200022072],[-73.9727159998613,40.67752299980457],[-73.9727650002651,40.677591999821416],[-73.97247099963892,40.677715000089044],[-73.97254500015706,40.67783599992037],[-73.97233799956952,40.67839300003325],[-73.9720270001232,40.678327999872195],[-73.9717099999308,40.679205999806314],[-73.97139399956332,40.68008299968663],[-73.97111900010202,40.68084999997279],[-73.97085200013832,40.6816199997521],[-73.97064000042622,40.68241399967931],[-73.97174199971785,40.68264600013241],[-73.97232400022413,40.68276799989986],[-73.97237500027775,40.683325999697445],[-73.97254299960895,40.684201999859425],[-73.97205700026045,40.6842609996929],[-73.97206700030618,40.68431800014049],[-73.97211300033693,40.68456900016926],[-73.97261299992913,40.68451499994981],[-73.97284800010577,40.68567499980816],[-73.97311900026743,40.68578099971507],[-73.97337399963723,40.68588500016681],[-73.9734129999953,40.68608899997896],[-73.97293500014442,40.68615400006507],[-73.97309800035103,40.68702899987416],[-73.97262100032505,40.68708400006616],[-73.97267300020359,40.68734500019751],[-73.9726870004473,40.68741500022592],[-73.97172699964923,40.687527999805276],[-73.9717450000909,40.68762000008082],[-73.97213599990314,40.68958200027178],[-73.97114199966823,40.68954400025562],[-73.97097199978892,40.68868799967048],[-73.97076400027477,40.6876380000014],[-73.96978299956035,40.68775199983965],[-73.96878500002576,40.68786800007246],[-73.96879900026947,40.68794000013884],[-73.9688500003231,40.68819699984559],[-73.96825399957312,40.68827300003021],[-73.9682179995881,40.6880940002279],[-73.96781900027824,40.68814199989099],[-73.9677880003161,40.68798400010329],[-73.96682099984537,40.68808799984189],[-73.96582199958756,40.68820899991638],[-73.96480999980929,40.68832599998213],[-73.96419499969106,40.68839599966123],[-73.96436999959326,40.68943399979989],[-73.96340499967064,40.68955099975838],[-73.96218899967785,40.68969800004368],[-73.9610299995865,40.6898389997764],[-73.96101600024112,40.689761000164],[-73.96019699990838,40.689855999854466],[-73.9601219995653,40.68946900008844],[-73.96000600011267,40.688880999748754],[-73.95937199972786,40.688953000082996],[-73.95941000026102,40.68999400016728],[-73.95889200022715,40.69007300010911],[-73.95844199996534,40.690142000076555],[-73.95796999996224,40.689917999901986],[-73.9571430001319,40.68996000007725],[-73.95705600009327,40.689456000314244],[-73.95706100011613,40.68921900005676],[-73.9569880003212,40.688850000271515],[-73.95678999995451,40.68887200029752],[-73.9567270002053,40.688509000301785],[-73.95665000021242,40.68851799980204],[-73.95656399999866,40.68809600012941],[-73.95683400033543,40.68805699999575],[-73.95676800021317,40.68775399975144],[-73.95698699959797,40.687729000168794],[-73.9568410000081,40.68699600028212],[-73.95669899971789,40.686262999826184],[-73.95654999975497,40.68553000016365],[-73.9564030003402,40.68479899993285],[-73.95625699985202,40.68406599983649],[-73.95598999988835,40.68409600016593],[-73.95581199961309,40.68411599969687],[-73.95567600006898,40.68338200024204],[-73.95574399984102,40.68337500009137],[-73.95611200008706,40.683332999853235],[-73.95596599959886,40.68259899995019],[-73.95581900018409,40.68186900031565],[-73.95566600002321,40.68113700006951],[-73.95548600009816,40.68019500004687],[-73.95543699969436,40.679958000236326],[-73.95539700040972,40.679754000052235],[-73.95538599964074,40.67969300016318],[-73.9549110001629,40.67974800027783],[-73.95480099965974,40.67917000017449],[-73.95530899964784,40.67927299995876],[-73.95529500030244,40.67920499972218],[-73.95528000023384,40.679131000267525],[-73.95493399972912,40.6790520002988],[-73.95482900014714,40.678473000196846],[-73.95518300014946,40.6784339998821],[-73.95519499984503,40.67834299996742],[-73.9554750002275,40.677576000129946],[-73.9557489998639,40.676807000084345],[-73.95606900042935,40.67592799975999],[-73.95638599972344,40.67505000025615],[-73.95670299991585,40.67417099993101],[-73.95702099993315,40.67329399994521],[-73.95664799966426,40.673218999887254],[-73.95684600003098,40.67258400019404],[-73.95724400041424,40.67267400029308],[-73.9573389999505,40.67241400012979],[-73.9570169997352,40.67234800008423],[-73.95690499958222,40.67232399967981],[-73.95722000012479,40.67144500020818],[-73.9573120001863,40.67146399992788],[-73.95765699996778,40.67153599999977],[-73.9578970001673,40.67087000028569],[-73.95797400016019,40.6706569996791],[-73.95904700003786,40.670882000069284],[-73.96133799955808,40.671351999888586],[-73.96140700005337,40.671166000222776],[-73.9616630001464,40.67047700004672],[-73.96194900037668,40.66963700010729],[-73.96219399970074,40.6696410003365],[-73.96211099986004,40.66919500021701],[-73.96199600023233,40.66866300018205],[-73.96180600026155,40.66768100032806],[-73.96161600029073,40.66669499991714],[-73.96125800009044,40.66480200024674],[-73.96110800030263,40.66406299986003],[-73.96095599996666,40.66328499982596],[-73.96193900033091,40.66322399986008],[-73.96242899987739,40.663124999751915],[-73.9628940002078,40.66379799997943],[-73.96350500012807,40.663537999960425],[-73.96361899993089,40.663485999698715],[-73.96371099999239,40.66343200011788],[-73.96381200027474,40.66335800019222],[-73.96390099996317,40.66327300003816],[-73.96397499958304,40.66317900026278],[-73.9640290000097,40.66308499967345],[-73.96406900019268,40.66298000011991],[-73.964090999934,40.662874000072],[-73.96409400030703,40.66275200001402],[-73.96407400021555,40.66263599968494],[-73.96407699969028,40.662605000267774],[-73.96410299962955,40.66247600009837],[-73.96413799978964,40.66237500025117],[-73.96419399986615,40.66226099994299],[-73.96426699966109,40.662153999775434],[-73.9643239995625,40.662109000137704],[-73.96440300010352,40.66206799979017],[-73.96450500021076,40.66203799976919],[-73.96460200029514,40.662027999759204],[-73.96469900037953,40.66203399976541],[-73.96478600041817,40.662053999782074],[-73.96502499989445,40.66217300009793],[-73.96448900031724,40.661205999945096],[-73.96381300009963,40.65998900013807],[-73.96374399960435,40.659865000188034],[-73.96362700032681,40.66018999972138],[-73.96339799999795,40.66036700012432],[-73.9631000000721,40.66047100001876],[-73.96281399984184,40.66050399979416],[-73.96246200038766,40.65842499978053],[-73.96244399994599,40.65831499976337],[-73.96189999997286,40.6548710003217],[-73.96414500036066,40.65399499982547],[-73.96621300029813,40.65318899994095],[-73.96575100034077,40.65250000010325],[-73.96524199962944,40.65174199985233],[-73.96465400017368,40.65088700031512],[-73.96526199972092,40.65064199991894],[-73.96614499962776,40.650297999925286],[-73.96702800043292,40.649947999791834],[-73.96790999961652,40.64959899971386],[-73.9687930004217,40.64924900000351],[-73.96967200013057,40.64889799996346],[-73.97069300012966,40.64849700016906],[-73.97139699993637,40.64825799974041],[-73.97155900031807,40.648822999732964],[-73.97191599979513,40.65005600029366],[-73.9720820003748,40.65063499973861],[-73.97231199963025,40.650649999929385],[-73.97261999960183,40.6508349997332],[-73.9726809997012,40.651049999910654],[-73.97261399975403,40.651205999669195],[-73.97249999995122,40.65130499974619],[-73.9723429995924,40.65137800027338],[-73.97268300024935,40.65263899985606],[-73.97305099959706,40.65391300003523],[-73.97326599968221,40.65464899974825],[-73.97355500028551,40.65564400021359],[-73.973792000112,40.656392000259515],[-73.97404400000707,40.65734699983304],[-73.97448199967498,40.658338999757824],[-73.97515700006765,40.65872299985728],[-73.97751100023541,40.65986300012099],[-73.97957800034797,40.660853000074304],[-73.97963000022652,40.66079800004595],[-73.97969799999856,40.660757999934845],[-73.9797709997935,40.66073499980904],[-73.97982699987001,40.66072800000616],[-73.97990700023594,40.660730999727065],[-73.9799880004268,40.66075199981394],[-73.98004299978008,40.66077900001322],[-73.98006100022172,40.66079100024972],[-73.98008100031323,40.66080099976371],[-73.98013200036684,40.66083099965953],[-73.9801790002225,40.66087499980039],[-73.98021299965939,40.66092900008847],[-73.98023000027617,40.66098800007564],[-73.98022799972799,40.66104700001059],[-73.98020500016176,40.661109000278714]]]]}},{"type":"Feature","properties":{"zip":"11239","income":16919},"geometry":{"type":"MultiPolygon","coordinates":[[[[-73.88959099961149,40.65133799996641],[-73.88876600032928,40.65169099975198],[-73.88794899964637,40.65204100028469],[-73.88713100003686,40.652393999758864],[-73.88628199956688,40.65275600033054],[-73.88550499996525,40.653089000138806],[-73.8850220000915,40.65329300012139],[-73.8849090001136,40.65334100030725],[-73.88465300002058,40.65345099966597],[-73.88416299957578,40.65366099998255],[-73.88404899977297,40.653709999688715],[-73.8822129996391,40.65449800009037],[-73.88172200026773,40.6537539997558],[-73.87999300026397,40.65154299966764],[-73.87992399976868,40.651443999943766],[-73.87843599978935,40.64932699998886],[-73.87759999973817,40.648213000271184],[-73.87703300019882,40.64745600027419],[-73.87683900003007,40.64719799971421],[-73.87610400026124,40.646215000207626],[-73.87502200016274,40.64520500017901],[-73.87489199956809,40.6450950001775],[-73.87474299960517,40.645283000119825],[-73.87450999997668,40.64557600006181],[-73.87429200041679,40.64585199969138],[-73.87398500027014,40.64617700000951],[-73.87380399962184,40.6463740000485],[-73.87338400039559,40.646820999976626],[-73.87347200025914,40.646925999745115],[-73.87353199963528,40.646997999724526],[-73.87619700014764,40.65069700014182],[-73.87932500044228,40.655029000218484],[-73.87973299997296,40.65556300016273],[-73.87895600037133,40.655897999777395],[-73.87811699994711,40.65625999973838],[-73.87610699973597,40.657125000002175],[-73.87489699959097,40.65764599968098],[-73.8740689999357,40.658006000256535],[-73.87325100032619,40.65835700008868],[-73.87242699997059,40.65870899982856],[-73.87161900040684,40.65906000005068],[-73.87079099985326,40.65941499994992],[-73.86998099974134,40.65976399979459],[-73.86915599956082,40.6601190000361],[-73.86823500001915,40.66032699975476],[-73.86718100040808,40.66045199989292],[-73.86646699965733,40.659498000172206],[-73.86599100035461,40.65886200027476],[-73.86317100003153,40.65827700032245],[-73.86269999985332,40.65762299984511],[-73.8624379999125,40.657257999906676],[-73.86219299969012,40.65682899976001],[-73.86165799993783,40.656110000068196],[-73.86098799956801,40.655211999941805],[-73.86096400017688,40.65518000003757],[-73.86067600029678,40.654868000337295],[-73.8606350002889,40.654824000323345],[-73.86059400028101,40.65478000028039],[-73.86056699961853,40.65475100015876],[-73.86048299995294,40.65465900018291],[-73.86042199985357,40.65461200003521],[-73.85990700019275,40.65422899990288],[-73.85975499985679,40.654103999689845],[-73.85897999990499,40.652675000181134],[-73.85696200019622,40.65058400015526],[-73.85665199967652,40.6501290001426],[-73.8565370000488,40.649916000089156],[-73.85614799988636,40.64919800004242],[-73.85502099958204,40.64309800009378],[-73.87395699978272,40.63377299977446],[-73.87630000007981,40.63519199983459],[-73.87881400008112,40.63794199969471],[-73.87893799992968,40.638084999853],[-73.87954100035235,40.6388619999495],[-73.88073899990344,40.63961299996749],[-73.88190100036788,40.640834999834425],[-73.88251599958778,40.641351000073605],[-73.88311300016268,40.64187400015064],[-73.88373499995359,40.64245099978618],[-73.88432400013258,40.64293700005344],[-73.88618600020573,40.644770999962226],[-73.88655699992648,40.64508700018271],[-73.88958700031183,40.648111000089685],[-73.89125199984318,40.650026000323265],[-73.88999400001761,40.65113800011636],[-73.88959099961149,40.65133799996641]]]]}},{"type":"Feature","properties":{"zip":"11354","income":37155},"geometry":{"type":"MultiPolygon","coordinates":[[[[-73.85124000043267,40.77198000009957],[-73.85125399977805,40.77189100021068],[-73.85036099982545,40.77183099972911],[-73.85033400006128,40.77201800000813],[-73.85029700025137,40.77201000027987],[-73.85029700025137,40.771966000056125],[-73.85019699979392,40.77196099979694],[-73.85018199972532,40.7719719996864],[-73.84995199957154,40.77195800032158],[-73.84996300034051,40.771996000242744],[-73.84994599972376,40.77205699994545],[-73.84988700017253,40.772183000057424],[-73.85003699996037,40.772180999960334],[-73.85002000024193,40.77222500004168],[-73.84984000031687,40.77223100032881],[-73.84972800016388,40.77241299993724],[-73.84957199962994,40.7725610003203],[-73.84914700038082,40.77314699971264],[-73.84897599977829,40.77356200029129],[-73.84896099970966,40.77374300031048],[-73.84921199977984,40.77454799995501],[-73.84921699980269,40.774639999720875],[-73.84921400032798,40.7747320000397],[-73.84920400028226,40.77482300022233],[-73.84918699966548,40.7749140002803],[-73.84916300027436,40.775005000213575],[-73.84913200031221,40.77509300000814],[-73.84909299995417,40.77518099968612],[-73.849061999992,40.775239999861],[-73.84902600000702,40.775316000009155],[-73.84901400031143,40.7753440000418],[-73.84897300030356,40.77545100005784],[-73.84893899996835,40.77555999989701],[-73.84900300044079,40.77568000019336],[-73.84911600041869,40.77578799966254],[-73.84907899971044,40.776375999814746],[-73.84903799970256,40.77700499991167],[-73.84903500022783,40.777287999986434],[-73.84901799961108,40.77740499997278],[-73.84899900024281,40.7775219997531],[-73.84897800032641,40.77763500014176],[-73.84897400012845,40.77767500014899],[-73.84897199958033,40.77777300013304],[-73.84895700041002,40.77789099990801],[-73.84895499986189,40.77793400032735],[-73.84895599968681,40.777961999936885],[-73.84895999988476,40.777993000098085],[-73.84896800028068,40.77802200032362],[-73.84897400012845,40.77803499981071],[-73.84900500009061,40.778071999697474],[-73.84905000029644,40.778098000010075],[-73.84911399987055,40.77811499999964],[-73.84917599979482,40.77812700018974],[-73.84920599993207,40.77813100002586],[-73.8492369998942,40.77813499986177],[-73.84928999959764,40.778142000254256],[-73.84931200023729,40.77814999992446],[-73.84933300015366,40.778150999883174],[-73.84935700044312,40.778161000149694],[-73.84937800035951,40.77817800012315],[-73.84939599990285,40.778196000050286],[-73.84941099997147,40.77821100009922],[-73.84919800043446,40.778610999701],[-73.84884000023416,40.7786010001825],[-73.8479330000379,40.778604000038236],[-73.84801000003078,40.77696400020469],[-73.84712399975089,40.77693500019758],[-73.8462230003007,40.77690600017778],[-73.84625099988979,40.7766840000526],[-73.84626299958533,40.77650399986618],[-73.84577899988668,40.77644700010225],[-73.84579599960512,40.77617699969685],[-73.84560499980941,40.776169999777565],[-73.84559999978653,40.77626399999264],[-73.84532100012727,40.7762520001463],[-73.84531100008155,40.776419999839],[-73.84505099979056,40.776411999960466],[-73.84506000001137,40.77626999991501],[-73.84488000008632,40.77625500010809],[-73.84487099986549,40.776388000318995],[-73.8444149997559,40.77637199987294],[-73.84440899990813,40.77648700014456],[-73.84440300006035,40.7766110000547],[-73.84350000006201,40.776579999928764],[-73.84259899971352,40.77657200006951],[-73.84169700043842,40.776558000313436],[-73.8414360003225,40.776550999754015],[-73.84144800001805,40.77617099976606],[-73.84090099967189,40.77615399995928],[-73.8409299999842,40.77544000006416],[-73.84071400007413,40.775433000067174],[-73.8407319996175,40.775004000207524],[-73.84008899991017,40.77498200007028],[-73.83848899977784,40.77546600004631],[-73.83905200001752,40.77662799974454],[-73.83896699962872,40.776774000303085],[-73.83886200004673,40.778617000091664],[-73.8363320001519,40.77852900020334],[-73.83394899967185,40.772702000089026],[-73.83350699980596,40.771619000224085],[-73.83342800016325,40.7714340003024],[-73.83313299971215,40.77160999971028],[-73.83278899975556,40.77180699979341],[-73.83252199979188,40.771963999952504],[-73.83243800012629,40.77201399980395],[-73.8321779998353,40.772174999668664],[-73.8318330000538,40.77238800016635],[-73.83171300040318,40.77247399993742],[-73.8315929998543,40.77256000027746],[-73.83112699969897,40.77294299994177],[-73.83100000037565,40.77304700031675],[-73.83063299995455,40.77336099984625],[-73.83054000006813,40.77343700010296],[-73.83022000040098,40.77375900002914],[-73.83015699975348,40.773825000273376],[-73.82985200015496,40.774162999981336],[-73.82951200039632,40.77456900022334],[-73.8292789998695,40.77488200003488],[-73.82918500015818,40.77501800029106],[-73.82896500005018,40.7753110000021],[-73.82888300003438,40.77542700006919],[-73.82852800020714,40.77600700008797],[-73.82810399988462,40.77599000023916],[-73.8277780003697,40.77597699967167],[-73.82760099991937,40.77630300015863],[-73.825828000433,40.7763110000503],[-73.82583099990774,40.77591500017426],[-73.82486799963496,40.77654199990833],[-73.82433100023285,40.77674300025327],[-73.82306500001134,40.77678700003438],[-73.82307000003422,40.77639200025983],[-73.82217700008164,40.77639600020043],[-73.82217799990656,40.77644300016473],[-73.8217019997055,40.77646799977035],[-73.82166999991844,40.776862999773286],[-73.82064499972138,40.77675200007173],[-73.82044399987991,40.77673099981316],[-73.81965200020967,40.77664700007301],[-73.81873199959459,40.77654699982276],[-73.81764299982342,40.77639800017063],[-73.81585299972032,40.77603699981042],[-73.81494300004928,40.77586199987774],[-73.8145980002678,40.775820000151775],[-73.81448000026703,40.77580600023726],[-73.8145430000162,40.7753780000656],[-73.81330500028211,40.775281999953634],[-73.8132540002285,40.77566000027242],[-73.81309400039493,40.77564099966165],[-73.81278399987521,40.77560499977841],[-73.81247199970569,40.77557999984805],[-73.81224900012292,40.775561999892375],[-73.81229400032876,40.77520499976361],[-73.81031400025485,40.775047999779886],[-73.8102670003992,40.77540500007204],[-73.81001899980373,40.77538600006864],[-73.80955099999859,40.775349000046376],[-73.8096000004024,40.77498700010212],[-73.80720500022676,40.77480500006155],[-73.8071509998001,40.775158000284016],[-73.80696699967709,40.77514400022998],[-73.80668899984275,40.77512200013905],[-73.80660000015429,40.775115000108634],[-73.80659299958327,40.775073999915506],[-73.80663500031439,40.77475500026958],[-73.80632800016771,40.77473500007014],[-73.80438499990373,40.77455600005801],[-73.80402400022871,40.77453799982485],[-73.80405799966556,40.77430299973513],[-73.8040529996427,40.77419499989278],[-73.80398499987064,40.77418999980134],[-73.80408100013011,40.77348000000379],[-73.8041790000394,40.772771000141816],[-73.80450200007958,40.77279599976861],[-73.80454599956221,40.77250099976345],[-73.80473899990605,40.7725159997377],[-73.80474700030197,40.77245599982049],[-73.80596099974659,40.77255400002002],[-73.80602600004393,40.772198000103444],[-73.80615300026554,40.77220899995362],[-73.80629100035779,40.771193999801795],[-73.80535599967412,40.771095000252686],[-73.80556499991147,40.769559999901304],[-73.80649700022212,40.769635000336905],[-73.80668600036802,40.76825299991843],[-73.8072069998766,40.76829499966539],[-73.8074670001676,40.766048000075735],[-73.80699799963922,40.76595499983697],[-73.80702899960136,40.765727999812455],[-73.80795800043728,40.76580199966586],[-73.80823100024875,40.76379800018957],[-73.80733499992311,40.763498000164695],[-73.80738799962657,40.76311000024718],[-73.80783700006346,40.763262000309375],[-73.80795300041441,40.7623820003225],[-73.80749300010686,40.7623430001501],[-73.80751400002326,40.762178999680685],[-73.81250900041391,40.76261500000337],[-73.8125999997522,40.76315300002701],[-73.81399599967004,40.76277200010742],[-73.81392000040036,40.76259500023217],[-73.81479099971332,40.7623610002849],[-73.8158800003828,40.76206600022118],[-73.81609299991982,40.76252400011135],[-73.81829300010178,40.76193599984674],[-73.82176700000281,40.760979999865896],[-73.82410899957668,40.76028900000982],[-73.82621099984934,40.759827999665816],[-73.82974000000198,40.75874899988335],[-73.82962299982609,40.75851500000519],[-73.82946899984033,40.758193999957605],[-73.82993400017071,40.757986000184566],[-73.83010900007291,40.758316000149854],[-73.83344900007965,40.75684899992011],[-73.83320999970508,40.75652900027746],[-73.83367800040851,40.75632100005802],[-73.83380200025707,40.75672199971257],[-73.8357839999808,40.755665000285255],[-73.83619400005963,40.755446000183305],[-73.8363379999997,40.75536900014385],[-73.83791700021561,40.754540999792965],[-73.8379869996375,40.7546819996887],[-73.83805399958464,40.754830000092525],[-73.83813399995059,40.75503800021353],[-73.83821099994348,40.75525299976582],[-73.83830499965481,40.75563300029671],[-73.83840599993715,40.75610099978517],[-73.83861900037249,40.75704499993571],[-73.83817400013356,40.75797699986561],[-73.83779500001691,40.75909499999082],[-73.83715899998225,40.759997999843044],[-73.83682099987345,40.761248999894825],[-73.83695399994285,40.76216199969598],[-73.83692700017865,40.76259900032299],[-73.8369170001329,40.76276699983678],[-73.837381999565,40.76383600001438],[-73.83826399964694,40.76493399982276],[-73.83908399980457,40.76525700028531],[-73.83913499985822,40.76528599994674],[-73.83922299972176,40.76533600006051],[-73.83927299995047,40.76536300006551],[-73.8393590001642,40.76540999967002],[-73.8394169998905,40.765428000334914],[-73.83912099961451,40.76598299973234],[-73.83913200038347,40.76599100018627],[-73.83925600023203,40.76603400014321],[-73.83931899998123,40.766054000240274],[-73.83954599976194,40.76612700027142],[-73.83954400011213,40.76621199984313],[-73.83969800009791,40.7663930001537],[-73.83973800028087,40.766650999958486],[-73.83973400008291,40.76673399995966],[-73.8396489996941,40.766789999762544],[-73.83956099983055,40.766916999784485],[-73.8394999997312,40.767008999911305],[-73.83955400015786,40.76710599985534],[-73.83964299984633,40.767106999980264],[-73.83975400017441,40.76712000024241],[-73.83978799961129,40.76705099976419],[-73.83984799988573,40.767105999855325],[-73.8399509998179,40.767092000145695],[-73.83993999994725,40.767001999706466],[-73.83988399987075,40.76695200016574],[-73.8399020003124,40.7668240000815],[-73.84000799971932,40.766622999664236],[-73.84008700026034,40.76658100022124],[-73.84022399962937,40.76652900009651],[-73.84025700013964,40.76648300005694],[-73.84027399985808,40.76637999974937],[-73.84031200039124,40.7662949997122],[-73.8405550000655,40.76629599984935],[-73.84086499968687,40.76621500025827],[-73.8412050003438,40.76615000007822],[-73.8414439998201,40.766104999916315],[-73.84174500011898,40.76603800002705],[-73.84198399959527,40.765964999898166],[-73.841965000227,40.76592699992985],[-73.84227300019859,40.76585599996658],[-73.84228999991701,40.765899000010876],[-73.84253599996431,40.76586300029213],[-73.8426819995542,40.76583099976978],[-73.84295899956362,40.765854999822814],[-73.84337000036567,40.765725000055724],[-73.84346800027497,40.76565299972983],[-73.84359999962113,40.76564300030206],[-73.84369300040585,40.76569999980965],[-73.84394699995076,40.765495000158815],[-73.84407900019524,40.76549699977676],[-73.84426599979298,40.76546899967664],[-73.84448900027407,40.76545999969053],[-73.84491299969828,40.76552800031124],[-73.84528199976921,40.76566600027639],[-73.84593000039773,40.766012999898734],[-73.8460269995838,40.76604500033344],[-73.84614100028493,40.76611600009473],[-73.84619999983614,40.7661959996679],[-73.84652200005144,40.76629599984934],[-73.8466679996413,40.76628400024372],[-73.8468500001145,40.76626199994061],[-73.84701300032111,40.76626800008584],[-73.84712200010105,40.7662909998438],[-73.84723099988102,40.76631300013739],[-73.84738300021698,40.76641900027433],[-73.84769399966328,40.76670599970035],[-73.84780599981626,40.76677300027685],[-73.84786199989276,40.7668500000335],[-73.84792200016723,40.76701200029049],[-73.84804199981784,40.7672379998884],[-73.84809399969636,40.76737900006706],[-73.84821300042036,40.76763499989209],[-73.84828200001732,40.767744999742554],[-73.84837400007883,40.76786900032058],[-73.84840199966794,40.76792100007706],[-73.84850399977519,40.76799199987518],[-73.84856700042269,40.76809099996538],[-73.84853599956224,40.76812099986046],[-73.84848100020896,40.76817300010017],[-73.84842599995739,40.76822300008289],[-73.84837599972866,40.76827599966976],[-73.84833100042114,40.76833200021426],[-73.84829100023816,40.76839000024248],[-73.84830100028391,40.76842999969285],[-73.84834499976652,40.76848199969075],[-73.84841599991162,40.76850100030788],[-73.8484839996837,40.76852500007695],[-73.84860900025548,40.768586000244795],[-73.8486660001569,40.76862299995128],[-73.8488350002113,40.7687520000723],[-73.84901299958823,40.769214999936835],[-73.84892300007485,40.76932499989323],[-73.84892300007485,40.769406999865964],[-73.84884100005908,40.7694640002271],[-73.84871800003542,40.769548000204736],[-73.84865899958588,40.76961399986969],[-73.84860699970734,40.769703000087176],[-73.84860099985956,40.76981800033691],[-73.848729999731,40.769990000297604],[-73.84892700027281,40.769915000262635],[-73.84881799959454,40.7697379996814],[-73.84950399985789,40.76951000024419],[-73.84953399999512,40.769517000184884],[-73.8495549999115,40.769563000165284],[-73.84949800001012,40.76958600014355],[-73.8495549999115,40.769667999794216],[-73.84960299959208,40.769658999696425],[-73.84963000025459,40.76966099986943],[-73.84973200036184,40.769786999762694],[-73.84970499969934,40.76979000001641],[-73.84964199995015,40.7698310000687],[-73.84969600037682,40.769931000222805],[-73.84974999990517,40.76992200016068],[-73.84977400019463,40.76993599995441],[-73.84976199960074,40.76996099996756],[-73.84907600023573,40.77019400029079],[-73.84901500013635,40.77002799998359],[-73.84872700025625,40.77010600013043],[-73.84862599997392,40.77038800026361],[-73.84861299955513,40.77042599972204],[-73.84858699961586,40.770504000081985],[-73.84858400014113,40.770543000227626],[-73.84858699961586,40.77060600004818],[-73.8486100000804,40.77065899977541],[-73.84865799976097,40.770740000072664],[-73.8486879998982,40.77077900007975],[-73.84874700034776,40.77084399981399],[-73.84882599999045,40.77091299975536],[-73.84890499963318,40.77098200030537],[-73.84912999976407,40.77106400027422],[-73.84933800017653,40.771188000101354],[-73.84949399981214,40.771329000062465],[-73.8495759998279,40.7714389999209],[-73.8496100001631,40.771483999872345],[-73.84973800020961,40.771742000320955],[-73.84978199969224,40.77180799984759],[-73.84980500015676,40.77184299969367],[-73.84982299970012,40.77185799981646],[-73.8499330002033,40.771893999689084],[-73.84994200042412,40.77192700006543],[-73.8502019998168,40.7719369999082],[-73.85030999977184,40.771947999801625],[-73.85033800025924,40.77174399975095],[-73.85037800044222,40.77175100013655],[-73.85036800039649,40.771815000226475],[-73.85126100034904,40.7718729999358],[-73.85126700019683,40.77179900003971],[-73.85130099963371,40.77180599973921],[-73.85126999967157,40.7719859997285],[-73.85124000043267,40.77198000009957]]]]}},{"type":"Feature","properties":{"zip":"11355","income":36973},"geometry":{"type":"MultiPolygon","coordinates":[[[[-73.8363379999997,40.75536900014385],[-73.83619400005963,40.755446000183305],[-73.8357839999808,40.755665000285255],[-73.83380200025707,40.75672199971257],[-73.83367800040851,40.75632100005802],[-73.83320999970508,40.75652900027746],[-73.83344900007965,40.75684899992011],[-73.83010900007291,40.758316000149854],[-73.82993400017071,40.757986000184566],[-73.82946899984033,40.758193999957605],[-73.82962299982609,40.75851500000519],[-73.82974000000198,40.75874899988335],[-73.82621099984934,40.759827999665816],[-73.82410899957668,40.76028900000982],[-73.82176700000281,40.760979999865896],[-73.81829300010178,40.76193599984674],[-73.81609299991982,40.76252400011135],[-73.8158800003828,40.76206600022118],[-73.81479099971332,40.7623610002849],[-73.81392000040036,40.76259500023217],[-73.81399599967004,40.76277200010742],[-73.8125999997522,40.76315300002701],[-73.81250900041391,40.76261500000337],[-73.80751400002326,40.762178999680685],[-73.80752800026697,40.76206600022119],[-73.80784600028429,40.76209499991415],[-73.80797500015571,40.76210700027612],[-73.80808099956262,40.76142700016276],[-73.80762700000116,40.76134099970293],[-73.8076570001384,40.761127000322666],[-73.80767999970462,40.76096000028313],[-73.80770599964389,40.760764999783426],[-73.80773199958314,40.760568000306286],[-73.80819000024087,40.76066299968149],[-73.80837199981575,40.75932299977742],[-73.80790599966042,40.75928300028924],[-73.80792999994989,40.759110999834235],[-73.80793999999561,40.75904300013294],[-73.80839600010519,40.759077999897855],[-73.80853400019745,40.758059999811955],[-73.80847200027318,40.757286999685455],[-73.8086420001525,40.75730100009955],[-73.80867599958935,40.75705199982838],[-73.80839399955707,40.75702999987158],[-73.80844100031102,40.7567059999746],[-73.80825700018802,40.756692000115656],[-73.80828800015016,40.75646499975583],[-73.80830200039387,40.75635599989515],[-73.80876900037408,40.75637400029024],[-73.80903100031492,40.75445499995106],[-73.80856900035755,40.754410000036884],[-73.80858299970295,40.754314999891314],[-73.80861899968795,40.75406000011863],[-73.80887999980386,40.754079999735865],[-73.8089240001848,40.75370599977366],[-73.80913500007202,40.75372299987946],[-73.80934799960902,40.75216600025925],[-73.80888200035199,40.75212500019742],[-73.80889200039775,40.752053000110706],[-73.80890900011617,40.75193300001974],[-73.80893500005546,40.751740000292465],[-73.80940200003567,40.75177800020549],[-73.80954900034877,40.750685999673244],[-73.80908300019344,40.75064299999511],[-73.80912699967607,40.75032499981873],[-73.80913500007202,40.75026899975431],[-73.80882499955229,40.750245000198376],[-73.80820299976135,40.750193000223355],[-73.80750599962734,40.75013700004775],[-73.80976000023598,40.74877899989564],[-73.81161800011115,40.747665000139605],[-73.8123539997049,40.74722299994157],[-73.81416200024971,40.74613900026991],[-73.81382400014093,40.74583300022973],[-73.81375800001865,40.7457460002482],[-73.81370699996502,40.745653000189016],[-73.81367400035306,40.74555600024484],[-73.81368400039881,40.74530499999917],[-73.81370600014012,40.745054000167414],[-73.813739999577,40.74480399984886],[-73.81378499978283,40.74455499973535],[-73.81430899966446,40.74297399969101],[-73.81295600030266,40.7427390002903],[-73.81202900001489,40.742594000318284],[-73.8110919996814,40.74244699971889],[-73.81063399992198,40.74237400022648],[-73.81075100009784,40.74061899973502],[-73.81024399993464,40.74060099983914],[-73.81025700035343,40.74039400000552],[-73.81026599967593,40.740243999763024],[-73.81077000036441,40.740264999980674],[-73.81083999978631,40.739216999761815],[-73.81130699976653,40.73923099989694],[-73.81131599998737,40.73910099979299],[-73.81132900040616,40.73890900012769],[-73.8122680003895,40.73894500014968],[-73.81320800019775,40.73898700003725],[-73.81413799996025,40.73907599974386],[-73.81509600021016,40.739234000168565],[-73.81510899973063,40.73952099989396],[-73.8173940003014,40.74028100027174],[-73.81927100044317,40.74092199974722],[-73.8213860002363,40.7415960003143],[-73.82216299983794,40.7417660001483],[-73.82210099991367,40.7418689998003],[-73.82275700003979,40.74209000002191],[-73.82295100020855,40.74175000021449],[-73.82337600035596,40.74189300033724],[-73.82373200000812,40.742029000040276],[-73.8238290000925,40.742060999769855],[-73.82373500038118,40.74225200004752],[-73.82360899998447,40.74220899968005],[-73.82353199999159,40.74235299999402],[-73.82455200016577,40.742697000049304],[-73.82460099967126,40.74271100013257],[-73.82477100044889,40.74237500004288],[-73.82523400023116,40.74252900018128],[-73.82538300019408,40.742294999706594],[-73.82536300010258,40.742199000128785],[-73.82527000021618,40.74175299969186],[-73.82657200042267,40.741884999705476],[-73.82787499955577,40.74200600005501],[-73.82782199985232,40.742382000118845],[-73.82781699982944,40.74241599999083],[-73.82980699994913,40.74261499979401],[-73.8303550001202,40.74266199982818],[-73.83109699956175,40.74274000010126],[-73.83200600030617,40.742827999741046],[-73.83291500015225,40.74291800024223],[-73.83380100043215,40.74301700024449],[-73.8349529999525,40.74313799989589],[-73.83518099955813,40.74315400017644],[-73.83540900006209,40.74317399967093],[-73.83563500001789,40.74319900022167],[-73.83586099997369,40.74322799997757],[-73.83589600013381,40.7433809997008],[-73.83592500044612,40.743501000251705],[-73.83595100038539,40.743731000021754],[-73.83585000010306,40.74417600033717],[-73.83581599976786,40.74430699983826],[-73.83567600002577,40.74485099969736],[-73.83554899980417,40.74514699970307],[-73.83550299977342,40.74532800020483],[-73.83539900001635,40.74551999971735],[-73.83499999980818,40.74619699992752],[-73.83462900008742,40.74689599996618],[-73.83453399965285,40.74702700023468],[-73.83445599983504,40.747113999901565],[-73.83432399959057,40.74723699975275],[-73.83423999992499,40.74730200005251],[-73.8341140004266,40.74738600013635],[-73.83309900027528,40.74799399988097],[-73.83301100041174,40.748125000028224],[-73.832925000198,40.74837500011264],[-73.83272600000639,40.74930600005389],[-73.83218100020834,40.75150600024198],[-73.83218299985815,40.75162000031714],[-73.83220299994966,40.75173299984049],[-73.83224099958449,40.75183999976626],[-73.83229500001116,40.751941999795875],[-73.83560200040594,40.75139499969451],[-73.83599800024106,40.75200599990808],[-73.8370140002173,40.7540269997163],[-73.83767399964307,40.75411399975182],[-73.83791700021561,40.754540999792965],[-73.8363379999997,40.75536900014385]]]]}},{"type":"Feature","properties":{"zip":"11358","income":51242},"geometry":{"type":"MultiPolygon","coordinates":[[[[-73.80893500005546,40.751740000292465],[-73.80890900011617,40.75193300001974],[-73.80889200039775,40.752053000110706],[-73.80888200035199,40.75212500019742],[-73.80934799960902,40.75216600025925],[-73.80913500007202,40.75372299987946],[-73.8089240001848,40.75370599977366],[-73.80887999980386,40.754079999735865],[-73.80861899968795,40.75406000011863],[-73.80858299970295,40.754314999891314],[-73.80856900035755,40.754410000036884],[-73.80903100031492,40.75445499995106],[-73.80876900037408,40.75637400029024],[-73.80830200039387,40.75635599989515],[-73.80828800015016,40.75646499975583],[-73.80825700018802,40.756692000115656],[-73.80844100031102,40.7567059999746],[-73.80839399955707,40.75702999987158],[-73.80867599958935,40.75705199982838],[-73.8086420001525,40.75730100009955],[-73.80847200027318,40.757286999685455],[-73.80853400019745,40.758059999811955],[-73.80839600010519,40.759077999897855],[-73.80793999999561,40.75904300013294],[-73.80792999994989,40.759110999834235],[-73.80790599966042,40.75928300028924],[-73.80837199981575,40.75932299977742],[-73.80819000024087,40.76066299968149],[-73.80773199958314,40.760568000306286],[-73.80770599964389,40.760764999783426],[-73.80767999970462,40.76096000028313],[-73.8076570001384,40.761127000322666],[-73.80762700000116,40.76134099970293],[-73.80808099956262,40.76142700016276],[-73.80797500015571,40.76210700027612],[-73.80784600028429,40.76209499991415],[-73.80752800026697,40.76206600022119],[-73.80751400002326,40.762178999680685],[-73.80749300010686,40.7623430001501],[-73.80795300041441,40.7623820003225],[-73.80783700006346,40.763262000309375],[-73.80738799962657,40.76311000024718],[-73.80733499992311,40.763498000164695],[-73.80823100024875,40.76379800018957],[-73.80795800043728,40.76580199966586],[-73.80702899960136,40.765727999812455],[-73.80699799963922,40.76595499983697],[-73.8074670001676,40.766048000075735],[-73.8072069998766,40.76829499966539],[-73.80668600036802,40.76825299991843],[-73.80649700022212,40.769635000336905],[-73.80556499991147,40.769559999901304],[-73.80535599967412,40.771095000252686],[-73.80629100035779,40.771193999801795],[-73.80615300026554,40.77220899995362],[-73.80602600004393,40.772198000103444],[-73.80596099974659,40.77255400002002],[-73.80474700030197,40.77245599982049],[-73.80473899990605,40.7725159997377],[-73.80454599956221,40.77250099976345],[-73.80450200007958,40.77279599976861],[-73.8041790000394,40.772771000141816],[-73.80408100013011,40.77348000000379],[-73.80398499987064,40.77418999980134],[-73.80391500044878,40.77469100029046],[-73.80343500004973,40.7746549998925],[-73.80345599996612,40.774507000092214],[-73.8016600000152,40.77436400004097],[-73.80161200033463,40.77471999991662],[-73.80140700029523,40.774703999749136],[-73.80108699972976,40.77467900015998],[-73.80113600013357,40.77431899999923],[-73.80098700017065,40.77431099986767],[-73.79881899977575,40.77414000022683],[-73.79881200010306,40.77419199983795],[-73.79833500007707,40.774149999736565],[-73.79829999991699,40.77444999997544],[-73.79823299996985,40.774847999757256],[-73.79785399985315,40.77441600015706],[-73.79724299993288,40.77389399984023],[-73.79712800030514,40.77383099973578],[-73.79704100026652,40.77394999973179],[-73.79696799957327,40.77407100023519],[-73.79613400007023,40.77383499983057],[-73.79601400041962,40.7738260002972],[-73.7959640001909,40.77419199983795],[-73.79594499992434,40.774270999875746],[-73.79548499961679,40.77423599994812],[-73.79512800013974,40.77420800012875],[-73.79501799963656,40.774198999965655],[-73.79508399975882,40.773679000036815],[-73.79375999981102,40.7737299999835],[-73.79380099981888,40.77381400001047],[-73.79357800023611,40.77380999991441],[-73.79338300024244,40.77348200006179],[-73.79318599970064,40.77357199988803],[-73.79271299987263,40.77378800006209],[-73.79275800007846,40.774022999932534],[-73.79282699967544,40.77434699977176],[-73.79166799958408,40.77462200019081],[-73.79148299963616,40.77427799999512],[-73.7916349999721,40.774239000000925],[-73.7911899997332,40.773377999687405],[-73.79158999976627,40.773259000027494],[-73.79115700012123,40.772400000030295],[-73.79075000041544,40.77252099995509],[-73.790654000156,40.772333999731075],[-73.79057100031531,40.772172000202964],[-73.79101099963306,40.77204500001953],[-73.79041499978138,40.77088299976004],[-73.78994699997624,40.76996699977885],[-73.78950500011037,40.770091999692184],[-73.7894780003462,40.77004099967427],[-73.78943999981304,40.769965000295336],[-73.7893090002918,40.769707999835944],[-73.78947599979806,40.769658000290235],[-73.78930500009383,40.76932499989323],[-73.78957600025548,40.76924500000481],[-73.78905200037383,40.768221999974756],[-73.78861600035576,40.76835499993825],[-73.7884449997532,40.76802199981501],[-73.78834699984392,40.76783200019428],[-73.78827400004897,40.76769000018027],[-73.78871099989198,40.76755700024655],[-73.78836299973744,40.76687899968015],[-73.78792400024462,40.7670060002124],[-73.78788999990941,40.766939999998186],[-73.78776299968781,40.76669099977528],[-73.78765399990787,40.76648199992263],[-73.78759199998359,40.76636200002272],[-73.7880289998266,40.7662309997485],[-73.78740100018788,40.76500399993407],[-73.78733599989054,40.76502300018485],[-73.78727800016424,40.76491000011752],[-73.7868949998496,40.76502200002853],[-73.7868179998567,40.76487200022636],[-73.7867900002676,40.76481700032745],[-73.78635699972425,40.76401699999217],[-73.7858529999341,40.763014000100455],[-73.78570700034423,40.76293699998175],[-73.7854450004034,40.76259699993741],[-73.78535099979376,40.76225700019505],[-73.78527399980086,40.761841999773466],[-73.78516800039398,40.76143300006414],[-73.7855790002977,40.76140100013043],[-73.78568100040495,40.76139299980438],[-73.78561299973458,40.760916000227326],[-73.78551900002324,40.760922999712406],[-73.78540799969517,40.760132999714074],[-73.78462000022289,40.76019899988388],[-73.78447100025996,40.759863999931724],[-73.78427799991611,40.759443000138795],[-73.784098999816,40.759038000262244],[-73.7834529997356,40.75787000029012],[-73.78339199963622,40.757757999894906],[-73.78316200038077,40.7573260001026],[-73.78281599987605,40.756666000272666],[-73.78248100014031,40.75599700010797],[-73.78212499958983,40.755338999936455],[-73.78165199976182,40.75470800030764],[-73.78113299990305,40.7540889999019],[-73.7805320000285,40.75332900011335],[-73.7800879996145,40.75249399984353],[-73.78047500012713,40.75218799978407],[-73.78086500011445,40.751881999677295],[-73.78121200044407,40.75150699992113],[-73.78163800041642,40.75139199997145],[-73.78252200014818,40.751149999859585],[-73.78340199968197,40.75090899991611],[-73.78428600031204,40.75066700008791],[-73.78516800039398,40.75042399968356],[-73.78605499960045,40.750193000223355],[-73.78624499957125,40.75013499996771],[-73.78695000010117,40.74993299973844],[-73.7871130003078,40.75027599967987],[-73.78800899973511,40.75002899972178],[-73.78784399987867,40.7496909997608],[-73.78873099998347,40.74944599977214],[-73.7896120002405,40.74920199995568],[-73.79053299978217,40.748950000142564],[-73.79144800037437,40.74869899977639],[-73.79230500034194,40.74836599985364],[-73.79259999989472,40.74837200025327],[-73.79286600003351,40.748377999971794],[-73.79284400029219,40.74870500014592],[-73.79480400027464,40.748775000334305],[-73.79479699970362,40.74897400016594],[-73.79479099985583,40.749137000152025],[-73.79489299996312,40.74918099983759],[-73.79604899968142,40.75005000025261],[-73.79644600023974,40.74985899991187],[-73.79729499981141,40.74943500023761],[-73.79728899996363,40.74932900023686],[-73.79756199977511,40.74919799973931],[-73.79724100028307,40.748957000206985],[-73.79745700019312,40.74878899981868],[-73.79770099969227,40.74897200005086],[-73.79792199962522,40.74879899974027],[-73.79799600014339,40.74885300024355],[-73.79814299955815,40.74896099975737],[-73.79844899987992,40.74908599970663],[-73.7984980002837,40.74875600020296],[-73.79896400043901,40.748783000137244],[-73.79989599985136,40.74885600008115],[-73.80082700033708,40.74892999966278],[-73.80175899974942,40.749005000239954],[-73.80228000015633,40.74904400007112],[-73.80222999992762,40.74967399998522],[-73.80287500018306,40.74975000010935],[-73.80287799965782,40.74978299991231],[-73.8035310003092,40.74982499976166],[-73.80447000029253,40.74989900030657],[-73.80540000005504,40.749973000088595],[-73.80633300019059,40.7500480001699],[-73.80727100034902,40.750119000005654],[-73.80750599962734,40.75013700004775],[-73.80820299976135,40.750193000223355],[-73.80882499955229,40.750245000198376],[-73.80913500007202,40.75026899975431],[-73.80912699967607,40.75032499981873],[-73.80908300019344,40.75064299999511],[-73.80954900034877,40.750685999673244],[-73.80940200003567,40.75177800020549],[-73.80893500005546,40.751740000292465]]]]}},{"type":"Feature","properties":{"zip":"11367","income":45285},"geometry":{"type":"MultiPolygon","coordinates":[[[[-73.83745600008315,40.74327699986501],[-73.83733800008238,40.743299000288786],[-73.837309999595,40.74330199969637],[-73.83723599997514,40.743310999960116],[-73.83714399991364,40.743324000111976],[-73.83705299967704,40.74333299969204],[-73.83680300033008,40.743352999813375],[-73.83616700029545,40.743375000212076],[-73.83614899985379,40.743375000212076],[-73.83589600013381,40.7433809997008],[-73.83586099997369,40.74322799997757],[-73.83563500001789,40.74319900022167],[-73.83540900006209,40.74317399967093],[-73.83518099955813,40.74315400017644],[-73.8349529999525,40.74313799989589],[-73.83380100043215,40.74301700024449],[-73.83291500015225,40.74291800024223],[-73.83200600030617,40.742827999741046],[-73.83109699956175,40.74274000010126],[-73.8303550001202,40.74266199982818],[-73.82980699994913,40.74261499979401],[-73.82781699982944,40.74241599999083],[-73.82782199985232,40.742382000118845],[-73.82787499955577,40.74200600005501],[-73.82657200042267,40.741884999705476],[-73.82527000021618,40.74175299969186],[-73.82536300010258,40.742199000128785],[-73.82538300019408,40.742294999706594],[-73.82523400023116,40.74252900018128],[-73.82477100044889,40.74237500004288],[-73.82460099967126,40.74271100013257],[-73.82455200016577,40.742697000049304],[-73.82353199999159,40.74235299999402],[-73.82360899998447,40.74220899968005],[-73.82373500038118,40.74225200004752],[-73.8238290000925,40.742060999769855],[-73.82373200000812,40.742029000040276],[-73.82337600035596,40.74189300033724],[-73.82295100020855,40.74175000021449],[-73.82275700003979,40.74209000002191],[-73.82210099991367,40.7418689998003],[-73.82216299983794,40.7417660001483],[-73.8213860002363,40.7415960003143],[-73.81927100044317,40.74092199974722],[-73.8173940003014,40.74028100027174],[-73.81510899973063,40.73952099989396],[-73.81509600021016,40.739234000168565],[-73.81413799996025,40.73907599974386],[-73.81320800019775,40.73898700003725],[-73.8122680003895,40.73894500014968],[-73.81132900040616,40.73890900012769],[-73.81131599998737,40.73910099979299],[-73.81130699976653,40.73923099989694],[-73.81083999978631,40.739216999761815],[-73.81033299962311,40.739201999759615],[-73.81035500026272,40.73887099966736],[-73.80938699996706,40.738832999866005],[-73.80844799998374,40.738774999912366],[-73.80804100027795,40.738780999816],[-73.8069530003317,40.73860400004818],[-73.80632300014486,40.738490999996216],[-73.80657699968975,40.73849799980014],[-73.80941399973125,40.738603000175004],[-73.80941600027938,40.73850799990784],[-73.80941999957903,40.7382999998092],[-73.81039299989756,40.738327999781845],[-73.8109450002666,40.73834899992373],[-73.81096199998504,40.737367999732655],[-73.81081800004499,40.73736300027395],[-73.8108199996948,40.73733499989518],[-73.8104590000198,40.73732000014928],[-73.81047200043858,40.73713400016039],[-73.81048199958602,40.736991999913926],[-73.81049900020275,40.73669900007731],[-73.8114730003462,40.73674199992273],[-73.8124159996292,40.73678600032146],[-73.81244800031456,40.73679300030489],[-73.81250100001799,40.7362789998565],[-73.81252299975931,40.73625400010822],[-73.81254100020097,40.73623900011858],[-73.81286199969301,40.73624199984448],[-73.81290600007394,40.73624500025098],[-73.81294899973166,40.736213999674526],[-73.81294899973166,40.73611700025879],[-73.81297399984602,40.73606099980189],[-73.81298600043989,40.73601800019693],[-73.81297100037128,40.735992999669875],[-73.81270299968436,40.735752999849716],[-73.8126909999888,40.735669000048446],[-73.81257299998802,40.734535999772596],[-73.81250600004087,40.73427699995833],[-73.81248500012448,40.73422900018688],[-73.81244099974354,40.734199999911134],[-73.81229199978064,40.73412299977471],[-73.81222999985634,40.734087999807095],[-73.81218100035086,40.73401000027965],[-73.81212199990132,40.73374899988694],[-73.81236399975066,40.73370300030886],[-73.81242900004798,40.73364699986207],[-73.81244699959133,40.733571999664],[-73.81245099978928,40.733479000281065],[-73.81252899960708,40.732150000168104],[-73.81227900026015,40.732220000081846],[-73.81224599974988,40.73208699997853],[-73.81206099980194,40.73211599981389],[-73.81205599977906,40.73164699968192],[-73.81192799973256,40.73139300010137],[-73.81191199983903,40.73139899999006],[-73.8118530002878,40.73141199974714],[-73.81177799994474,40.731431000068156],[-73.81169799957878,40.73143899991509],[-73.81165300027125,40.7314550002868],[-73.81161800011115,40.73144899972236],[-73.81166900016478,40.73121199980058],[-73.81157799992819,40.73117199973917],[-73.81157799992819,40.73081700009725],[-73.81152500022473,40.730377000251934],[-73.81103099958202,40.73039000020867],[-73.81105400004654,40.73030399976726],[-73.81106599974211,40.73003099979063],[-73.81134000027681,40.7299939997076],[-73.81196799991552,40.729935000213366],[-73.81192000023495,40.72920399983319],[-73.81213299977198,40.72918300020836],[-73.81209000011427,40.728403999847025],[-73.81169000008119,40.72842499971768],[-73.81166300031701,40.72818499982831],[-73.81204200043368,40.72794499975407],[-73.81182300015057,40.72782200030806],[-73.81163900002755,40.72777299992861],[-73.81186499998336,40.727746999670956],[-73.81088599981706,40.72717200014705],[-73.81069400019643,40.72648899999323],[-73.81074400042516,40.72626500018755],[-73.81068599980051,40.72580099999088],[-73.8106909998234,40.725115999911424],[-73.81062600042438,40.724420000002915],[-73.81039899974535,40.72372400030473],[-73.81013099995674,40.72303199988415],[-73.8098539999473,40.72234300011032],[-73.80964600043316,40.72178900011422],[-73.8095939996563,40.72164900005388],[-73.80934199976124,40.72095699984634],[-73.80990400017602,40.72089399995324],[-73.80956799971703,40.72018500024349],[-73.80915199979042,40.720299000215654],[-73.80903999963743,40.71991200028708],[-73.80860500034257,40.7184150000312],[-73.8117689997239,40.71761599990601],[-73.81183499984614,40.717873000198296],[-73.81191699986191,40.71818700024727],[-73.81211799970336,40.719062000111094],[-73.81230000017655,40.71901099975537],[-73.81252699995727,40.718948000063016],[-73.81237299997147,40.71860200009533],[-73.81272399960076,40.71850400002162],[-73.81282900008105,40.718721000234005],[-73.81320099962674,40.71861800014924],[-73.81311000028846,40.71841200018251],[-73.81348799968193,40.71830199973422],[-73.81358700031444,40.71851099988584],[-73.81396600043111,40.718406999980374],[-73.8138810000423,40.71822000004932],[-73.81507699994357,40.71788999993093],[-73.81516200033239,40.71807599992654],[-73.81553600042622,40.717972000022336],[-73.81545699988519,40.717786999922176],[-73.81580800041277,40.717689000010424],[-73.81588500040566,40.71787600007134],[-73.81627700004285,40.71776700028539],[-73.81620699972265,40.717590999954425],[-73.81690600040477,40.717399999687686],[-73.81702500023047,40.71764200003629],[-73.81706600023834,40.717716999805376],[-73.81718599988893,40.71766199971066],[-73.81676300028964,40.716822000044594],[-73.8182179997587,40.71638999988269],[-73.81834499998031,40.71648799966403],[-73.81844200006469,40.71655100032273],[-73.81861500031705,40.716644999735635],[-73.81874400018849,40.71670100019201],[-73.81889499980123,40.71675800012183],[-73.81899500025864,40.716817999923556],[-73.81904600031227,40.716858999961204],[-73.81930499988005,40.71713600028483],[-73.82005399989256,40.71680999968077],[-73.8203230004044,40.716660000057054],[-73.82056699990358,40.71667499969416],[-73.8207240002624,40.71670500032004],[-73.82083399986728,40.716725999796935],[-73.82098600020322,40.71675399999698],[-73.82113199979308,40.716772000216565],[-73.8212799999311,40.716782999705366],[-73.82142800006909,40.71678699982849],[-73.8215760002071,40.71678500010737],[-73.82172299962188,40.71677600034042],[-73.82186999993498,40.71675999984376],[-73.82189199967628,40.716759000323215],[-73.82215600016524,40.71673200032716],[-73.82227699964076,40.71670999996916],[-73.8224830004034,40.716672999969745],[-73.82280399989546,40.716607999700095],[-73.82297299994985,40.71656400025668],[-73.82307400023218,40.71653700018146],[-73.82337700018091,40.71644100020372],[-73.82358800006807,40.71636999982616],[-73.8239699996595,40.71625299998819],[-73.82428400037716,40.71618300030106],[-73.82455899983846,40.71614400026832],[-73.82471299982429,40.71613299999313],[-73.82478200031954,40.71612800030068],[-73.82484699971856,40.71612400013795],[-73.82512799992595,40.716134999733825],[-73.82524699975164,40.716140000106556],[-73.82528500028478,40.71614100031725],[-73.82556700031711,40.71615099969978],[-73.82568899961751,40.71607300025491],[-73.82570500040936,40.7160630001798],[-73.82573600037149,40.71612199971607],[-73.82574499969401,40.71616000023215],[-73.82597099964983,40.7161720000322],[-73.82606100006151,40.716176000192085],[-73.82647799981301,40.71619800004566],[-73.82650399975229,40.71631399977224],[-73.82656999987455,40.716624000233224],[-73.82654599958508,40.71708099971008],[-73.82653600043766,40.71725199973877],[-73.82652700021683,40.717386999917],[-73.82650399975229,40.717717999992395],[-73.8264190002618,40.718293000172345],[-73.82629000039037,40.719286000329646],[-73.82628000034462,40.719624999719166],[-73.82629500041324,40.719961000326784],[-73.82633600042112,40.72025099989286],[-73.82640699966791,40.720510999979155],[-73.82657700044554,40.720951999835414],[-73.82676700041635,40.7212900001388],[-73.82700300041789,40.721682000182184],[-73.82742900039024,40.722345999781915],[-73.8277509997072,40.722864000054344],[-73.82783199989807,40.72296699969637],[-73.82787299990596,40.72301999995901],[-73.8281299998239,40.72335799997316],[-73.82849899989483,40.72373700019948],[-73.82866700012431,40.723887000215676],[-73.82880400039168,40.72401100021891],[-73.82899900038534,40.72418599982495],[-73.82917000008956,40.724323999819944],[-73.82940500026622,40.724508000049006],[-73.82971300023779,40.72472900007721],[-73.82980399957606,40.724789000183065],[-73.83041700004448,40.72519200018452],[-73.83068900003103,40.72536700008914],[-73.83096199984251,40.72554200021433],[-73.83124600042296,40.7257379999172],[-73.83155400039453,40.72597300014771],[-73.83174500019024,40.72614000023876],[-73.83192799959004,40.72632100003945],[-73.83209599981953,40.726505000193626],[-73.83224499978245,40.726687999786876],[-73.83238200004979,40.726876999854106],[-73.8325100000963,40.72707399975635],[-73.83290299955837,40.72782100027291],[-73.8329319998707,40.72787700017705],[-73.83396799993842,40.72986099992],[-73.8341079996805,40.730127999910586],[-73.83417200015292,40.73025399985533],[-73.83451199991153,40.73091899969544],[-73.83473500039261,40.73135600009497],[-73.83483699960155,40.73155700026846],[-73.83504599983893,40.73196499999291],[-73.83520499984758,40.73226699997288],[-73.83563099981994,40.73307300022306],[-73.83599499986799,40.73378599992408],[-73.83618900003677,40.7342070001666],[-73.83626600002967,40.73440699995962],[-73.83633700017475,40.73462699985433],[-73.83640800031988,40.734873999837724],[-73.83645600000047,40.73511500003166],[-73.8364869999626,40.735314999817874],[-73.8365780001992,40.73644400013793],[-73.83658800024493,40.736567999886184],[-73.83661300035929,40.73699500028657],[-73.83670299987267,40.73773800015159],[-73.8367260003372,40.73788700003524],[-73.83681599985057,40.7384740000802],[-73.83684000014001,40.73860800022114],[-73.83687299975198,40.73879400017266],[-73.83689399966838,40.73892900021794],[-73.83701300039237,40.73931699968995],[-73.83718999994439,40.739900999806984],[-73.83724500019596,40.74008099976038],[-73.8373039997472,40.74027599967074],[-73.83747100015178,40.74083699982694],[-73.83753999974876,40.741021999834665],[-73.83764299968092,40.741297999813234],[-73.83754099957368,40.74149700023885],[-73.83766799979526,40.74197599994384],[-73.83769600028269,40.742367999966255],[-73.83769399973454,40.743234999963704],[-73.83745600008315,40.74327699986501]]]]}},{"type":"Feature","properties":{"zip":"11371","income":0},"geometry":{"type":"MultiPolygon","coordinates":[[[[-73.88779800003363,40.77371100018141],[-73.88767900020794,40.7738190001302],[-73.88580799991396,40.774021999911696],[-73.88583399985322,40.77410900030846],[-73.88568300024049,40.77412499993895],[-73.88571199965449,40.77432200004831],[-73.88565099955512,40.77432500009727],[-73.88566999982169,40.774432999728276],[-73.88562700016399,40.774437999801414],[-73.88560200004964,40.77430499976833],[-73.88566099960086,40.77426999985866],[-73.88563200018685,40.77409700007286],[-73.88578699999755,40.774080999755355],[-73.88578500034775,40.77402499997419],[-73.88431599973666,40.77418399969113],[-73.88408300010816,40.77410400021056],[-73.88391599970358,40.77413300009294],[-73.8839319995971,40.774184999709526],[-73.88410800022253,40.77416700005614],[-73.8845519997382,40.774360999993796],[-73.88465999969323,40.77447999972075],[-73.88479199993772,40.77480700007963],[-73.88484100034152,40.77498600009578],[-73.88485499968692,40.77510200005011],[-73.88483499959543,40.775220999810415],[-73.88477400039437,40.775332000029245],[-73.88467499976184,40.7753970000713],[-73.88460199996692,40.7754210000707],[-73.88454900026348,40.775428000068906],[-73.88445499965383,40.7754650000472],[-73.88442000039205,40.77545600005438],[-73.88433199963019,40.77548300002914],[-73.8844100003463,40.77554899992132],[-73.88475699977762,40.777254000259916],[-73.88482299989985,40.77751200007064],[-73.88493199967981,40.777905000063434],[-73.88505499970346,40.77840499979197],[-73.885114000153,40.77847599995164],[-73.88520000036671,40.77851400022625],[-73.88523899982648,40.778559000147496],[-73.88524999969711,40.77861300028475],[-73.88521899973499,40.77866099999208],[-73.88508300019086,40.77867100018177],[-73.88505300005363,40.77877499975308],[-73.88512400019873,40.77906100028532],[-73.88508400001577,40.77935299991037],[-73.88497799971057,40.77974400002592],[-73.88493500005283,40.77993700007135],[-73.88488099962618,40.77998700004454],[-73.88478199989197,40.78003799991036],[-73.88444999963096,40.78015499981474],[-73.88385200012948,40.78026400009839],[-73.88325299990476,40.78026500002531],[-73.88324000038428,40.7803260002985],[-73.88290499975022,40.780348999952075],[-73.88287899981094,40.780236000098796],[-73.88281699988667,40.7802209998269],[-73.88274400009173,40.78022299968193],[-73.88264000033466,40.780285999846875],[-73.88231800011938,40.780360999738605],[-73.88215900011073,40.78036799989653],[-73.88211899992777,40.78039599984046],[-73.88208299994275,40.78045099976894],[-73.88202600004134,40.78048499989986],[-73.88187200005554,40.78049800026538],[-73.88168399973458,40.780500000112085],[-73.8815590000611,40.78054699989367],[-73.88139099983162,40.78060199969708],[-73.88121900030248,40.78061099967296],[-73.88096099966131,40.78058600026604],[-73.88087000032301,40.78057299991775],[-73.8807499997741,40.780573999839994],[-73.88038800027418,40.780618999726066],[-73.88018900008255,40.78063499982941],[-73.88002199967796,40.78064499972197],[-73.87990600022532,40.780639000194746],[-73.87973499962278,40.78065500029326],[-73.87958599965987,40.78069800028378],[-73.87960400010154,40.78077899990567],[-73.87960699957627,40.78085000024878],[-73.8794750002301,40.78085699967491],[-73.87947299968197,40.78070299988539],[-73.87935800005425,40.78065700013526],[-73.87930399962757,40.78075900015937],[-73.87920499989336,40.78076700019467],[-73.87913399974825,40.78067799983293],[-73.8789250004092,40.78067400015016],[-73.87870600012607,40.780586000266034],[-73.87905099990759,40.78173099977332],[-73.87930899965045,40.78185400019493],[-73.87833899970495,40.78302599992013],[-73.87514500018641,40.78151600016505],[-73.87484499971244,40.78168500005483],[-73.87124899961265,40.78603799974831],[-73.8697809997248,40.7853379999344],[-73.86923500010184,40.78596999971294],[-73.86918099967518,40.78594299991966],[-73.86969299986126,40.78529600007819],[-73.86987000031158,40.78508599971882],[-73.8694629997075,40.78372299999152],[-73.86866400036455,40.78378399980974],[-73.86942300042283,40.78359100005936],[-73.87048000040694,40.78230599968802],[-73.8714629998729,40.782125999770855],[-73.87255699966693,40.78082099989741],[-73.87238599996272,40.78074100024652],[-73.87218000009838,40.78052600015457],[-73.87118599986347,40.78000199968904],[-73.87017499991009,40.77952099992365],[-73.86825500011064,40.77851300027297],[-73.86792600022265,40.77839400028734],[-73.86632899956507,40.777641999906685],[-73.86615200001306,40.77759100024201],[-73.8657610002008,40.77735800000886],[-73.86513199983887,40.77696600015781],[-73.8647109998894,40.77673299977329],[-73.86215900025324,40.775514999985106],[-73.86105600023839,40.77498100006388],[-73.85921099988366,40.774087999894746],[-73.85911799999724,40.77413000003535],[-73.85902500011083,40.77413400011211],[-73.85892800002644,40.774095000033384],[-73.8589029999121,40.77400900031964],[-73.8589380000722,40.77395599986314],[-73.85863400029858,40.77380899989036],[-73.85840099977176,40.77372099975567],[-73.85796200027893,40.773489000264284],[-73.85773600032311,40.77338499990087],[-73.85723400018279,40.77318400028095],[-73.8569110001426,40.77305800002638],[-73.85657700023178,40.77290299980652],[-73.85593799982408,40.77263700013149],[-73.85551100002682,40.772438999743436],[-73.85505099971928,40.77219499995845],[-73.85504800024455,40.7721140000743],[-73.85504800024455,40.772037000294475],[-73.85505499991724,40.771924999960625],[-73.85506800033603,40.771869999776136],[-73.85508599987938,40.77183099972911],[-73.85511500019169,40.771813000118286],[-73.85518100031393,40.77178399990359],[-73.85565900016482,40.77115099978215],[-73.85642099969785,40.77034699987472],[-73.85645800040606,40.770320999930256],[-73.85652399963001,40.770291999744714],[-73.85657100038397,40.77028200033463],[-73.85664500000382,40.77028100025751],[-73.85669400040763,40.77028599996279],[-73.85676499965442,40.770307000217606],[-73.85723199963465,40.7705289998814],[-73.8572900002593,40.77055100013255],[-73.85733700011495,40.77056399972093],[-73.85736300005422,40.7705890001781],[-73.85743099982629,40.77055599981752],[-73.8574600001386,40.77052899988141],[-73.85747199983417,40.77049099980161],[-73.85747799968195,40.77044499978328],[-73.85748400042804,40.77042400025241],[-73.85752999956047,40.770386000112474],[-73.85754999965198,40.7703809997344],[-73.85759800023087,40.77037700011201],[-73.85765400030735,40.7703809997344],[-73.85777599960778,40.77040500018516],[-73.85783599988223,40.770432000171624],[-73.85787900043826,40.7704430003142],[-73.85790399965431,40.77043799994039],[-73.8581079998688,40.77033300016754],[-73.8581210002876,40.770336999792605],[-73.85818700040983,40.770344999722376],[-73.8582049999532,40.77032300008336],[-73.8579870003933,40.77017400007907],[-73.85773600032311,40.77000299999569],[-73.85745000009285,40.769809000259485],[-73.8569239996631,40.769512999830134],[-73.85669100003457,40.769386000007046],[-73.8562130001837,40.76919600020422],[-73.85614899971128,40.76907900004817],[-73.8561500004345,40.76898700006579],[-73.85624599979565,40.76888599975353],[-73.8563129997428,40.76887800032847],[-73.85647799959925,40.76890500025512],[-73.85663599978298,40.76894000026962],[-73.85681800025618,40.769039000308126],[-73.85704800040995,40.769139999707505],[-73.85710299976323,40.76909300001958],[-73.85716200021278,40.768990999771866],[-73.85724000003059,40.768882000041145],[-73.85731299982551,40.76876399991259],[-73.8576779996985,40.76827599966976],[-73.85797599962432,40.768114999882556],[-73.85805299961721,40.76809099996538],[-73.85819699955725,40.76794299983102],[-73.85832799997682,40.76782399996195],[-73.85843500010695,40.76770499987989],[-73.85859499994052,40.76748499986443],[-73.85877400004065,40.76734999995822],[-73.85892100035375,40.76727400022303],[-73.8593749999152,40.76707500005694],[-73.85963799968093,40.76702800026919],[-73.85983000019986,40.767032000093224],[-73.8599669995689,40.76696700003192],[-73.86016800030866,40.76694200025307],[-73.86033599963984,40.766958999695525],[-73.86055499992297,40.76700000013379],[-73.86069700021318,40.7670110001641],[-73.86077500003098,40.766995000181275],[-73.86085500039694,40.76693200033894],[-73.86092900001677,40.76694200025307],[-73.86098900029124,40.76701399986281],[-73.86100799965949,40.76705900008951],[-73.8610009999868,40.76716599984104],[-73.86103299977385,40.76725700018084],[-73.86110300009403,40.76727199997816],[-73.86119000013271,40.76720700015161],[-73.86123000031566,40.76704800006718],[-73.86131399998125,40.766941000125655],[-73.86143299980694,40.76691500020923],[-73.86169200027301,40.76691699978447],[-73.86181500029667,40.766937000296195],[-73.86202100016098,40.76691299995357],[-73.86205299994803,40.76691299995357],[-73.86212999994093,40.766910999697856],[-73.86222500037549,40.76689499969094],[-73.86219400041334,40.76684500006971],[-73.86227999972876,40.76678700005368],[-73.86243500043778,40.76688900028264],[-73.86260199994406,40.76689400024316],[-73.86268899998267,40.76687599997537],[-73.86275500010491,40.76676499991709],[-73.86224000044409,40.76628300010639],[-73.86215800042834,40.76619199979355],[-73.86217299959863,40.76603900016808],[-73.8620150003132,40.76589100022626],[-73.86176900026591,40.765593999886576],[-73.86153800028723,40.765342999760506],[-73.86123699998834,40.76496099999106],[-73.86043299972422,40.763869000310244],[-73.86057599983937,40.76382900015573],[-73.8609370004127,40.76372899966419],[-73.86165899976274,40.76460199972925],[-73.86170700034164,40.764660000291414],[-73.8627259997926,40.76589299983231],[-73.86280199996058,40.76597100007022],[-73.86312300035095,40.7663019999915],[-73.86343700017031,40.766621000080114],[-73.86404100041788,40.767208000275026],[-73.86424800010711,40.76740900028354],[-73.8646480001402,40.767767000235104],[-73.86476500031607,40.76787199998052],[-73.86483999976082,40.76793799994939],[-73.86538299990903,40.76837600012299],[-73.86598299995866,40.768859999917765],[-73.86664699958239,40.7693290002593],[-73.86683499990335,40.76946699981505],[-73.86720899999716,40.76973299993485],[-73.86800200039065,40.7702550002872],[-73.86838700035511,40.77047700012475],[-73.86883099987081,40.77073300026081],[-73.86956900001269,40.771086999732916],[-73.870111000336,40.77129800019318],[-73.87026100012382,40.77135699973448],[-73.87070399981461,40.771491000285366],[-73.8712860003209,40.77164400028435],[-73.87184600018755,40.77174200032094],[-73.87206000044779,40.77176700033487],[-73.872596000025,40.77183099972909],[-73.8729910000352,40.77185500033638],[-73.87383200010925,40.77187099982937],[-73.8740959996999,40.77185999992329],[-73.87441000041756,40.77184799996173],[-73.87520100026289,40.77177099987366],[-73.87553500017376,40.771728000227355],[-73.87611900032984,40.77162900011327],[-73.87622800010978,40.77160500010463],[-73.87631500014842,40.77158599969476],[-73.87669599991493,40.77150200025256],[-73.8778759999227,40.77115099978215],[-73.87803300028152,40.771092000057884],[-73.87825199966633,40.771009000057376],[-73.87861900008745,40.770862999755714],[-73.87876800005039,40.770791000234354],[-73.87899599965598,40.770679999912325],[-73.8791289997254,40.77061600008982],[-73.8795179998878,40.77042699979701],[-73.87978499985151,40.770280000180314],[-73.87990600022532,40.770213999816214],[-73.88052800001626,40.769871000012294],[-73.880574000047,40.76984599996529],[-73.88143100001459,40.76936400005052],[-73.88147899969516,40.769337000310365],[-73.88203500026216,40.76903800021228],[-73.88238400024161,40.76885700030236],[-73.8831280002313,40.76850299983538],[-73.88321100007197,40.76846299974859],[-73.88368899992285,40.7682579997763],[-73.8843190001097,40.767982000119034],[-73.8846630000663,40.76785299986393],[-73.88491599978627,40.767761000225185],[-73.88520899968924,40.76765299995432],[-73.88570499998178,40.76748899966092],[-73.88622700021362,40.767326999886414],[-73.88671099991228,40.767187999844865],[-73.88680100032398,40.767160999900966],[-73.8868670004462,40.767142000261444],[-73.88773100008648,40.76691500020923],[-73.88781800012511,40.767202000214674],[-73.88817799997523,40.768428000163155],[-73.88822300018106,40.76857900020611],[-73.88825199959506,40.768658000114364],[-73.88836299992316,40.76879400018422],[-73.88846099983246,40.76885899981921],[-73.88856100028985,40.76889199966184],[-73.88863300025989,40.76890199996144],[-73.88872600014632,40.76891599997006],[-73.88903999996566,40.77091599995822],[-73.88942400010522,40.7730460002812],[-73.88907699977558,40.77357399994324],[-73.88779800003363,40.77371100018141]]]]}}]}